order_id,user_id,menu_id,quantity,price,total_amount,order_date,payment_method
1,1213,1408,3,355,1065,2024-03-12,COD
2,1998,1786,1,103,103,2025-04-28,Card
3,343,1194,3,324,972,2025-02-20,COD
4,1904,1315,4,488,1952,2024-12-30,UPI
5,1485,1271,2,205,410,2024-06-02,Card
6,1991,1723,3,142,426,2024-09-20,COD
7,1234,1516,1,268,268,2024-01-02,Card
8,1903,581,1,313,313,2024-02-20,UPI
9,1198,579,1,400,400,2025-04-13,UPI
10,560,107,4,396,1584,2024-09-12,UPI
11,1852,424,2,513,1026,2025-01-12,UPI
12,1730,715,3,521,1563,2025-05-02,Card
13,1052,464,3,426,1278,2024-06-14,Card
14,1901,1902,1,432,432,2024-10-29,COD
15,1640,274,2,529,1058,2024-10-18,UPI
16,1342,481,1,211,211,2025-04-17,UPI
17,72,105,2,151,302,2025-01-21,Card
18,846,1605,2,545,1090,2025-04-26,UPI
19,1662,1586,2,363,726,2024-07-10,COD
20,498,470,1,215,215,2024-08-03,Card
21,1774,1816,4,420,1680,2024-03-07,Card
22,1356,1334,2,594,1188,2025-02-25,UPI
23,927,1547,3,240,720,2025-01-09,Card
24,1660,823,1,128,128,2024-04-16,COD
25,1304,655,3,132,396,2024-12-18,Card
26,799,1792,4,241,964,2025-05-15,Card
27,144,986,1,188,188,2024-09-05,COD
28,1990,1992,1,570,570,2024-06-16,UPI
29,1613,355,3,288,864,2024-07-28,UPI
30,1173,1891,2,580,1160,2024-12-20,UPI
31,1487,1664,3,388,1164,2024-07-25,UPI
32,1262,1940,2,262,524,2025-03-29,COD
33,1487,1237,2,201,402,2025-01-15,COD
34,1788,999,3,139,417,2024-05-19,COD
35,359,626,4,425,1700,2024-01-18,Card
36,274,1265,4,147,588,2024-06-05,Card
37,1250,1168,1,449,449,2024-06-25,Card
38,496,224,1,215,215,2024-08-24,UPI
39,666,1252,4,399,1596,2024-11-04,UPI
40,208,1031,1,348,348,2025-01-19,COD
41,610,848,2,482,964,2024-06-10,Card
42,1295,1218,2,440,880,2024-03-26,COD
43,1645,1615,2,240,480,2024-01-25,Card
44,889,236,2,229,458,2024-01-06,COD
45,1214,83,1,210,210,2024-08-21,COD
46,882,713,2,200,400,2024-09-27,UPI
47,731,974,1,173,173,2024-07-06,UPI
48,1591,1615,4,240,960,2025-03-09,UPI
49,1445,165,3,258,774,2024-10-10,COD
50,66,1153,4,174,696,2024-03-15,COD
51,547,892,2,272,544,2024-06-16,Card
52,447,1145,1,125,125,2024-04-20,Card
53,1117,1021,2,197,394,2025-01-23,Card
54,782,1706,1,445,445,2024-04-28,COD
55,820,1816,4,420,1680,2025-02-28,Card
56,1914,810,3,193,579,2024-12-22,UPI
57,1670,433,3,596,1788,2024-01-13,COD
58,148,1981,1,148,148,2024-06-11,Card
59,1859,113,4,304,1216,2024-11-08,COD
60,1069,239,1,277,277,2024-11-26,Card
61,1377,498,4,224,896,2024-12-09,COD
62,1865,1826,3,313,939,2025-03-20,Card
63,720,532,2,341,682,2024-12-28,COD
64,1410,1094,1,204,204,2024-12-24,COD
65,1323,254,1,144,144,2024-10-13,COD
66,1575,250,1,307,307,2025-05-03,UPI
67,361,1513,3,218,654,2024-07-27,UPI
68,172,235,2,104,208,2024-11-04,UPI
69,1956,927,1,291,291,2024-04-04,UPI
70,442,439,2,384,768,2025-04-22,COD
71,6,744,1,419,419,2024-04-29,UPI
72,1734,1277,2,464,928,2024-03-26,UPI
73,487,1656,4,161,644,2024-03-15,UPI
74,1329,710,1,167,167,2024-02-06,COD
75,767,584,3,353,1059,2024-01-25,UPI
76,1648,966,1,297,297,2024-02-11,COD
77,95,1627,1,221,221,2024-09-12,UPI
78,235,1288,1,429,429,2024-01-10,UPI
79,1311,834,4,485,1940,2024-02-28,UPI
80,34,1122,1,273,273,2024-11-01,Card
81,208,1384,3,539,1617,2024-06-05,UPI
82,1551,762,1,108,108,2024-02-21,COD
83,698,689,2,261,522,2024-09-17,COD
84,845,188,3,389,1167,2024-10-01,COD
85,180,1703,4,135,540,2024-02-20,UPI
86,108,1420,1,299,299,2025-03-27,UPI
87,1311,79,2,491,982,2025-02-23,UPI
88,851,1393,3,302,906,2024-11-17,COD
89,1145,1593,2,403,806,2024-05-25,COD
90,165,1077,1,325,325,2024-11-12,Card
91,1050,630,4,425,1700,2025-01-28,Card
92,1258,557,4,406,1624,2025-04-28,Card
93,508,1726,1,338,338,2024-07-06,UPI
94,1526,349,2,165,330,2024-09-14,COD
95,310,929,2,595,1190,2024-11-14,UPI
96,1240,26,4,238,952,2024-07-12,Card
97,1053,1647,4,473,1892,2025-05-08,COD
98,1184,582,1,524,524,2025-01-07,UPI
99,4,174,2,409,818,2024-12-24,UPI
100,1433,996,2,149,298,2024-02-23,UPI
101,1731,562,1,188,188,2024-04-08,COD
102,265,1803,3,254,762,2024-03-10,Card
103,297,1100,2,443,886,2025-04-15,COD
104,216,1201,4,399,1596,2024-09-01,UPI
105,107,1639,4,354,1416,2024-04-22,COD
106,1128,1759,4,502,2008,2025-03-03,COD
107,447,1488,3,341,1023,2024-04-16,Card
108,1760,593,1,165,165,2024-11-20,COD
109,1580,1976,4,214,856,2025-04-28,COD
110,1523,352,4,174,696,2024-10-18,COD
111,1367,575,2,585,1170,2025-05-01,COD
112,556,906,4,324,1296,2025-05-01,UPI
113,1210,1277,1,464,464,2024-08-16,Card
114,877,833,4,371,1484,2025-01-26,Card
115,797,354,4,293,1172,2024-04-08,UPI
116,153,1317,4,290,1160,2024-12-09,COD
117,1073,1173,3,169,507,2024-04-29,COD
118,1458,1567,4,100,400,2025-01-22,UPI
119,583,212,1,453,453,2024-07-17,UPI
120,1887,430,4,497,1988,2024-10-11,Card
121,806,515,1,135,135,2025-04-18,UPI
122,810,202,3,577,1731,2024-08-18,COD
123,591,1714,3,153,459,2025-03-16,Card
124,1088,947,2,245,490,2024-06-26,Card
125,479,711,1,559,559,2024-05-08,COD
126,1035,1918,1,560,560,2025-01-21,Card
127,1557,1372,3,567,1701,2025-04-10,Card
128,112,79,3,491,1473,2024-10-04,Card
129,832,367,1,468,468,2024-06-20,Card
130,4,652,3,339,1017,2025-01-20,UPI
131,1051,224,4,215,860,2024-08-18,COD
132,1029,753,3,237,711,2024-05-17,Card
133,443,1031,3,348,1044,2025-02-26,UPI
134,1903,827,4,380,1520,2024-10-03,COD
135,655,976,1,405,405,2024-03-02,Card
136,1238,928,4,235,940,2024-12-27,COD
137,1283,1660,1,600,600,2024-05-12,UPI
138,444,1,4,261,1044,2024-10-04,UPI
139,146,1845,2,292,584,2024-01-14,COD
140,1143,1379,1,397,397,2024-01-03,COD
141,142,1300,4,538,2152,2024-09-07,COD
142,794,725,4,572,2288,2024-01-09,UPI
143,1951,344,1,102,102,2025-02-24,UPI
144,1202,162,2,264,528,2025-03-05,UPI
145,488,17,4,496,1984,2024-06-12,UPI
146,1858,1942,2,512,1024,2024-07-27,Card
147,1075,1367,4,420,1680,2024-04-11,Card
148,529,1694,3,146,438,2025-01-23,UPI
149,1891,340,3,472,1416,2024-01-15,Card
150,557,1833,3,484,1452,2024-02-18,COD
151,710,709,2,102,204,2025-04-06,COD
152,839,164,1,559,559,2025-02-10,UPI
153,480,1980,1,288,288,2024-04-20,Card
154,288,650,2,502,1004,2024-12-04,COD
155,72,983,2,107,214,2024-11-06,COD
156,218,495,1,572,572,2024-09-20,COD
157,1426,553,1,525,525,2024-02-10,Card
158,77,1049,4,351,1404,2025-05-10,UPI
159,1774,1849,4,598,2392,2024-07-26,Card
160,1197,718,4,227,908,2024-07-10,COD
161,649,957,3,212,636,2024-09-19,UPI
162,1610,1945,2,417,834,2025-05-12,UPI
163,867,279,1,569,569,2024-04-12,COD
164,814,1972,4,423,1692,2024-12-21,COD
165,581,1034,4,303,1212,2024-01-26,Card
166,370,1166,2,588,1176,2024-10-28,Card
167,770,560,4,111,444,2025-03-27,COD
168,1620,308,4,570,2280,2024-05-04,UPI
169,1520,1448,3,366,1098,2024-10-24,COD
170,417,501,4,300,1200,2024-12-21,UPI
171,977,1925,3,230,690,2024-03-10,COD
172,1561,1400,2,543,1086,2024-06-23,Card
173,1938,530,1,295,295,2024-01-14,COD
174,152,493,4,421,1684,2024-10-22,COD
175,380,1058,1,286,286,2025-02-24,COD
176,407,1330,2,439,878,2024-05-02,COD
177,704,890,3,192,576,2024-01-28,COD
178,1317,11,4,403,1612,2024-06-22,COD
179,677,331,2,583,1166,2025-02-20,Card
180,13,804,1,228,228,2024-05-25,COD
181,889,29,3,532,1596,2024-03-15,COD
182,273,1284,4,126,504,2024-01-01,Card
183,994,1276,2,573,1146,2024-04-13,COD
184,244,645,4,171,684,2024-08-11,UPI
185,646,725,2,572,1144,2025-03-04,UPI
186,445,1280,4,117,468,2025-03-30,UPI
187,1656,1806,4,146,584,2024-10-09,UPI
188,1031,789,4,427,1708,2024-08-08,Card
189,983,1917,2,494,988,2024-11-10,Card
190,1169,507,1,529,529,2024-01-14,Card
191,713,466,3,171,513,2024-11-20,Card
192,1712,644,2,379,758,2024-06-25,UPI
193,396,1216,2,561,1122,2024-09-08,UPI
194,349,292,2,524,1048,2024-09-30,UPI
195,1542,781,3,588,1764,2024-06-22,Card
196,1617,1135,3,196,588,2024-07-02,COD
197,1640,1949,2,181,362,2024-08-28,Card
198,1786,950,2,159,318,2024-09-21,UPI
199,1879,1385,2,185,370,2024-04-11,UPI
200,1239,1192,2,201,402,2024-03-05,Card
201,841,929,4,595,2380,2024-08-27,UPI
202,1350,386,1,323,323,2024-08-21,Card
203,1023,414,4,586,2344,2024-11-17,UPI
204,1171,351,4,343,1372,2024-06-02,UPI
205,774,1541,3,401,1203,2025-04-10,UPI
206,350,900,3,227,681,2024-12-16,Card
207,39,983,4,107,428,2024-05-30,Card
208,1097,990,3,530,1590,2024-02-17,UPI
209,987,1672,2,200,400,2024-08-22,COD
210,873,393,3,220,660,2024-05-23,COD
211,1415,280,3,308,924,2024-07-15,Card
212,19,1778,1,252,252,2024-08-14,COD
213,1509,1465,4,418,1672,2025-03-24,Card
214,1484,1839,4,459,1836,2024-05-25,Card
215,613,235,1,104,104,2024-12-22,UPI
216,46,290,1,414,414,2024-05-14,UPI
217,84,1007,4,208,832,2024-10-26,Card
218,1716,651,4,407,1628,2024-09-15,UPI
219,310,1228,1,384,384,2024-08-03,COD
220,700,1036,4,497,1988,2024-12-09,COD
221,473,484,2,436,872,2025-05-12,UPI
222,1000,390,3,319,957,2024-01-20,UPI
223,165,363,1,116,116,2024-08-09,Card
224,1421,84,4,485,1940,2024-11-09,UPI
225,1845,400,4,152,608,2025-02-28,COD
226,52,1050,3,203,609,2024-12-13,COD
227,1231,1934,2,197,394,2025-03-21,UPI
228,1633,673,1,152,152,2025-03-09,Card
229,864,431,2,492,984,2024-08-27,UPI
230,1993,1580,2,318,636,2025-03-20,UPI
231,1114,332,4,393,1572,2024-07-01,UPI
232,491,1368,3,423,1269,2024-11-12,Card
233,881,918,1,441,441,2025-04-01,Card
234,1932,300,4,269,1076,2024-09-26,Card
235,796,1259,3,267,801,2024-06-04,COD
236,1890,879,4,163,652,2025-01-03,COD
237,1184,1316,1,501,501,2024-06-18,UPI
238,343,317,3,200,600,2025-02-21,COD
239,1359,1069,2,163,326,2024-02-14,Card
240,1019,834,1,485,485,2024-09-21,COD
241,1784,1307,4,163,652,2025-01-28,Card
242,1134,769,3,342,1026,2024-06-07,Card
243,918,970,4,244,976,2024-06-03,Card
244,975,1551,2,318,636,2024-06-17,UPI
245,1852,1352,4,456,1824,2024-06-04,UPI
246,1124,94,3,193,579,2024-07-16,COD
247,966,217,1,163,163,2024-03-04,Card
248,685,584,4,353,1412,2024-02-02,Card
249,416,1005,1,108,108,2024-02-10,Card
250,747,1744,3,224,672,2024-12-05,Card
251,1724,247,4,164,656,2025-02-13,UPI
252,1746,448,4,118,472,2025-01-05,Card
253,1872,243,3,461,1383,2024-07-02,UPI
254,230,984,2,503,1006,2024-08-11,UPI
255,92,52,1,164,164,2024-02-18,Card
256,1415,1258,1,460,460,2024-04-16,UPI
257,1625,1889,3,262,786,2024-10-21,UPI
258,1277,1052,1,388,388,2024-05-28,COD
259,1870,342,4,210,840,2024-03-09,UPI
260,1511,1511,2,534,1068,2024-04-07,Card
261,1157,932,1,476,476,2024-02-05,COD
262,264,981,3,139,417,2025-05-12,Card
263,67,536,2,482,964,2025-04-04,COD
264,1079,363,2,116,232,2024-08-25,UPI
265,1136,1735,4,437,1748,2024-12-20,Card
266,305,1176,2,403,806,2024-01-01,Card
267,1165,1382,1,546,546,2024-11-04,UPI
268,354,824,4,235,940,2024-03-14,COD
269,1925,1057,2,347,694,2025-01-08,COD
270,1771,958,2,310,620,2024-02-23,UPI
271,1122,1794,1,329,329,2024-12-05,Card
272,608,1942,1,512,512,2025-04-26,COD
273,1376,1187,3,105,315,2025-02-09,Card
274,1379,1499,3,498,1494,2025-03-15,COD
275,1075,68,3,126,378,2024-01-10,UPI
276,790,942,2,261,522,2024-12-12,COD
277,1237,777,2,425,850,2024-10-17,UPI
278,1473,1999,2,221,442,2025-01-15,COD
279,301,1000,1,305,305,2024-07-06,Card
280,842,354,4,293,1172,2025-01-24,COD
281,327,357,2,482,964,2024-08-25,COD
282,1848,238,2,467,934,2024-01-11,COD
283,530,57,3,552,1656,2024-11-23,UPI
284,643,860,3,301,903,2024-10-24,Card
285,884,1788,3,362,1086,2024-02-11,COD
286,579,971,4,316,1264,2025-01-25,COD
287,1906,1208,4,389,1556,2025-04-26,UPI
288,1850,959,3,499,1497,2024-05-31,UPI
289,1290,1095,4,295,1180,2024-02-01,UPI
290,407,1023,2,344,688,2025-02-19,COD
291,64,861,3,390,1170,2025-04-26,COD
292,358,275,3,408,1224,2024-11-22,UPI
293,485,1330,3,439,1317,2024-10-22,Card
294,1164,249,3,271,813,2024-06-21,COD
295,863,1969,1,296,296,2024-11-08,COD
296,228,1148,2,268,536,2024-03-24,COD
297,1182,805,1,354,354,2024-04-21,Card
298,503,174,2,409,818,2024-10-09,UPI
299,1729,1219,4,391,1564,2024-03-06,Card
300,1142,52,3,164,492,2024-08-04,UPI
301,273,1015,4,473,1892,2024-06-13,UPI
302,1343,936,4,369,1476,2024-05-10,UPI
303,959,752,1,109,109,2024-05-24,Card
304,1477,315,4,535,2140,2024-06-21,COD
305,1673,1021,1,197,197,2024-06-18,COD
306,771,1828,1,396,396,2024-10-02,UPI
307,1730,1039,4,216,864,2024-09-09,COD
308,305,1698,2,521,1042,2024-10-30,COD
309,1531,1603,1,190,190,2025-02-03,Card
310,239,405,2,472,944,2025-04-11,UPI
311,1406,765,3,477,1431,2025-04-02,COD
312,318,114,4,344,1376,2024-06-08,Card
313,573,854,1,575,575,2024-09-26,COD
314,42,1974,3,498,1494,2024-02-23,Card
315,122,1219,2,391,782,2024-05-18,COD
316,1718,90,1,137,137,2024-08-28,UPI
317,32,1926,2,392,784,2024-01-06,COD
318,1990,951,4,394,1576,2024-04-12,COD
319,983,1986,2,264,528,2025-01-21,Card
320,1061,93,3,423,1269,2025-04-30,COD
321,1511,316,1,132,132,2024-04-24,Card
322,1850,1982,2,242,484,2025-03-18,UPI
323,1539,1498,1,393,393,2024-10-12,Card
324,322,1926,1,392,392,2025-04-13,COD
325,301,1430,1,428,428,2025-03-11,UPI
326,1447,911,2,133,266,2024-01-11,UPI
327,822,189,3,400,1200,2025-02-08,Card
328,1701,1101,3,476,1428,2024-12-29,Card
329,1039,763,1,492,492,2024-12-20,UPI
330,1313,121,1,354,354,2024-05-15,UPI
331,1172,563,3,425,1275,2024-08-16,COD
332,1056,522,2,285,570,2024-04-09,COD
333,78,1582,2,104,208,2024-09-29,COD
334,1233,1045,4,268,1072,2024-05-08,Card
335,1106,1424,2,364,728,2024-05-24,COD
336,737,203,2,303,606,2024-05-11,UPI
337,979,860,4,301,1204,2024-11-11,Card
338,1116,735,4,559,2236,2025-01-18,COD
339,546,858,2,368,736,2024-09-27,Card
340,1184,1271,2,205,410,2024-03-27,UPI
341,1442,299,1,422,422,2024-07-06,UPI
342,423,875,1,587,587,2024-02-24,Card
343,400,977,4,304,1216,2025-04-10,Card
344,1883,357,3,482,1446,2024-07-11,COD
345,759,1909,2,122,244,2024-03-21,Card
346,239,1611,1,246,246,2024-08-04,Card
347,790,137,4,462,1848,2025-05-07,UPI
348,1088,362,1,355,355,2024-12-21,COD
349,917,132,2,117,234,2024-03-27,Card
350,559,290,2,414,828,2025-05-14,COD
351,1118,699,3,114,342,2025-01-23,COD
352,543,1833,2,484,968,2025-04-11,UPI
353,708,1453,2,515,1030,2024-03-28,UPI
354,1922,526,2,163,326,2024-03-11,UPI
355,354,1127,1,449,449,2024-09-28,COD
356,1938,919,1,505,505,2025-01-10,COD
357,593,688,2,219,438,2025-01-09,COD
358,689,372,4,451,1804,2024-11-04,Card
359,1560,421,1,570,570,2024-08-10,UPI
360,1903,735,3,559,1677,2024-01-11,COD
361,719,1171,1,477,477,2024-04-29,UPI
362,1505,1787,4,274,1096,2024-12-13,Card
363,1223,1842,1,581,581,2024-09-04,COD
364,1395,815,4,230,920,2025-03-12,COD
365,1085,1980,4,288,1152,2024-10-05,COD
366,1519,745,1,242,242,2024-05-23,Card
367,1850,1107,4,599,2396,2024-04-06,UPI
368,413,1644,3,311,933,2025-05-04,UPI
369,1755,962,3,568,1704,2024-05-31,COD
370,1601,1490,3,118,354,2024-11-24,Card
371,1385,1571,4,370,1480,2024-05-24,COD
372,1072,1179,1,598,598,2024-03-16,Card
373,1567,625,3,187,561,2024-03-06,UPI
374,1744,1669,2,206,412,2024-09-21,Card
375,1881,1128,2,504,1008,2025-03-20,UPI
376,218,1093,4,496,1984,2024-12-27,UPI
377,862,358,2,254,508,2024-06-07,UPI
378,1309,1227,3,513,1539,2024-12-24,Card
379,1553,959,1,499,499,2024-06-28,Card
380,1342,1419,2,409,818,2024-02-16,Card
381,398,1575,3,403,1209,2024-05-15,Card
382,693,424,4,513,2052,2024-04-16,COD
383,885,1592,3,357,1071,2025-02-19,Card
384,1035,243,3,461,1383,2024-01-16,Card
385,1554,517,3,244,732,2024-12-02,Card
386,1879,1312,3,401,1203,2024-09-15,UPI
387,305,1861,4,559,2236,2025-03-07,Card
388,1967,1633,1,237,237,2024-06-14,Card
389,486,1620,4,239,956,2025-03-24,UPI
390,899,1101,2,476,952,2024-04-23,COD
391,1457,1634,2,564,1128,2024-10-31,Card
392,206,1385,2,185,370,2024-04-26,COD
393,1802,1724,3,391,1173,2024-01-11,Card
394,1605,1529,4,420,1680,2024-08-15,COD
395,1840,287,4,119,476,2024-10-14,COD
396,1673,366,1,204,204,2024-07-15,Card
397,1144,984,1,503,503,2025-01-17,COD
398,111,1747,4,593,2372,2025-05-01,Card
399,170,822,2,267,534,2025-01-10,COD
400,1851,1908,2,373,746,2024-01-19,COD
401,1433,1319,2,560,1120,2024-03-24,UPI
402,365,863,3,166,498,2024-03-16,Card
403,64,1915,3,375,1125,2024-02-14,UPI
404,621,442,2,216,432,2024-06-15,COD
405,768,451,2,535,1070,2024-04-05,COD
406,601,1919,3,128,384,2024-06-07,UPI
407,198,767,3,253,759,2025-03-12,UPI
408,999,143,4,356,1424,2025-01-21,Card
409,500,366,3,204,612,2024-05-14,COD
410,1882,1557,3,163,489,2024-03-21,Card
411,1679,1376,1,148,148,2024-09-20,COD
412,1733,999,3,139,417,2024-04-01,COD
413,218,1553,4,323,1292,2025-01-06,UPI
414,455,103,4,591,2364,2025-05-14,UPI
415,1121,1286,1,270,270,2024-05-07,UPI
416,1725,1216,3,561,1683,2024-02-01,COD
417,1278,1438,3,326,978,2024-11-08,COD
418,1689,1829,2,304,608,2024-04-25,UPI
419,617,1617,4,484,1936,2024-01-26,Card
420,260,1025,1,302,302,2024-04-25,COD
421,1744,494,1,146,146,2024-06-25,COD
422,302,455,3,251,753,2025-02-10,COD
423,1850,1001,3,340,1020,2024-01-01,UPI
424,1636,1693,3,500,1500,2025-04-20,Card
425,849,1952,3,292,876,2024-11-15,UPI
426,314,424,3,513,1539,2025-03-08,COD
427,1348,1422,2,285,570,2024-08-17,Card
428,747,858,1,368,368,2024-08-13,Card
429,1271,554,1,256,256,2024-01-04,Card
430,770,203,2,303,606,2024-06-27,UPI
431,87,210,1,247,247,2024-11-25,COD
432,1543,974,1,173,173,2025-04-19,COD
433,462,933,2,175,350,2024-05-18,Card
434,198,199,1,483,483,2024-10-30,UPI
435,1146,647,2,197,394,2024-09-14,UPI
436,1905,942,4,261,1044,2024-03-17,Card
437,1794,111,4,554,2216,2024-02-26,UPI
438,210,1467,3,253,759,2025-03-28,UPI
439,791,1323,4,337,1348,2024-01-21,Card
440,1928,158,2,505,1010,2024-02-20,Card
441,368,1984,1,193,193,2024-11-18,UPI
442,1067,112,2,200,400,2024-06-25,UPI
443,1188,893,4,525,2100,2024-04-27,COD
444,1314,130,1,424,424,2024-06-08,UPI
445,1637,1303,3,561,1683,2024-02-10,UPI
446,1611,1505,4,126,504,2024-06-27,Card
447,1943,1175,3,537,1611,2024-12-23,Card
448,1192,989,3,496,1488,2025-04-27,COD
449,169,1360,3,415,1245,2024-06-12,COD
450,1657,1286,4,270,1080,2024-02-02,COD
451,25,366,1,204,204,2024-02-09,UPI
452,804,918,3,441,1323,2025-03-20,UPI
453,211,1620,2,239,478,2024-03-14,COD
454,1311,92,3,505,1515,2025-05-08,UPI
455,1950,1422,4,285,1140,2024-02-29,Card
456,657,118,3,107,321,2025-04-29,COD
457,234,400,2,152,304,2024-01-20,Card
458,516,1394,4,289,1156,2024-11-04,UPI
459,1152,262,3,183,549,2024-10-19,UPI
460,1062,730,3,165,495,2024-02-07,Card
461,1913,373,4,596,2384,2025-04-12,Card
462,572,1988,3,494,1482,2024-11-30,Card
463,430,1445,1,517,517,2024-06-29,Card
464,1417,1704,3,153,459,2024-05-24,COD
465,271,615,1,547,547,2024-08-01,UPI
466,1498,1801,1,392,392,2024-11-30,COD
467,917,1841,4,196,784,2025-04-11,UPI
468,1908,1901,3,235,705,2024-09-17,Card
469,1967,1538,4,131,524,2024-04-11,Card
470,1966,968,1,558,558,2024-03-10,UPI
471,1124,490,3,291,873,2024-11-24,Card
472,272,1703,1,135,135,2024-09-15,UPI
473,1854,1753,2,515,1030,2024-10-14,Card
474,1668,57,2,552,1104,2024-03-07,COD
475,1602,1707,1,312,312,2025-02-14,Card
476,437,658,4,269,1076,2024-06-21,COD
477,1887,978,1,365,365,2024-10-24,COD
478,1552,1599,2,600,1200,2024-05-04,Card
479,149,1711,3,328,984,2025-01-07,COD
480,1645,1605,2,545,1090,2025-04-07,Card
481,126,622,4,281,1124,2024-02-24,Card
482,1671,1808,1,149,149,2024-09-21,COD
483,1932,1224,3,456,1368,2024-10-06,COD
484,33,574,1,351,351,2024-05-23,UPI
485,771,1872,4,347,1388,2024-08-09,UPI
486,750,469,1,274,274,2024-01-14,UPI
487,643,416,2,438,876,2024-11-06,UPI
488,1962,923,3,181,543,2024-06-02,COD
489,895,743,4,227,908,2024-01-05,COD
490,875,1118,1,369,369,2024-02-26,COD
491,1383,769,4,342,1368,2024-08-25,COD
492,1979,43,1,262,262,2024-01-25,COD
493,1030,1394,3,289,867,2024-03-15,COD
494,670,362,4,355,1420,2025-01-16,UPI
495,1129,700,2,503,1006,2024-03-03,COD
496,1834,275,2,408,816,2025-04-18,Card
497,377,148,4,577,2308,2024-07-18,COD
498,710,1292,3,508,1524,2024-06-04,COD
499,1891,1297,3,542,1626,2024-08-20,UPI
500,1577,1292,2,508,1016,2025-04-19,COD
501,1791,516,3,529,1587,2024-06-12,Card
502,1105,552,1,504,504,2025-03-22,COD
503,484,117,1,499,499,2024-01-28,Card
504,1924,797,3,369,1107,2025-03-13,UPI
505,1443,588,4,338,1352,2024-08-06,Card
506,976,1035,4,496,1984,2024-09-10,COD
507,215,1005,2,108,216,2024-11-17,UPI
508,1391,1058,3,286,858,2024-05-11,UPI
509,824,522,1,285,285,2024-11-21,COD
510,809,1586,4,363,1452,2024-05-08,Card
511,1805,1751,4,476,1904,2024-05-20,COD
512,1577,411,3,427,1281,2025-01-11,Card
513,732,156,2,185,370,2024-12-10,Card
514,652,49,3,110,330,2024-12-12,Card
515,632,1391,4,439,1756,2024-02-16,UPI
516,1066,1982,3,242,726,2024-08-26,COD
517,997,1182,4,162,648,2024-09-21,COD
518,1317,1689,1,288,288,2025-02-06,COD
519,41,1200,2,263,526,2024-11-16,UPI
520,1062,403,3,468,1404,2025-03-19,UPI
521,113,1972,2,423,846,2024-12-02,Card
522,348,367,3,468,1404,2024-01-16,COD
523,1595,1765,2,148,296,2025-01-07,Card
524,1374,110,2,200,400,2024-01-02,COD
525,586,191,1,486,486,2024-11-07,Card
526,1434,1882,2,377,754,2024-08-23,UPI
527,1512,899,4,507,2028,2024-02-22,UPI
528,1720,134,1,290,290,2024-01-10,COD
529,616,158,3,505,1515,2024-11-12,Card
530,1928,1213,1,160,160,2024-06-23,COD
531,1642,551,4,515,2060,2024-09-24,COD
532,649,252,1,537,537,2024-01-22,UPI
533,1987,995,4,409,1636,2025-01-14,UPI
534,790,1171,4,477,1908,2024-07-07,UPI
535,1623,1032,3,179,537,2024-05-08,COD
536,1574,1917,2,494,988,2025-02-19,Card
537,1215,1318,2,469,938,2024-11-12,COD
538,1478,1028,2,504,1008,2024-05-31,COD
539,20,1496,3,171,513,2024-04-29,COD
540,1591,249,4,271,1084,2024-08-09,UPI
541,491,743,2,227,454,2024-08-19,Card
542,1161,303,4,113,452,2024-07-19,Card
543,1253,1326,1,550,550,2024-08-01,UPI
544,1038,191,4,486,1944,2024-06-26,COD
545,1596,1899,1,186,186,2024-07-22,COD
546,1368,1072,2,191,382,2024-04-27,COD
547,1111,146,3,271,813,2024-09-29,COD
548,182,1733,1,250,250,2025-01-18,COD
549,1739,1583,4,358,1432,2024-11-06,COD
550,1694,1102,3,217,651,2024-07-11,COD
551,1611,1729,4,420,1680,2025-01-19,COD
552,187,1753,2,515,1030,2025-01-21,COD
553,1915,685,1,300,300,2024-12-10,Card
554,1077,273,3,554,1662,2025-02-13,COD
555,1577,1706,2,445,890,2024-12-06,COD
556,1191,1952,2,292,584,2024-12-10,COD
557,1667,1482,2,335,670,2024-11-16,UPI
558,1514,1549,2,200,400,2024-11-12,Card
559,1477,1719,4,276,1104,2024-05-06,COD
560,11,706,3,135,405,2024-03-10,Card
561,467,181,2,168,336,2024-08-13,Card
562,970,1787,2,274,548,2024-08-05,Card
563,580,837,4,434,1736,2024-02-29,Card
564,1654,508,1,567,567,2025-04-12,UPI
565,1767,1820,4,351,1404,2024-05-19,Card
566,1576,1859,4,208,832,2024-12-26,UPI
567,454,358,2,254,508,2024-11-18,UPI
568,965,1390,4,567,2268,2024-11-11,UPI
569,153,1425,4,430,1720,2024-06-03,COD
570,229,866,4,199,796,2024-01-13,Card
571,1967,1492,3,110,330,2024-04-27,Card
572,28,272,4,451,1804,2024-11-13,UPI
573,1748,1572,3,282,846,2025-02-19,COD
574,1812,866,3,199,597,2024-06-29,UPI
575,1624,158,3,505,1515,2025-01-21,UPI
576,115,76,2,377,754,2024-05-28,COD
577,1755,332,2,393,786,2024-04-13,UPI
578,1854,1542,4,506,2024,2025-04-14,Card
579,684,1375,4,366,1464,2024-02-06,COD
580,1885,1344,4,306,1224,2024-07-01,UPI
581,301,1490,1,118,118,2024-04-28,Card
582,1297,934,4,517,2068,2024-06-27,COD
583,451,1045,2,268,536,2024-04-01,UPI
584,552,603,2,588,1176,2024-04-26,COD
585,975,319,2,576,1152,2024-06-28,UPI
586,1296,1213,3,160,480,2024-11-04,Card
587,588,315,1,535,535,2024-05-18,Card
588,604,1660,2,600,1200,2024-02-18,COD
589,1165,684,2,347,694,2024-02-12,COD
590,1566,1780,3,239,717,2024-11-12,Card
591,565,1519,4,198,792,2024-06-18,Card
592,860,915,1,478,478,2024-01-19,COD
593,1508,615,1,547,547,2024-07-15,COD
594,872,281,3,508,1524,2024-12-29,UPI
595,1321,864,4,242,968,2024-12-11,Card
596,1989,256,4,125,500,2024-02-23,COD
597,137,1174,4,545,2180,2024-08-18,Card
598,1941,1907,2,474,948,2024-10-09,COD
599,1992,1684,3,336,1008,2025-01-18,UPI
600,560,1953,2,321,642,2024-05-29,Card
601,293,1314,3,454,1362,2024-12-19,COD
602,909,335,4,265,1060,2024-06-02,COD
603,1366,1864,3,221,663,2024-04-14,UPI
604,1399,488,1,111,111,2024-07-20,UPI
605,1003,1183,2,544,1088,2024-11-28,Card
606,627,1633,2,237,474,2024-07-07,UPI
607,1854,329,4,406,1624,2024-08-19,Card
608,260,1111,4,231,924,2024-05-30,Card
609,854,1233,4,533,2132,2025-05-03,Card
610,1860,700,2,503,1006,2024-11-06,Card
611,1608,53,3,302,906,2024-02-26,Card
612,487,1676,4,216,864,2025-03-30,COD
613,1724,29,2,532,1064,2025-04-10,Card
614,1429,1492,2,110,220,2024-06-24,UPI
615,789,1607,4,293,1172,2024-03-31,UPI
616,1428,920,2,202,404,2025-04-06,COD
617,1321,1499,4,498,1992,2024-03-01,UPI
618,179,1239,3,594,1782,2025-01-09,Card
619,1956,1169,3,478,1434,2024-10-08,Card
620,1730,880,3,229,687,2024-04-03,UPI
621,772,1016,1,321,321,2025-02-22,COD
622,1020,1783,3,254,762,2024-10-04,UPI
623,660,1407,4,434,1736,2024-02-15,COD
624,722,1297,3,542,1626,2024-12-21,UPI
625,1894,235,3,104,312,2024-09-22,UPI
626,830,276,3,431,1293,2024-06-11,COD
627,1157,1571,2,370,740,2024-10-30,UPI
628,430,754,4,221,884,2025-01-05,COD
629,194,1429,1,124,124,2025-05-07,COD
630,119,1367,4,420,1680,2024-03-29,Card
631,1026,1566,4,223,892,2024-09-24,COD
632,1792,1199,2,541,1082,2025-05-02,Card
633,1343,1714,2,153,306,2025-02-05,UPI
634,899,260,1,222,222,2024-02-09,COD
635,948,286,2,115,230,2024-10-05,UPI
636,185,375,3,502,1506,2024-05-09,COD
637,1489,1508,4,526,2104,2024-08-25,COD
638,1930,1024,1,448,448,2024-11-09,Card
639,597,665,2,306,612,2024-11-18,Card
640,522,476,4,338,1352,2025-01-06,Card
641,87,1335,4,139,556,2024-06-06,Card
642,1061,805,3,354,1062,2024-09-08,UPI
643,918,437,3,313,939,2025-01-14,Card
644,1816,1510,2,450,900,2024-03-19,UPI
645,1440,1396,2,112,224,2024-09-06,UPI
646,1669,1658,3,380,1140,2025-01-05,COD
647,1114,270,3,303,909,2024-09-21,COD
648,354,1688,3,123,369,2025-03-02,COD
649,1298,1378,4,404,1616,2024-01-13,Card
650,1944,697,3,588,1764,2025-01-19,Card
651,584,1411,3,402,1206,2024-05-26,COD
652,1055,615,1,547,547,2024-01-30,COD
653,1693,1403,1,223,223,2024-09-04,UPI
654,693,1448,4,366,1464,2024-09-15,UPI
655,732,301,4,297,1188,2025-01-27,COD
656,1432,262,1,183,183,2024-11-30,Card
657,273,1870,1,166,166,2024-03-09,UPI
658,1449,356,3,416,1248,2024-01-01,UPI
659,1191,1609,1,472,472,2024-10-07,COD
660,122,347,2,136,272,2025-05-14,COD
661,1146,1327,2,127,254,2024-11-23,Card
662,773,1606,2,563,1126,2024-06-20,UPI
663,1379,891,4,120,480,2025-01-06,COD
664,112,995,3,409,1227,2025-04-19,UPI
665,202,337,3,585,1755,2024-12-19,COD
666,1088,254,1,144,144,2024-07-26,Card
667,744,1834,1,277,277,2025-01-25,COD
668,260,356,1,416,416,2024-07-10,UPI
669,1840,367,3,468,1404,2024-02-05,COD
670,1116,1704,3,153,459,2025-04-13,Card
671,280,1792,2,241,482,2024-12-18,Card
672,1466,256,4,125,500,2024-05-03,UPI
673,811,770,2,283,566,2024-03-03,UPI
674,700,1321,1,207,207,2024-12-14,UPI
675,1288,194,3,448,1344,2024-03-07,COD
676,442,1342,4,436,1744,2025-03-31,COD
677,1708,1533,4,150,600,2025-01-28,UPI
678,1209,1930,4,276,1104,2024-07-22,Card
679,1039,948,2,174,348,2025-01-25,COD
680,446,1795,3,364,1092,2024-06-15,Card
681,1349,1437,1,138,138,2024-06-10,COD
682,1530,1742,4,237,948,2024-09-20,COD
683,1809,128,4,572,2288,2025-01-13,COD
684,1735,1723,1,142,142,2024-04-30,COD
685,422,296,1,587,587,2025-01-15,UPI
686,7,883,3,417,1251,2024-05-22,UPI
687,1982,1932,1,197,197,2024-12-12,UPI
688,1260,1744,4,224,896,2024-04-04,COD
689,520,1404,1,230,230,2024-07-27,Card
690,354,598,3,479,1437,2024-12-21,COD
691,340,1482,4,335,1340,2024-07-01,UPI
692,527,1641,2,274,548,2024-06-24,UPI
693,937,98,3,306,918,2024-06-26,Card
694,1390,404,2,203,406,2024-08-07,UPI
695,1544,1780,3,239,717,2025-03-06,Card
696,46,1623,4,348,1392,2025-04-14,COD
697,1907,1411,4,402,1608,2025-05-12,Card
698,413,1134,3,263,789,2024-03-31,Card
699,1179,632,2,310,620,2024-12-28,COD
700,866,1858,2,587,1174,2024-04-07,UPI
701,165,1320,2,463,926,2025-04-24,UPI
702,739,833,2,371,742,2025-05-07,COD
703,422,2,4,442,1768,2024-07-04,COD
704,1170,1618,1,110,110,2024-05-29,COD
705,1243,1068,2,441,882,2025-02-28,UPI
706,463,1655,1,512,512,2024-11-18,UPI
707,1630,1447,4,594,2376,2024-08-12,UPI
708,1167,685,1,300,300,2024-09-24,COD
709,632,125,4,186,744,2024-06-09,COD
710,1486,1787,3,274,822,2025-05-01,COD
711,1830,314,4,455,1820,2024-12-10,UPI
712,1580,761,3,299,897,2024-03-10,UPI
713,1097,1471,4,430,1720,2025-03-22,COD
714,969,1515,4,479,1916,2024-07-25,COD
715,366,1615,3,240,720,2025-02-14,Card
716,796,693,2,282,564,2024-07-08,UPI
717,1218,292,1,524,524,2024-02-25,COD
718,479,552,3,504,1512,2024-04-13,COD
719,1469,1502,1,489,489,2024-10-20,UPI
720,812,108,4,177,708,2025-04-13,UPI
721,921,297,3,459,1377,2024-10-02,COD
722,223,1596,2,132,264,2025-01-09,UPI
723,1813,154,1,288,288,2024-12-23,UPI
724,1955,312,1,489,489,2025-01-27,Card
725,1168,1913,1,395,395,2025-01-02,COD
726,1824,1585,3,194,582,2024-11-08,UPI
727,1390,35,1,202,202,2024-06-16,Card
728,1560,1188,2,494,988,2024-11-03,UPI
729,1020,1358,1,222,222,2025-03-30,Card
730,1586,323,3,438,1314,2024-11-29,Card
731,465,1038,1,367,367,2024-01-01,Card
732,338,1699,3,223,669,2025-04-07,UPI
733,1782,1248,1,206,206,2025-02-24,COD
734,1107,565,3,156,468,2025-03-28,Card
735,698,740,3,157,471,2025-03-26,UPI
736,596,1890,4,597,2388,2024-07-21,COD
737,402,1727,3,498,1494,2024-12-27,COD
738,133,1281,4,564,2256,2025-03-20,UPI
739,956,1345,3,534,1602,2024-02-09,COD
740,827,561,3,196,588,2024-04-15,Card
741,918,476,4,338,1352,2024-01-04,Card
742,1860,606,3,241,723,2025-02-08,UPI
743,76,434,4,149,596,2024-05-19,UPI
744,1877,1959,4,545,2180,2024-06-28,Card
745,1757,836,3,125,375,2024-09-23,COD
746,3,549,2,158,316,2024-05-21,UPI
747,1348,146,2,271,542,2024-11-30,UPI
748,1506,967,1,283,283,2024-06-03,Card
749,815,1275,3,263,789,2024-03-02,UPI
750,1207,1305,1,343,343,2024-03-19,Card
751,147,207,2,269,538,2025-04-24,COD
752,1242,1260,3,342,1026,2025-05-04,COD
753,1254,1939,1,446,446,2025-04-29,UPI
754,458,716,2,546,1092,2025-04-16,UPI
755,257,1038,1,367,367,2024-05-01,UPI
756,405,977,3,304,912,2024-07-21,Card
757,1302,1695,1,201,201,2024-06-24,COD
758,1155,3,2,230,460,2025-01-02,UPI
759,542,1071,2,342,684,2024-02-16,COD
760,977,250,1,307,307,2024-12-25,UPI
761,1379,828,3,474,1422,2025-03-01,Card
762,1350,1224,1,456,456,2024-02-26,UPI
763,604,56,3,289,867,2024-01-14,Card
764,324,393,2,220,440,2024-08-03,UPI
765,936,1680,4,219,876,2025-02-25,UPI
766,717,237,1,380,380,2024-11-22,UPI
767,1378,1241,2,369,738,2024-10-17,Card
768,1567,1825,4,542,2168,2024-02-11,Card
769,654,1927,3,573,1719,2024-02-13,UPI
770,554,1790,2,156,312,2024-10-01,Card
771,549,535,1,294,294,2024-03-18,Card
772,274,471,4,235,940,2024-11-22,Card
773,1460,1204,1,375,375,2024-05-07,Card
774,968,1844,4,490,1960,2024-12-16,COD
775,501,1831,1,542,542,2024-05-07,COD
776,1194,836,4,125,500,2024-06-22,COD
777,93,210,1,247,247,2024-01-02,Card
778,797,1702,1,344,344,2024-07-03,UPI
779,839,1995,1,462,462,2024-09-14,Card
780,1262,1713,2,183,366,2025-01-02,UPI
781,1417,1366,1,239,239,2024-02-18,COD
782,1114,1235,3,218,654,2024-07-05,UPI
783,984,597,3,516,1548,2025-04-05,COD
784,1947,37,4,106,424,2024-01-12,UPI
785,4,128,1,572,572,2025-02-27,COD
786,1213,1395,3,260,780,2024-05-07,UPI
787,1506,1195,1,106,106,2024-08-03,COD
788,88,1046,3,172,516,2025-01-01,Card
789,1226,1121,2,448,896,2024-01-11,COD
790,799,1124,4,252,1008,2024-02-24,COD
791,1911,1642,1,114,114,2024-12-15,COD
792,1404,1220,4,276,1104,2024-07-07,COD
793,43,403,3,468,1404,2024-08-13,UPI
794,1563,262,4,183,732,2024-10-24,Card
795,799,199,3,483,1449,2024-01-11,COD
796,1833,413,1,294,294,2024-06-05,UPI
797,898,307,1,109,109,2024-10-12,COD
798,1363,1679,4,572,2288,2025-02-21,COD
799,184,327,4,424,1696,2025-02-01,COD
800,1543,1098,4,291,1164,2024-12-24,COD
801,601,488,3,111,333,2024-03-28,Card
802,619,1442,2,227,454,2025-03-02,UPI
803,1787,1700,3,486,1458,2024-02-04,Card
804,604,233,4,166,664,2024-08-11,UPI
805,1600,510,2,374,748,2025-04-05,Card
806,456,683,4,336,1344,2024-11-04,Card
807,1227,997,2,247,494,2025-01-26,UPI
808,263,1887,3,419,1257,2024-01-08,UPI
809,421,1181,1,119,119,2024-02-22,COD
810,1344,1374,2,497,994,2024-01-17,Card
811,1573,684,3,347,1041,2025-05-12,UPI
812,1905,59,2,468,936,2025-04-28,COD
813,761,699,4,114,456,2024-10-22,COD
814,705,216,1,302,302,2024-02-19,Card
815,859,1495,1,572,572,2024-04-10,Card
816,187,1109,4,252,1008,2024-08-10,UPI
817,1292,422,1,429,429,2024-05-10,UPI
818,1369,1188,2,494,988,2024-01-25,UPI
819,1461,453,1,396,396,2025-04-04,COD
820,394,1720,3,398,1194,2024-12-29,UPI
821,588,1153,4,174,696,2024-12-15,COD
822,1829,1992,3,570,1710,2025-03-03,UPI
823,818,642,1,417,417,2024-07-07,Card
824,243,1669,1,206,206,2025-01-09,UPI
825,382,1608,2,186,372,2025-03-07,Card
826,610,1073,2,547,1094,2024-12-29,COD
827,757,302,4,108,432,2024-08-21,COD
828,1891,718,4,227,908,2024-11-16,COD
829,469,1295,3,438,1314,2025-02-17,UPI
830,642,1009,1,471,471,2024-12-19,COD
831,930,826,2,321,642,2024-08-10,COD
832,1306,690,2,313,626,2024-01-01,COD
833,1708,1487,4,188,752,2024-02-11,COD
834,1686,1595,2,246,492,2024-01-03,UPI
835,1939,1942,1,512,512,2024-03-05,UPI
836,507,384,4,511,2044,2024-11-09,Card
837,109,1383,3,437,1311,2024-01-30,UPI
838,1803,1729,3,420,1260,2025-02-19,Card
839,1033,1386,2,535,1070,2024-10-23,Card
840,1554,692,2,239,478,2024-11-27,COD
841,116,1047,1,423,423,2024-12-05,COD
842,1870,751,3,208,624,2024-08-29,Card
843,925,445,1,165,165,2024-12-04,COD
844,1222,275,2,408,816,2024-09-04,Card
845,581,1869,1,117,117,2024-09-20,UPI
846,378,749,3,553,1659,2024-03-19,COD
847,447,31,3,399,1197,2025-03-08,COD
848,814,893,3,525,1575,2024-08-17,Card
849,1830,257,4,422,1688,2024-04-12,Card
850,119,1483,3,219,657,2024-05-15,Card
851,81,1361,2,438,876,2024-07-13,Card
852,477,1104,2,472,944,2024-05-09,UPI
853,1151,1517,3,209,627,2025-04-09,UPI
854,1809,1987,1,243,243,2025-03-27,Card
855,246,311,2,209,418,2025-03-24,UPI
856,1284,1040,3,390,1170,2025-03-02,COD
857,1661,619,1,519,519,2024-09-23,UPI
858,1276,1270,2,210,420,2024-12-16,Card
859,1787,1187,1,105,105,2025-01-10,Card
860,1420,876,2,390,780,2024-04-18,UPI
861,1391,203,4,303,1212,2024-11-09,Card
862,1584,159,1,599,599,2024-09-18,UPI
863,222,76,1,377,377,2024-03-29,Card
864,1641,991,3,112,336,2024-12-12,COD
865,969,1226,3,390,1170,2024-08-06,COD
866,1243,609,1,224,224,2024-10-15,Card
867,747,1007,3,208,624,2024-04-25,COD
868,1577,653,3,233,699,2024-03-30,COD
869,1449,36,1,365,365,2025-04-23,Card
870,743,553,4,525,2100,2025-02-18,Card
871,475,648,2,530,1060,2025-01-13,COD
872,1637,891,2,120,240,2024-02-18,UPI
873,1157,226,4,368,1472,2024-03-31,UPI
874,42,1345,3,534,1602,2024-04-08,UPI
875,609,130,2,424,848,2024-10-14,COD
876,122,370,3,132,396,2024-05-11,COD
877,41,1839,3,459,1377,2024-12-09,Card
878,691,743,1,227,227,2025-04-13,COD
879,1987,1633,3,237,711,2024-05-20,COD
880,1159,364,3,435,1305,2024-01-23,UPI
881,141,611,1,435,435,2025-04-07,Card
882,1792,999,3,139,417,2024-04-10,COD
883,861,413,2,294,588,2024-12-01,COD
884,1440,1914,2,104,208,2024-05-02,Card
885,1692,424,1,513,513,2025-02-22,COD
886,1406,1872,2,347,694,2025-03-03,COD
887,1221,741,2,184,368,2024-04-10,COD
888,1588,1025,2,302,604,2024-04-06,COD
889,1382,1497,1,574,574,2024-05-18,UPI
890,34,1445,3,517,1551,2024-09-27,UPI
891,1464,1976,1,214,214,2025-01-21,UPI
892,572,366,1,204,204,2024-08-05,UPI
893,1697,596,4,519,2076,2025-03-16,COD
894,638,1416,1,411,411,2025-02-12,Card
895,855,361,4,176,704,2025-02-24,COD
896,1045,571,2,598,1196,2025-04-29,UPI
897,517,1923,1,162,162,2025-01-24,Card
898,446,894,4,330,1320,2024-05-14,UPI
899,391,374,3,151,453,2024-02-14,UPI
900,384,1164,1,101,101,2024-04-28,UPI
901,1437,583,3,338,1014,2024-02-28,UPI
902,1763,642,1,417,417,2024-04-07,UPI
903,1482,727,1,357,357,2024-07-15,Card
904,549,962,2,568,1136,2024-12-26,UPI
905,1233,819,4,298,1192,2024-08-28,UPI
906,1120,403,1,468,468,2024-09-18,COD
907,571,932,2,476,952,2024-04-02,Card
908,464,241,2,195,390,2024-11-21,COD
909,1151,679,2,414,828,2024-06-07,Card
910,1708,848,4,482,1928,2024-11-26,UPI
911,1839,1747,4,593,2372,2024-12-31,UPI
912,1359,49,4,110,440,2025-03-30,UPI
913,1490,429,2,145,290,2024-12-11,UPI
914,1887,918,2,441,882,2025-01-03,COD
915,1601,1505,3,126,378,2025-02-10,Card
916,1129,1638,2,106,212,2024-09-22,UPI
917,1592,1538,3,131,393,2025-04-21,UPI
918,1566,352,1,174,174,2024-01-12,COD
919,1825,798,3,264,792,2025-02-02,UPI
920,382,608,3,294,882,2024-11-15,Card
921,1153,1903,1,572,572,2024-07-01,UPI
922,1852,1681,3,356,1068,2024-08-05,UPI
923,918,1316,3,501,1503,2024-08-24,COD
924,714,1318,4,469,1876,2024-12-18,UPI
925,1345,1326,1,550,550,2024-06-17,COD
926,1605,1154,2,343,686,2024-05-24,UPI
927,1458,261,2,231,462,2024-01-01,COD
928,1186,905,1,466,466,2025-03-02,COD
929,425,875,2,587,1174,2024-09-11,UPI
930,1240,206,3,387,1161,2025-02-19,Card
931,437,1406,4,303,1212,2024-02-09,Card
932,780,869,3,537,1611,2024-08-30,Card
933,1288,780,1,345,345,2024-06-25,UPI
934,1757,996,2,149,298,2024-07-08,UPI
935,236,772,4,543,2172,2024-11-14,UPI
936,817,1703,4,135,540,2024-04-07,COD
937,371,110,1,200,200,2025-01-17,Card
938,89,764,4,548,2192,2024-03-25,UPI
939,1295,294,2,569,1138,2024-03-19,UPI
940,788,1270,4,210,840,2024-12-22,Card
941,947,1976,3,214,642,2025-03-04,Card
942,109,972,4,502,2008,2025-02-27,Card
943,1299,773,1,412,412,2025-04-17,COD
944,145,989,3,496,1488,2024-01-22,COD
945,1446,927,1,291,291,2025-01-05,Card
946,1188,1456,2,469,938,2024-01-15,Card
947,71,1999,2,221,442,2024-12-28,Card
948,63,1766,4,430,1720,2025-03-30,Card
949,1003,604,4,367,1468,2024-09-13,Card
950,350,1774,3,333,999,2025-03-22,Card
951,822,617,1,344,344,2024-10-09,UPI
952,579,1432,4,263,1052,2024-09-19,Card
953,434,812,1,476,476,2025-03-12,Card
954,833,1191,2,567,1134,2024-12-14,COD
955,1813,1068,2,441,882,2024-03-10,Card
956,163,1872,1,347,347,2024-08-04,Card
957,1976,927,4,291,1164,2024-09-30,COD
958,173,1113,1,404,404,2024-01-03,UPI
959,424,1916,1,287,287,2024-06-16,Card
960,1141,1332,3,514,1542,2025-03-02,Card
961,1523,152,3,355,1065,2024-03-19,COD
962,1080,1879,1,374,374,2025-03-18,UPI
963,960,1104,3,472,1416,2024-06-28,COD
964,428,367,2,468,936,2024-03-17,Card
965,900,1627,1,221,221,2024-06-12,COD
966,1355,784,4,413,1652,2025-01-01,COD
967,182,901,4,259,1036,2024-08-03,COD
968,100,1549,2,200,400,2024-12-23,COD
969,1280,320,4,277,1108,2025-04-13,UPI
970,838,125,2,186,372,2025-03-13,COD
971,1203,845,4,282,1128,2025-05-03,Card
972,870,77,4,460,1840,2024-01-30,Card
973,161,1184,1,135,135,2024-10-12,COD
974,876,641,2,150,300,2024-02-18,Card
975,586,540,2,177,354,2025-04-29,UPI
976,257,1952,4,292,1168,2025-04-11,Card
977,177,1793,3,577,1731,2024-06-09,UPI
978,1520,198,1,190,190,2024-02-02,Card
979,1054,831,2,428,856,2025-03-16,COD
980,982,287,1,119,119,2025-03-17,UPI
981,1652,41,3,377,1131,2025-05-12,COD
982,786,661,4,175,700,2024-07-02,Card
983,1224,1077,3,325,975,2024-11-07,UPI
984,951,1270,4,210,840,2024-06-08,Card
985,752,477,1,108,108,2024-11-04,Card
986,1252,1408,3,355,1065,2024-02-16,UPI
987,1065,1611,2,246,492,2024-07-06,COD
988,1828,1079,3,210,630,2024-09-06,Card
989,1374,248,3,123,369,2024-01-20,COD
990,1928,1435,1,551,551,2024-04-14,Card
991,1186,771,1,436,436,2024-11-21,UPI
992,1750,964,1,485,485,2025-04-13,COD
993,1413,614,1,181,181,2024-11-08,Card
994,787,716,3,546,1638,2025-05-09,Card
995,1903,1300,4,538,2152,2024-06-25,Card
996,512,1842,2,581,1162,2024-10-12,COD
997,400,1374,2,497,994,2024-12-15,UPI
998,823,171,2,372,744,2024-04-17,COD
999,11,1526,3,600,1800,2024-11-22,UPI
1000,937,1126,3,582,1746,2025-03-20,UPI
1001,1636,309,2,327,654,2024-10-18,Card
1002,340,190,3,368,1104,2025-05-10,Card
1003,1442,1150,2,338,676,2024-05-11,UPI
1004,395,1480,1,534,534,2024-01-09,UPI
1005,313,109,2,127,254,2024-04-08,COD
1006,1639,1522,1,319,319,2024-05-04,Card
1007,1314,187,3,213,639,2024-08-17,COD
1008,1097,956,4,530,2120,2024-10-01,COD
1009,1196,917,2,262,524,2025-01-23,COD
1010,701,1396,3,112,336,2025-01-24,UPI
1011,216,281,2,508,1016,2025-01-04,COD
1012,1429,1355,3,165,495,2024-09-20,UPI
1013,874,1348,4,419,1676,2024-03-31,COD
1014,1241,1841,4,196,784,2024-03-29,Card
1015,113,1542,1,506,506,2025-04-06,Card
1016,842,208,3,574,1722,2024-01-19,COD
1017,445,1732,1,482,482,2025-04-07,COD
1018,73,1276,2,573,1146,2024-10-11,Card
1019,671,491,4,433,1732,2025-04-13,COD
1020,495,748,4,497,1988,2025-04-17,Card
1021,1514,1331,2,495,990,2024-12-31,COD
1022,359,1205,2,516,1032,2024-10-07,UPI
1023,896,1958,3,470,1410,2024-01-30,UPI
1024,973,1957,2,216,432,2024-07-18,Card
1025,707,810,1,193,193,2024-07-28,Card
1026,978,1575,3,403,1209,2024-05-07,COD
1027,388,1002,3,189,567,2025-03-17,UPI
1028,342,965,3,462,1386,2024-02-11,UPI
1029,778,1831,3,542,1626,2024-01-11,UPI
1030,698,80,2,287,574,2024-10-09,UPI
1031,843,406,1,479,479,2025-02-25,Card
1032,944,1539,4,435,1740,2024-02-20,COD
1033,896,1040,3,390,1170,2024-02-16,UPI
1034,1744,1108,4,524,2096,2025-02-06,UPI
1035,1127,733,2,340,680,2025-04-01,UPI
1036,939,153,2,189,378,2024-12-03,UPI
1037,1842,392,3,514,1542,2024-01-01,Card
1038,1681,1877,2,320,640,2024-06-20,Card
1039,977,769,1,342,342,2024-04-26,UPI
1040,551,1631,1,322,322,2024-12-29,COD
1041,1517,606,4,241,964,2024-10-12,Card
1042,479,13,2,267,534,2025-04-16,COD
1043,322,250,1,307,307,2024-08-20,COD
1044,638,1150,1,338,338,2025-02-05,Card
1045,112,452,1,356,356,2024-02-10,UPI
1046,143,1634,2,564,1128,2024-09-13,UPI
1047,941,1963,3,531,1593,2025-01-06,COD
1048,1469,1611,3,246,738,2024-10-15,COD
1049,1668,1571,2,370,740,2025-02-19,UPI
1050,1737,1865,3,488,1464,2024-02-13,COD
1051,1086,8,1,123,123,2024-07-24,COD
1052,109,1753,4,515,2060,2024-11-25,Card
1053,998,93,1,423,423,2025-04-21,UPI
1054,1401,56,1,289,289,2024-12-11,COD
1055,1849,1579,4,364,1456,2024-03-22,UPI
1056,1926,561,4,196,784,2025-03-27,COD
1057,902,1288,1,429,429,2024-11-19,Card
1058,54,1971,2,384,768,2024-05-04,Card
1059,1595,290,1,414,414,2025-01-15,Card
1060,1010,62,2,179,358,2025-04-24,Card
1061,356,733,1,340,340,2024-10-12,UPI
1062,1589,967,3,283,849,2025-03-03,UPI
1063,761,1047,3,423,1269,2024-06-30,UPI
1064,143,1583,2,358,716,2024-06-21,COD
1065,1806,913,2,355,710,2024-05-13,UPI
1066,1398,1573,4,132,528,2025-01-18,UPI
1067,1685,1641,3,274,822,2024-08-19,UPI
1068,1222,1787,1,274,274,2024-01-02,UPI
1069,1173,712,2,481,962,2024-07-10,Card
1070,1667,917,4,262,1048,2024-03-10,Card
1071,1024,801,2,452,904,2025-04-15,UPI
1072,1690,1490,1,118,118,2025-01-01,Card
1073,849,190,3,368,1104,2024-09-30,COD
1074,646,12,3,210,630,2025-04-07,UPI
1075,203,328,2,545,1090,2024-10-16,UPI
1076,261,1455,4,163,652,2024-10-02,COD
1077,1138,311,4,209,836,2024-07-05,COD
1078,623,1492,2,110,220,2025-01-20,Card
1079,118,650,4,502,2008,2024-07-10,UPI
1080,1339,121,1,354,354,2024-06-15,Card
1081,1800,1732,1,482,482,2024-12-24,UPI
1082,1999,1727,4,498,1992,2025-03-28,COD
1083,45,1918,3,560,1680,2024-11-05,UPI
1084,722,1158,3,559,1677,2024-03-17,UPI
1085,121,343,3,345,1035,2024-09-10,Card
1086,306,1871,4,344,1376,2025-03-08,COD
1087,66,708,3,554,1662,2025-01-14,Card
1088,1667,692,1,239,239,2025-04-13,UPI
1089,1540,1662,4,560,2240,2024-07-27,Card
1090,1661,951,2,394,788,2024-04-12,UPI
1091,93,1090,1,552,552,2024-09-03,Card
1092,1221,484,1,436,436,2024-07-16,COD
1093,1055,695,1,353,353,2024-10-08,UPI
1094,805,602,3,600,1800,2024-08-04,UPI
1095,1389,1803,1,254,254,2024-05-11,COD
1096,247,1847,3,247,741,2024-09-17,UPI
1097,695,115,1,548,548,2024-07-09,Card
1098,1174,970,3,244,732,2025-02-01,COD
1099,1570,519,2,203,406,2024-09-02,Card
1100,375,6,2,133,266,2024-12-19,UPI
1101,1395,311,3,209,627,2024-11-17,Card
1102,1949,1837,1,439,439,2025-02-28,COD
1103,1013,574,2,351,702,2024-04-02,UPI
1104,1967,119,1,507,507,2024-09-12,UPI
1105,762,449,2,464,928,2024-01-15,COD
1106,1110,1766,3,430,1290,2024-10-29,COD
1107,467,997,1,247,247,2024-02-22,UPI
1108,657,924,4,528,2112,2024-05-03,Card
1109,434,41,2,377,754,2024-12-31,UPI
1110,330,555,1,313,313,2025-04-26,Card
1111,935,582,3,524,1572,2024-11-30,Card
1112,298,1020,3,589,1767,2024-08-12,Card
1113,1,1547,2,240,480,2025-03-03,UPI
1114,1065,1351,1,436,436,2024-08-10,UPI
1115,853,667,3,277,831,2024-11-23,COD
1116,337,327,4,424,1696,2025-04-16,Card
1117,112,382,2,231,462,2025-05-08,Card
1118,1509,1928,1,446,446,2024-07-19,Card
1119,1920,582,3,524,1572,2025-02-09,UPI
1120,810,545,4,492,1968,2024-07-27,UPI
1121,450,805,2,354,708,2024-03-08,COD
1122,143,1227,3,513,1539,2024-11-12,Card
1123,1781,1865,4,488,1952,2024-04-07,COD
1124,1626,628,2,205,410,2024-09-22,COD
1125,1628,1754,3,148,444,2024-02-16,UPI
1126,70,261,4,231,924,2024-03-23,COD
1127,1208,1818,4,583,2332,2024-08-24,COD
1128,216,925,2,455,910,2024-04-22,COD
1129,648,1278,2,383,766,2024-03-01,COD
1130,591,1021,2,197,394,2025-02-02,UPI
1131,600,653,3,233,699,2025-02-28,UPI
1132,375,971,3,316,948,2025-02-03,UPI
1133,927,368,4,320,1280,2024-07-30,Card
1134,1732,1497,1,574,574,2024-08-07,UPI
1135,1162,1264,2,210,420,2025-01-16,Card
1136,243,624,3,362,1086,2024-07-03,Card
1137,854,593,4,165,660,2024-12-29,Card
1138,1013,1461,2,568,1136,2024-05-14,COD
1139,1336,712,4,481,1924,2024-01-24,Card
1140,300,619,3,519,1557,2024-03-27,UPI
1141,1574,1356,4,579,2316,2025-02-16,UPI
1142,1139,1193,3,331,993,2024-09-18,UPI
1143,890,824,1,235,235,2024-11-02,COD
1144,916,360,4,430,1720,2024-09-23,Card
1145,104,627,4,400,1600,2025-04-24,UPI
1146,1217,172,4,561,2244,2024-12-29,UPI
1147,898,761,2,299,598,2024-08-03,Card
1148,174,1364,4,358,1432,2024-06-26,COD
1149,1048,167,1,384,384,2024-04-23,Card
1150,155,1148,1,268,268,2024-04-05,UPI
1151,1890,847,1,514,514,2024-07-17,UPI
1152,424,1717,4,440,1760,2024-09-29,Card
1153,1084,677,2,281,562,2024-07-01,UPI
1154,1496,1796,4,146,584,2024-10-10,UPI
1155,586,1603,4,190,760,2024-10-07,COD
1156,1704,394,3,479,1437,2025-03-26,COD
1157,1148,568,3,565,1695,2024-01-11,Card
1158,724,1025,3,302,906,2025-03-28,Card
1159,457,1755,3,270,810,2024-04-14,Card
1160,673,1210,4,266,1064,2024-09-01,UPI
1161,482,1003,4,259,1036,2024-10-15,Card
1162,1015,1559,3,328,984,2024-01-31,UPI
1163,1891,933,4,175,700,2024-12-23,COD
1164,120,1169,2,478,956,2024-06-25,Card
1165,1428,541,2,520,1040,2024-01-15,Card
1166,374,1277,2,464,928,2024-04-30,Card
1167,1501,439,2,384,768,2024-10-07,COD
1168,1851,347,4,136,544,2024-03-16,UPI
1169,1587,1195,1,106,106,2024-09-02,UPI
1170,387,1552,4,488,1952,2024-05-04,Card
1171,1339,1637,2,428,856,2024-12-20,Card
1172,773,512,2,319,638,2025-01-23,UPI
1173,199,1004,3,244,732,2025-03-05,COD
1174,1251,1359,4,227,908,2024-09-25,Card
1175,312,1916,4,287,1148,2024-12-02,COD
1176,1308,133,2,483,966,2024-12-27,Card
1177,1197,64,1,325,325,2024-11-06,Card
1178,781,1171,1,477,477,2024-09-25,Card
1179,1478,629,3,116,348,2024-11-22,COD
1180,96,1222,2,296,592,2024-04-25,UPI
1181,1397,926,1,301,301,2025-02-14,UPI
1182,907,750,1,542,542,2024-01-28,Card
1183,20,475,3,498,1494,2024-03-04,COD
1184,1302,1375,4,366,1464,2025-01-26,COD
1185,795,625,4,187,748,2024-08-27,UPI
1186,731,1735,2,437,874,2025-05-15,UPI
1187,350,810,4,193,772,2024-07-22,COD
1188,227,729,4,391,1564,2025-04-04,UPI
1189,1050,7,4,191,764,2024-10-20,UPI
1190,867,1852,3,376,1128,2025-03-31,UPI
1191,780,860,3,301,903,2024-01-28,Card
1192,768,549,1,158,158,2024-05-13,COD
1193,372,1394,1,289,289,2025-04-21,UPI
1194,1505,742,1,413,413,2024-02-13,Card
1195,604,1976,2,214,428,2024-01-02,UPI
1196,1493,1452,4,217,868,2024-02-27,Card
1197,680,1196,2,494,988,2024-11-10,UPI
1198,1346,1131,3,108,324,2024-05-05,COD
1199,1564,1757,3,426,1278,2025-01-13,UPI
1200,1577,565,3,156,468,2025-03-24,UPI
1201,399,63,3,128,384,2025-03-29,UPI
1202,663,1068,4,441,1764,2024-04-21,Card
1203,540,1403,1,223,223,2024-07-07,Card
1204,467,880,1,229,229,2024-04-20,COD
1205,1410,1620,2,239,478,2024-04-05,UPI
1206,28,1143,1,155,155,2024-09-27,UPI
1207,131,764,4,548,2192,2024-08-08,UPI
1208,996,673,2,152,304,2024-03-27,COD
1209,1333,401,3,373,1119,2024-06-21,UPI
1210,286,1003,1,259,259,2025-01-12,UPI
1211,424,1272,3,319,957,2025-05-01,COD
1212,405,1965,3,367,1101,2024-05-01,UPI
1213,1418,1971,2,384,768,2024-04-18,Card
1214,1562,1431,4,120,480,2024-06-06,UPI
1215,92,699,2,114,228,2025-01-27,UPI
1216,1190,967,2,283,566,2024-10-07,UPI
1217,1998,1304,4,477,1908,2025-02-27,COD
1218,831,1247,4,359,1436,2024-01-23,COD
1219,556,178,1,114,114,2024-06-21,COD
1220,1064,809,3,142,426,2024-08-03,COD
1221,1019,1278,4,383,1532,2025-02-12,Card
1222,1458,780,1,345,345,2025-05-07,UPI
1223,1611,97,4,346,1384,2024-09-06,Card
1224,585,482,2,287,574,2024-02-26,UPI
1225,1469,840,1,331,331,2024-03-18,COD
1226,1293,442,4,216,864,2025-02-01,COD
1227,1248,859,2,305,610,2024-06-07,UPI
1228,1081,1935,4,505,2020,2024-04-04,Card
1229,317,836,1,125,125,2024-08-30,UPI
1230,1639,446,2,170,340,2024-09-27,Card
1231,501,1315,2,488,976,2025-01-29,UPI
1232,942,1243,3,199,597,2025-03-01,COD
1233,1070,914,3,150,450,2024-09-17,Card
1234,1907,497,2,270,540,2024-08-11,UPI
1235,1197,1178,4,264,1056,2025-01-03,UPI
1236,109,1804,2,421,842,2024-05-03,Card
1237,425,559,3,519,1557,2025-04-23,Card
1238,1517,1451,4,477,1908,2024-04-11,Card
1239,374,1519,1,198,198,2024-07-16,COD
1240,846,623,4,376,1504,2024-03-06,COD
1241,1862,890,4,192,768,2024-12-06,COD
1242,923,620,4,365,1460,2024-06-01,UPI
1243,254,838,2,214,428,2025-01-10,Card
1244,1734,129,4,495,1980,2025-04-15,Card
1245,1493,968,3,558,1674,2024-08-07,Card
1246,1494,1473,1,284,284,2025-04-19,Card
1247,1635,1296,4,296,1184,2025-03-18,Card
1248,324,695,3,353,1059,2025-03-26,COD
1249,1912,877,4,260,1040,2024-05-17,COD
1250,911,385,2,203,406,2024-07-17,COD
1251,1823,1063,1,136,136,2025-01-30,COD
1252,1462,1716,4,583,2332,2024-05-09,Card
1253,1785,1033,1,152,152,2024-05-31,Card
1254,232,1456,3,469,1407,2024-10-15,COD
1255,1502,1998,1,482,482,2024-10-02,UPI
1256,582,78,1,486,486,2024-06-08,Card
1257,1674,769,2,342,684,2024-06-17,UPI
1258,846,677,3,281,843,2024-06-09,COD
1259,506,783,3,284,852,2025-05-04,COD
1260,272,162,1,264,264,2024-06-28,Card
1261,647,497,2,270,540,2025-03-03,COD
1262,160,706,2,135,270,2024-12-28,COD
1263,1384,1182,2,162,324,2024-02-23,COD
1264,1001,1334,1,594,594,2024-03-13,Card
1265,1495,107,2,396,792,2024-04-28,Card
1266,235,1493,2,581,1162,2025-03-19,COD
1267,158,1795,1,364,364,2024-05-06,COD
1268,1070,32,2,192,384,2024-02-18,Card
1269,208,638,3,188,564,2024-12-08,Card
1270,183,973,2,321,642,2025-04-12,Card
1271,1132,735,2,559,1118,2024-07-07,COD
1272,1658,294,4,569,2276,2025-05-04,COD
1273,834,1703,4,135,540,2024-08-17,UPI
1274,1250,744,4,419,1676,2024-03-12,UPI
1275,543,439,4,384,1536,2024-09-28,COD
1276,306,1913,3,395,1185,2024-04-01,COD
1277,1234,1738,1,352,352,2025-04-13,UPI
1278,498,1663,2,270,540,2025-04-06,COD
1279,1428,384,2,511,1022,2024-10-16,Card
1280,1351,1169,4,478,1912,2024-04-01,COD
1281,1041,1622,1,308,308,2024-05-07,COD
1282,413,748,3,497,1491,2025-01-31,COD
1283,1897,800,4,296,1184,2024-06-24,Card
1284,1931,280,3,308,924,2025-04-23,Card
1285,136,1979,4,538,2152,2024-09-30,COD
1286,343,1086,3,248,744,2024-11-01,COD
1287,467,778,4,563,2252,2024-04-01,COD
1288,1147,1719,4,276,1104,2024-05-02,UPI
1289,983,331,4,583,2332,2024-06-23,Card
1290,1298,1875,1,226,226,2024-10-22,Card
1291,1946,115,3,548,1644,2024-11-12,UPI
1292,522,655,4,132,528,2024-09-13,UPI
1293,1800,1725,1,278,278,2024-07-23,UPI
1294,946,1096,4,508,2032,2024-02-23,Card
1295,724,224,4,215,860,2025-04-11,COD
1296,719,591,4,224,896,2024-11-13,COD
1297,369,308,2,570,1140,2024-11-12,COD
1298,902,294,4,569,2276,2024-09-26,UPI
1299,135,284,4,493,1972,2025-02-12,Card
1300,113,1761,2,133,266,2025-01-23,UPI
1301,805,1067,2,235,470,2025-02-14,Card
1302,1814,1160,4,381,1524,2024-10-25,Card
1303,1557,1178,2,264,528,2024-12-13,UPI
1304,774,871,3,596,1788,2025-03-26,UPI
1305,452,1440,4,291,1164,2025-03-16,Card
1306,1238,1933,4,468,1872,2024-03-25,COD
1307,1864,1335,1,139,139,2025-04-29,UPI
1308,404,793,4,124,496,2025-03-19,COD
1309,20,419,1,279,279,2025-02-02,UPI
1310,1147,1016,1,321,321,2024-08-03,UPI
1311,1864,412,3,321,963,2024-06-29,COD
1312,1998,1044,3,539,1617,2024-06-04,Card
1313,990,1324,3,539,1617,2024-12-14,COD
1314,302,316,4,132,528,2024-01-05,Card
1315,700,1956,2,357,714,2024-10-30,UPI
1316,558,1880,1,265,265,2024-07-18,UPI
1317,1409,1138,3,437,1311,2025-03-14,UPI
1318,955,302,2,108,216,2024-04-01,COD
1319,746,1946,2,151,302,2025-03-01,UPI
1320,732,1821,2,497,994,2024-12-27,COD
1321,1558,1836,4,550,2200,2024-09-06,Card
1322,198,76,4,377,1508,2025-03-25,Card
1323,1853,1936,4,294,1176,2025-02-27,UPI
1324,1044,541,2,520,1040,2025-01-07,UPI
1325,1047,957,4,212,848,2025-03-21,UPI
1326,941,549,4,158,632,2024-02-13,UPI
1327,878,896,4,384,1536,2024-01-23,UPI
1328,454,564,1,124,124,2025-01-16,COD
1329,1951,975,3,504,1512,2024-05-22,UPI
1330,1344,1940,2,262,524,2025-02-18,COD
1331,960,139,4,456,1824,2024-01-10,Card
1332,1741,1119,4,230,920,2024-07-27,COD
1333,1684,967,4,283,1132,2025-04-20,Card
1334,865,1601,1,385,385,2025-03-25,UPI
1335,1811,812,1,476,476,2024-01-14,UPI
1336,351,1054,1,253,253,2024-12-16,UPI
1337,1722,1691,4,269,1076,2024-04-12,UPI
1338,568,1298,4,174,696,2024-10-23,UPI
1339,985,572,3,580,1740,2024-10-03,UPI
1340,843,1511,1,534,534,2024-10-02,COD
1341,1054,1819,4,461,1844,2024-07-30,COD
1342,1645,789,1,427,427,2024-06-27,Card
1343,903,1036,1,497,497,2025-04-30,COD
1344,932,1286,3,270,810,2024-04-17,COD
1345,855,1421,3,316,948,2024-02-20,Card
1346,1664,1600,4,410,1640,2024-02-04,UPI
1347,1806,746,3,118,354,2025-04-07,Card
1348,983,1083,3,484,1452,2024-07-17,Card
1349,159,1960,4,266,1064,2024-09-23,COD
1350,116,1400,4,543,2172,2024-04-19,Card
1351,524,412,1,321,321,2024-07-03,COD
1352,903,842,3,431,1293,2025-03-20,Card
1353,1785,711,2,559,1118,2025-01-23,Card
1354,1158,993,2,212,424,2024-01-09,Card
1355,1180,1147,2,204,408,2024-06-24,UPI
1356,1612,752,3,109,327,2024-10-21,UPI
1357,716,215,1,167,167,2024-12-10,Card
1358,1579,1090,4,552,2208,2024-11-30,Card
1359,1937,1021,1,197,197,2024-06-21,Card
1360,555,254,3,144,432,2024-06-12,COD
1361,1981,1585,3,194,582,2025-04-18,Card
1362,532,1028,2,504,1008,2024-08-07,Card
1363,1526,182,2,330,660,2025-02-18,COD
1364,360,1157,4,589,2356,2024-06-12,UPI
1365,399,1029,2,551,1102,2025-03-31,COD
1366,1871,1760,2,415,830,2024-02-04,UPI
1367,1536,234,4,178,712,2024-08-29,UPI
1368,1696,42,4,543,2172,2024-05-15,Card
1369,1611,1905,1,239,239,2025-02-25,COD
1370,11,523,2,379,758,2024-04-23,Card
1371,1139,499,1,220,220,2025-02-24,Card
1372,323,1720,1,398,398,2024-07-12,UPI
1373,1768,261,3,231,693,2024-08-04,Card
1374,1849,885,1,172,172,2024-02-02,Card
1375,1684,125,4,186,744,2024-09-26,Card
1376,297,1056,4,548,2192,2025-01-23,COD
1377,1752,256,3,125,375,2025-01-05,Card
1378,1984,1071,1,342,342,2025-01-10,UPI
1379,1304,433,1,596,596,2025-04-14,Card
1380,571,786,4,195,780,2024-10-12,Card
1381,877,1126,4,582,2328,2025-04-22,COD
1382,1720,1624,4,125,500,2024-07-04,UPI
1383,1257,1881,4,213,852,2024-06-25,UPI
1384,280,423,2,521,1042,2025-02-03,COD
1385,1488,1676,3,216,648,2024-03-30,Card
1386,1314,18,4,101,404,2024-11-20,COD
1387,821,689,3,261,783,2024-02-09,UPI
1388,427,1860,4,120,480,2025-02-28,Card
1389,754,385,2,203,406,2025-04-03,COD
1390,130,1920,1,288,288,2024-02-06,Card
1391,777,809,2,142,284,2024-03-03,UPI
1392,1494,4,4,197,788,2025-01-28,COD
1393,179,1586,3,363,1089,2024-04-12,Card
1394,339,296,3,587,1761,2024-06-16,Card
1395,335,1333,2,306,612,2024-06-02,COD
1396,1056,535,1,294,294,2024-04-26,UPI
1397,1087,1590,4,107,428,2025-03-08,Card
1398,946,688,3,219,657,2025-05-02,UPI
1399,205,1324,4,539,2156,2024-12-31,Card
1400,278,226,3,368,1104,2024-01-21,COD
1401,1094,821,3,413,1239,2024-05-15,COD
1402,1895,811,3,273,819,2024-08-11,COD
1403,11,1344,1,306,306,2025-04-15,UPI
1404,975,1861,3,559,1677,2024-05-29,Card
1405,631,459,4,140,560,2024-11-28,Card
1406,1233,1076,3,147,441,2024-03-11,UPI
1407,1440,170,1,499,499,2025-03-08,UPI
1408,370,873,4,332,1328,2024-09-10,COD
1409,799,1883,2,149,298,2024-12-18,COD
1410,1352,215,4,167,668,2024-10-06,UPI
1411,764,145,4,488,1952,2025-01-03,UPI
1412,613,1035,2,496,992,2024-11-20,Card
1413,211,877,3,260,780,2024-10-13,COD
1414,327,442,2,216,432,2024-11-02,COD
1415,1,1857,3,279,837,2024-08-18,Card
1416,1224,202,3,577,1731,2024-01-26,UPI
1417,856,1383,1,437,437,2024-05-15,UPI
1418,1864,1044,2,539,1078,2025-03-19,UPI
1419,605,1604,4,378,1512,2025-03-27,UPI
1420,1933,745,2,242,484,2024-09-20,Card
1421,1263,882,1,161,161,2024-04-15,Card
1422,492,1125,3,572,1716,2024-07-31,COD
1423,324,1208,3,389,1167,2025-05-14,UPI
1424,612,1574,3,419,1257,2024-07-15,UPI
1425,1961,814,2,560,1120,2024-11-02,Card
1426,604,235,2,104,208,2024-07-22,Card
1427,1789,1629,2,339,678,2024-03-21,UPI
1428,182,250,2,307,614,2024-05-22,Card
1429,527,1360,4,415,1660,2025-03-30,UPI
1430,1770,1569,4,156,624,2025-01-10,COD
1431,1369,13,4,267,1068,2025-04-22,UPI
1432,1332,1547,4,240,960,2024-02-21,UPI
1433,1553,1982,3,242,726,2024-10-06,COD
1434,519,475,2,498,996,2024-04-21,UPI
1435,1336,631,4,196,784,2025-02-26,COD
1436,1427,395,1,393,393,2024-12-11,UPI
1437,986,962,4,568,2272,2025-03-08,UPI
1438,879,200,1,185,185,2025-02-03,COD
1439,530,1820,3,351,1053,2024-08-09,Card
1440,394,1512,1,302,302,2024-07-25,Card
1441,1205,357,3,482,1446,2024-01-10,COD
1442,744,1476,2,108,216,2024-02-23,UPI
1443,401,1101,1,476,476,2024-05-11,UPI
1444,140,54,4,218,872,2024-06-12,UPI
1445,663,1294,3,508,1524,2025-03-25,Card
1446,743,860,4,301,1204,2025-01-04,COD
1447,728,1863,2,571,1142,2024-08-18,Card
1448,500,1956,1,357,357,2025-01-06,Card
1449,274,1845,2,292,584,2025-02-06,Card
1450,226,680,2,211,422,2024-12-14,COD
1451,32,504,3,355,1065,2025-01-13,COD
1452,922,1068,4,441,1764,2024-11-11,COD
1453,194,1312,2,401,802,2024-05-08,COD
1454,958,518,1,556,556,2024-05-17,UPI
1455,96,1735,1,437,437,2025-03-24,UPI
1456,1698,1434,4,461,1844,2025-05-03,COD
1457,1785,1583,4,358,1432,2025-03-03,COD
1458,377,745,1,242,242,2024-05-09,Card
1459,1598,499,2,220,440,2024-06-19,UPI
1460,1083,1064,3,544,1632,2025-02-22,COD
1461,509,1559,1,328,328,2024-12-20,UPI
1462,400,1076,3,147,441,2024-08-17,Card
1463,1558,63,4,128,512,2024-01-01,UPI
1464,1913,1546,3,190,570,2024-04-02,Card
1465,243,626,2,425,850,2024-12-09,Card
1466,1298,835,1,330,330,2024-09-18,UPI
1467,44,1099,1,277,277,2025-05-07,Card
1468,1038,435,2,499,998,2024-03-08,Card
1469,1073,1408,2,355,710,2025-02-11,Card
1470,1355,940,2,447,894,2024-02-22,UPI
1471,1727,1355,3,165,495,2025-03-24,COD
1472,800,1909,2,122,244,2024-01-05,UPI
1473,88,35,2,202,404,2024-06-03,Card
1474,547,80,1,287,287,2024-02-20,Card
1475,369,1779,1,293,293,2024-06-11,UPI
1476,305,215,4,167,668,2025-01-03,COD
1477,501,924,3,528,1584,2024-12-25,UPI
1478,396,1207,2,320,640,2025-01-15,UPI
1479,828,8,3,123,369,2024-03-31,COD
1480,1217,300,4,269,1076,2024-12-26,COD
1481,564,833,3,371,1113,2024-12-26,Card
1482,1937,1000,3,305,915,2024-08-07,COD
1483,1852,1425,2,430,860,2024-02-16,UPI
1484,1821,317,1,200,200,2025-02-07,UPI
1485,125,1988,4,494,1976,2025-02-19,Card
1486,1364,493,4,421,1684,2024-12-03,Card
1487,1975,1912,4,430,1720,2025-03-14,UPI
1488,1161,1873,4,463,1852,2024-05-11,Card
1489,962,426,3,393,1179,2024-03-19,Card
1490,1991,1750,2,203,406,2025-03-22,Card
1491,1484,1019,1,273,273,2025-04-16,COD
1492,656,263,2,242,484,2024-10-14,UPI
1493,1823,1680,4,219,876,2024-03-13,Card
1494,1984,1609,3,472,1416,2024-09-10,Card
1495,1288,99,4,398,1592,2024-12-06,Card
1496,700,391,1,263,263,2024-10-20,Card
1497,1633,1961,1,394,394,2024-06-13,Card
1498,1241,1492,2,110,220,2024-12-08,COD
1499,1944,1531,1,473,473,2025-01-08,UPI
1500,75,236,3,229,687,2024-06-21,UPI
1501,930,1604,3,378,1134,2024-11-12,UPI
1502,660,1703,4,135,540,2024-07-24,UPI
1503,101,728,2,595,1190,2024-05-03,Card
1504,1262,883,1,417,417,2024-04-10,COD
1505,1146,1655,4,512,2048,2025-01-01,Card
1506,24,415,2,394,788,2024-08-13,Card
1507,878,451,4,535,2140,2025-01-29,COD
1508,1050,1248,2,206,412,2024-01-24,UPI
1509,1705,1634,4,564,2256,2024-03-19,Card
1510,1626,486,2,382,764,2024-11-10,Card
1511,561,1632,1,431,431,2024-02-29,COD
1512,1289,1884,2,580,1160,2025-02-09,UPI
1513,1218,1224,2,456,912,2024-05-08,Card
1514,1470,1550,3,560,1680,2024-03-10,COD
1515,813,1344,4,306,1224,2024-11-01,UPI
1516,1066,384,2,511,1022,2024-12-23,Card
1517,1667,647,2,197,394,2024-12-01,UPI
1518,582,1300,1,538,538,2024-12-05,Card
1519,313,320,1,277,277,2025-03-09,UPI
1520,1078,1469,2,481,962,2024-12-15,UPI
1521,1554,1385,1,185,185,2024-08-27,COD
1522,815,106,1,325,325,2024-03-14,UPI
1523,900,961,4,299,1196,2025-05-15,COD
1524,234,444,4,544,2176,2025-01-21,UPI
1525,129,696,3,244,732,2024-05-08,Card
1526,689,71,1,186,186,2025-04-01,UPI
1527,1534,504,1,355,355,2024-01-10,UPI
1528,906,181,1,168,168,2024-08-09,COD
1529,1182,325,4,514,2056,2025-03-03,UPI
1530,919,1446,2,361,722,2024-02-19,UPI
1531,390,1895,3,169,507,2025-01-02,COD
1532,477,547,3,368,1104,2025-01-15,UPI
1533,1861,307,2,109,218,2024-08-24,Card
1534,811,712,3,481,1443,2024-09-30,UPI
1535,1929,982,2,458,916,2024-05-20,COD
1536,521,910,1,513,513,2024-10-31,UPI
1537,259,1720,3,398,1194,2024-03-28,Card
1538,837,1000,1,305,305,2025-04-14,Card
1539,723,692,2,239,478,2024-01-04,Card
1540,1990,262,3,183,549,2024-06-19,COD
1541,182,1770,3,107,321,2024-01-03,COD
1542,1357,630,4,425,1700,2025-04-17,UPI
1543,362,160,4,450,1800,2025-02-13,UPI
1544,498,1808,3,149,447,2024-01-14,UPI
1545,781,1698,1,521,521,2025-02-20,UPI
1546,1304,1768,4,553,2212,2024-08-12,Card
1547,1581,306,3,579,1737,2024-09-07,Card
1548,1656,172,2,561,1122,2024-05-02,COD
1549,1949,179,3,420,1260,2024-05-06,UPI
1550,216,6,1,133,133,2024-01-30,UPI
1551,232,125,1,186,186,2025-02-28,Card
1552,1764,1284,1,126,126,2024-02-26,COD
1553,1579,1736,2,473,946,2024-12-26,Card
1554,1580,129,1,495,495,2024-05-05,UPI
1555,1018,598,2,479,958,2024-03-12,Card
1556,805,1425,1,430,430,2024-09-18,COD
1557,511,984,1,503,503,2024-12-27,UPI
1558,145,439,1,384,384,2025-01-01,UPI
1559,1540,521,2,187,374,2024-04-13,UPI
1560,1023,483,4,187,748,2024-10-15,UPI
1561,1807,1866,2,298,596,2024-11-03,UPI
1562,625,172,1,561,561,2024-03-23,COD
1563,1596,173,1,222,222,2024-11-11,UPI
1564,764,1946,4,151,604,2024-12-01,Card
1565,824,650,3,502,1506,2024-11-22,COD
1566,1608,1073,3,547,1641,2024-08-14,UPI
1567,191,1074,2,377,754,2024-05-27,COD
1568,518,799,2,568,1136,2024-03-23,COD
1569,202,698,3,286,858,2024-01-07,UPI
1570,1500,1271,3,205,615,2025-03-23,UPI
1571,437,1712,4,588,2352,2024-09-05,Card
1572,1419,1012,1,575,575,2024-11-03,UPI
1573,1238,641,3,150,450,2024-01-31,COD
1574,1360,1546,4,190,760,2024-02-03,COD
1575,1594,149,3,191,573,2024-01-09,COD
1576,664,1477,2,197,394,2024-03-24,COD
1577,716,834,2,485,970,2024-05-31,COD
1578,1887,880,4,229,916,2024-12-01,UPI
1579,1335,1290,3,359,1077,2025-03-09,Card
1580,1990,209,1,498,498,2025-01-27,Card
1581,742,290,4,414,1656,2024-12-26,COD
1582,569,166,3,241,723,2024-12-03,COD
1583,1011,714,2,530,1060,2024-08-11,Card
1584,1857,430,4,497,1988,2024-07-04,Card
1585,1932,481,3,211,633,2024-04-07,COD
1586,1192,175,4,442,1768,2024-01-27,COD
1587,864,1685,1,137,137,2024-02-06,Card
1588,1981,1439,3,552,1656,2024-06-27,COD
1589,1643,1684,4,336,1344,2024-07-16,Card
1590,1097,1054,3,253,759,2025-02-15,COD
1591,1627,79,4,491,1964,2024-07-30,Card
1592,540,1767,1,252,252,2025-01-11,UPI
1593,1717,495,3,572,1716,2024-05-21,Card
1594,1152,243,2,461,922,2025-02-12,Card
1595,1403,561,2,196,392,2025-01-17,COD
1596,170,857,1,103,103,2024-09-05,Card
1597,109,210,2,247,494,2024-11-11,Card
1598,900,655,3,132,396,2024-04-14,Card
1599,1534,1615,3,240,720,2024-07-21,UPI
1600,397,501,1,300,300,2024-12-31,COD
1601,1294,1729,1,420,420,2025-02-04,COD
1602,1745,1003,4,259,1036,2024-03-25,Card
1603,199,1551,1,318,318,2024-03-01,Card
1604,797,943,4,288,1152,2024-11-30,UPI
1605,730,80,1,287,287,2025-02-03,Card
1606,906,1228,3,384,1152,2024-07-30,Card
1607,1772,474,3,583,1749,2025-05-04,UPI
1608,1515,470,2,215,430,2024-11-23,COD
1609,1390,1925,4,230,920,2024-02-11,COD
1610,962,1890,3,597,1791,2024-04-27,UPI
1611,1404,559,4,519,2076,2024-05-05,COD
1612,1703,1056,4,548,2192,2024-04-24,COD
1613,1412,339,3,197,591,2024-07-19,UPI
1614,988,144,1,117,117,2025-04-18,Card
1615,991,953,4,490,1960,2024-12-26,UPI
1616,1175,742,3,413,1239,2024-11-01,Card
1617,610,573,4,361,1444,2024-10-17,UPI
1618,1518,1680,3,219,657,2024-02-19,Card
1619,11,646,4,308,1232,2024-12-19,COD
1620,1268,521,4,187,748,2024-08-22,UPI
1621,1333,1551,1,318,318,2024-07-23,UPI
1622,532,704,2,517,1034,2024-02-17,COD
1623,444,747,3,328,984,2024-05-18,Card
1624,389,1163,1,525,525,2025-04-21,UPI
1625,1678,710,1,167,167,2025-03-15,Card
1626,1243,356,3,416,1248,2024-11-20,Card
1627,431,144,2,117,234,2025-02-11,UPI
1628,256,1511,1,534,534,2024-05-14,UPI
1629,1537,1085,1,572,572,2024-08-26,COD
1630,206,272,1,451,451,2024-11-03,UPI
1631,487,407,1,312,312,2024-09-27,Card
1632,1871,1173,3,169,507,2024-03-28,Card
1633,825,1596,3,132,396,2024-09-25,Card
1634,1870,1407,4,434,1736,2025-01-20,COD
1635,597,187,2,213,426,2024-09-06,Card
1636,547,1355,2,165,330,2024-07-28,UPI
1637,956,1322,4,354,1416,2024-11-24,UPI
1638,740,596,4,519,2076,2024-02-23,UPI
1639,185,723,3,400,1200,2024-09-07,UPI
1640,408,1995,4,462,1848,2025-04-08,Card
1641,801,1043,3,125,375,2024-09-22,UPI
1642,1500,1832,2,198,396,2024-08-20,UPI
1643,1870,1067,4,235,940,2024-06-30,COD
1644,421,1159,2,119,238,2024-06-27,Card
1645,1254,1832,3,198,594,2024-07-24,COD
1646,1840,1544,4,448,1792,2024-05-03,UPI
1647,1198,73,4,134,536,2024-01-08,COD
1648,723,1333,1,306,306,2024-12-01,UPI
1649,1201,34,4,249,996,2025-03-19,COD
1650,1302,899,1,507,507,2025-01-26,Card
1651,1598,770,4,283,1132,2024-12-20,UPI
1652,343,1752,4,130,520,2024-11-08,UPI
1653,811,1351,2,436,872,2024-02-09,Card
1654,1627,406,2,479,958,2024-03-21,Card
1655,912,373,2,596,1192,2024-09-10,Card
1656,595,286,4,115,460,2025-03-19,UPI
1657,984,791,2,195,390,2024-07-13,Card
1658,1289,359,3,358,1074,2024-12-30,UPI
1659,640,571,4,598,2392,2025-03-30,COD
1660,1171,1528,2,123,246,2024-05-04,UPI
1661,527,7,2,191,382,2024-01-24,COD
1662,1392,813,4,327,1308,2024-05-27,UPI
1663,621,136,3,241,723,2024-09-27,UPI
1664,1419,1503,2,406,812,2025-01-14,UPI
1665,121,529,2,359,718,2024-07-11,UPI
1666,1218,870,4,178,712,2024-10-27,COD
1667,628,1855,1,438,438,2024-02-12,UPI
1668,1008,695,1,353,353,2024-07-02,UPI
1669,232,1149,2,508,1016,2024-05-03,Card
1670,642,589,3,491,1473,2024-01-27,Card
1671,1166,1501,3,417,1251,2024-04-01,UPI
1672,51,34,1,249,249,2024-03-04,UPI
1673,828,716,3,546,1638,2025-04-08,COD
1674,630,544,1,143,143,2025-04-06,COD
1675,233,1973,2,563,1126,2024-07-07,Card
1676,1836,354,3,293,879,2024-01-15,UPI
1677,14,1083,2,484,968,2024-03-06,UPI
1678,1136,916,2,552,1104,2024-04-23,Card
1679,1567,1330,2,439,878,2025-01-06,UPI
1680,1623,114,2,344,688,2025-03-11,UPI
1681,802,1883,4,149,596,2024-11-14,Card
1682,1817,1319,3,560,1680,2024-05-06,UPI
1683,92,973,1,321,321,2024-07-25,COD
1684,1137,1757,2,426,852,2024-07-31,Card
1685,1085,182,4,330,1320,2025-01-03,COD
1686,883,943,1,288,288,2024-02-04,Card
1687,883,307,1,109,109,2025-03-16,Card
1688,399,799,2,568,1136,2024-03-19,Card
1689,955,1826,4,313,1252,2024-12-18,UPI
1690,428,1232,3,258,774,2024-12-14,Card
1691,975,1634,1,564,564,2024-02-07,UPI
1692,471,187,2,213,426,2024-04-29,UPI
1693,1054,1677,3,591,1773,2024-06-30,UPI
1694,265,1927,2,573,1146,2024-08-30,COD
1695,1222,985,2,340,680,2025-01-27,Card
1696,1699,323,2,438,876,2024-03-07,UPI
1697,99,1856,2,490,980,2025-01-13,COD
1698,75,747,2,328,656,2024-02-08,UPI
1699,124,1984,2,193,386,2024-04-24,Card
1700,1624,1052,4,388,1552,2024-11-06,UPI
1701,138,138,2,189,378,2025-03-19,Card
1702,1003,1060,1,109,109,2024-10-08,COD
1703,1234,1746,1,142,142,2024-06-29,UPI
1704,380,1035,2,496,992,2024-07-05,Card
1705,469,829,4,593,2372,2024-02-09,UPI
1706,1750,916,2,552,1104,2024-02-10,UPI
1707,1113,1738,2,352,704,2024-08-13,Card
1708,621,1373,1,160,160,2024-03-02,UPI
1709,1922,1617,1,484,484,2024-03-09,COD
1710,1030,1949,3,181,543,2024-12-22,Card
1711,1439,649,2,561,1122,2024-12-03,UPI
1712,1697,1284,1,126,126,2025-03-11,Card
1713,731,600,2,563,1126,2025-05-15,Card
1714,954,1039,3,216,648,2024-03-13,UPI
1715,663,400,2,152,304,2024-03-25,Card
1716,566,698,2,286,572,2024-12-27,COD
1717,1589,1453,3,515,1545,2024-10-26,UPI
1718,659,1691,3,269,807,2024-11-23,COD
1719,1241,1434,4,461,1844,2024-06-10,COD
1720,1542,1179,3,598,1794,2024-01-13,COD
1721,1577,8,4,123,492,2025-04-11,UPI
1722,1494,909,4,564,2256,2024-07-26,UPI
1723,1729,734,2,593,1186,2024-07-05,COD
1724,1330,1679,2,572,1144,2024-10-22,Card
1725,438,1822,3,263,789,2024-06-30,COD
1726,693,733,4,340,1360,2024-01-31,Card
1727,1922,862,4,421,1684,2024-08-26,COD
1728,454,1608,2,186,372,2024-12-09,Card
1729,182,1443,2,192,384,2024-06-01,Card
1730,857,682,3,371,1113,2024-01-14,Card
1731,1198,1635,1,374,374,2024-07-02,Card
1732,1808,375,2,502,1004,2024-08-15,Card
1733,1302,671,2,294,588,2024-02-13,Card
1734,867,212,3,453,1359,2024-07-21,Card
1735,1380,334,3,438,1314,2024-11-06,COD
1736,22,98,3,306,918,2024-10-30,COD
1737,638,1553,3,323,969,2024-02-26,Card
1738,841,973,1,321,321,2024-10-18,Card
1739,1587,1890,2,597,1194,2024-05-23,COD
1740,1620,1493,4,581,2324,2025-04-22,UPI
1741,495,20,1,517,517,2025-01-15,UPI
1742,334,472,1,586,586,2025-03-25,COD
1743,1033,1578,2,361,722,2024-07-05,UPI
1744,1911,1799,2,575,1150,2024-12-11,COD
1745,1861,1333,2,306,612,2025-02-16,Card
1746,1826,1246,1,120,120,2024-12-22,UPI
1747,1682,1103,3,427,1281,2024-09-29,COD
1748,1245,1468,3,477,1431,2024-12-04,Card
1749,528,976,3,405,1215,2024-02-09,UPI
1750,1200,992,1,102,102,2024-06-08,UPI
1751,512,1738,4,352,1408,2024-02-14,UPI
1752,638,1129,4,579,2316,2024-08-07,Card
1753,895,255,2,246,492,2025-03-02,Card
1754,1890,81,2,172,344,2024-04-20,COD
1755,1043,1681,4,356,1424,2024-11-12,Card
1756,1594,1000,4,305,1220,2024-02-26,Card
1757,1030,803,4,116,464,2024-05-26,COD
1758,1102,1222,3,296,888,2024-12-05,Card
1759,199,1924,4,179,716,2024-08-03,COD
1760,1779,1867,1,189,189,2024-01-24,COD
1761,1015,1343,4,118,472,2024-02-25,UPI
1762,401,782,4,169,676,2024-04-23,UPI
1763,1396,1146,3,168,504,2024-10-04,UPI
1764,1649,541,1,520,520,2025-04-13,UPI
1765,229,909,2,564,1128,2024-08-28,Card
1766,928,475,1,498,498,2024-07-17,UPI
1767,739,1442,2,227,454,2024-10-18,UPI
1768,34,234,1,178,178,2024-11-04,UPI
1769,997,1174,3,545,1635,2024-08-13,Card
1770,565,1746,2,142,284,2024-06-20,Card
1771,220,1438,1,326,326,2025-03-09,Card
1772,1842,1022,1,220,220,2025-03-10,UPI
1773,81,981,2,139,278,2024-06-20,UPI
1774,1723,1684,3,336,1008,2025-01-01,COD
1775,66,546,4,567,2268,2024-05-01,COD
1776,1090,1919,3,128,384,2024-02-21,UPI
1777,143,640,4,521,2084,2025-04-18,UPI
1778,893,1685,4,137,548,2024-08-07,COD
1779,368,57,4,552,2208,2024-02-03,UPI
1780,963,724,1,489,489,2024-11-11,Card
1781,973,1873,4,463,1852,2024-03-23,COD
1782,287,1021,2,197,394,2024-08-18,UPI
1783,1396,1192,4,201,804,2025-04-11,COD
1784,1285,1961,4,394,1576,2024-02-05,COD
1785,405,404,3,203,609,2025-02-20,COD
1786,449,1890,3,597,1791,2024-12-17,Card
1787,585,1867,3,189,567,2024-08-08,Card
1788,1971,592,3,467,1401,2024-12-31,COD
1789,965,941,4,434,1736,2024-07-13,Card
1790,1496,1694,2,146,292,2024-04-07,UPI
1791,1753,435,3,499,1497,2025-05-13,UPI
1792,919,842,1,431,431,2024-07-30,Card
1793,1607,1769,2,177,354,2025-03-09,COD
1794,180,944,4,102,408,2024-05-24,COD
1795,376,1902,2,432,864,2025-04-21,Card
1796,963,1830,4,526,2104,2024-05-17,COD
1797,1631,572,4,580,2320,2024-11-12,Card
1798,521,1529,2,420,840,2024-01-28,COD
1799,1585,1309,2,131,262,2024-11-24,Card
1800,1438,711,2,559,1118,2024-05-02,COD
1801,573,450,4,308,1232,2025-01-05,UPI
1802,34,1494,1,548,548,2024-11-28,COD
1803,1008,1234,4,483,1932,2024-06-25,Card
1804,1310,874,4,564,2256,2024-05-04,Card
1805,1547,1949,3,181,543,2024-01-29,COD
1806,1021,762,2,108,216,2025-03-31,COD
1807,1763,1408,2,355,710,2024-06-13,Card
1808,944,89,2,370,740,2024-08-08,Card
1809,683,1544,3,448,1344,2024-03-23,UPI
1810,754,1560,4,456,1824,2024-08-19,UPI
1811,779,1281,4,564,2256,2024-08-07,Card
1812,818,1883,1,149,149,2024-03-11,Card
1813,1801,532,3,341,1023,2024-07-01,UPI
1814,662,464,1,426,426,2024-10-08,COD
1815,1305,32,1,192,192,2024-03-13,Card
1816,597,1496,1,171,171,2024-12-29,UPI
1817,985,1151,1,259,259,2024-09-07,UPI
1818,1848,273,4,554,2216,2025-03-22,UPI
1819,1333,439,2,384,768,2024-05-25,Card
1820,1034,1397,3,285,855,2024-02-19,UPI
1821,1048,1321,3,207,621,2024-07-23,COD
1822,867,1486,1,291,291,2024-11-07,Card
1823,989,171,1,372,372,2025-03-26,Card
1824,1791,313,1,388,388,2024-08-07,Card
1825,1809,1533,1,150,150,2024-10-03,COD
1826,1692,1339,2,410,820,2025-02-01,UPI
1827,1986,731,2,198,396,2024-05-08,COD
1828,1807,40,2,488,976,2024-10-27,COD
1829,1660,888,3,116,348,2025-02-25,UPI
1830,1074,1031,1,348,348,2024-12-05,Card
1831,414,216,1,302,302,2024-11-23,COD
1832,1843,1134,1,263,263,2024-07-12,Card
1833,1100,163,1,319,319,2025-04-21,COD
1834,1875,752,4,109,436,2024-02-23,UPI
1835,555,830,4,133,532,2024-10-16,Card
1836,1214,1789,3,435,1305,2024-04-09,Card
1837,27,125,1,186,186,2024-10-21,Card
1838,586,1556,2,458,916,2024-06-11,Card
1839,1526,606,1,241,241,2025-01-05,UPI
1840,207,1831,4,542,2168,2024-03-18,UPI
1841,479,949,3,448,1344,2024-01-18,UPI
1842,895,902,2,311,622,2024-11-16,COD
1843,1409,1883,1,149,149,2024-01-15,UPI
1844,827,535,1,294,294,2024-12-14,UPI
1845,142,1529,4,420,1680,2024-09-12,COD
1846,1517,202,1,577,577,2024-04-23,UPI
1847,328,330,2,578,1156,2024-09-02,Card
1848,1516,1700,2,486,972,2024-11-22,COD
1849,396,1953,1,321,321,2024-05-02,COD
1850,1305,1569,1,156,156,2024-12-26,COD
1851,1371,1124,1,252,252,2024-04-23,Card
1852,977,1093,1,496,496,2024-04-02,COD
1853,1126,696,3,244,732,2024-03-26,UPI
1854,1294,1694,2,146,292,2024-02-05,COD
1855,901,1509,2,321,642,2024-03-22,UPI
1856,164,316,3,132,396,2024-04-19,Card
1857,931,1674,4,109,436,2025-03-07,COD
1858,1741,200,3,185,555,2024-12-15,UPI
1859,105,273,4,554,2216,2024-10-01,Card
1860,109,1843,4,271,1084,2024-02-29,UPI
1861,1188,797,4,369,1476,2024-09-15,COD
1862,529,1442,1,227,227,2024-04-18,UPI
1863,1711,1019,4,273,1092,2024-09-19,COD
1864,544,76,3,377,1131,2025-04-04,UPI
1865,1001,177,3,525,1575,2024-02-08,UPI
1866,278,1987,3,243,729,2025-04-23,COD
1867,143,1026,4,333,1332,2024-08-30,Card
1868,1281,1703,2,135,270,2024-04-20,COD
1869,1257,429,3,145,435,2024-04-16,UPI
1870,1425,1436,1,390,390,2024-04-29,Card
1871,498,1018,1,595,595,2024-12-12,UPI
1872,886,460,2,581,1162,2024-08-14,COD
1873,1163,147,1,208,208,2024-01-12,UPI
1874,591,1238,1,432,432,2024-05-12,UPI
1875,465,1082,3,270,810,2025-04-04,Card
1876,1998,1824,3,225,675,2024-06-24,UPI
1877,1267,549,4,158,632,2024-08-06,UPI
1878,856,997,1,247,247,2024-09-01,UPI
1879,1319,1041,2,366,732,2025-01-07,COD
1880,1872,1752,2,130,260,2024-07-07,COD
1881,399,830,3,133,399,2024-03-01,COD
1882,677,659,3,254,762,2025-04-20,UPI
1883,782,1692,3,226,678,2024-04-14,COD
1884,1884,664,3,572,1716,2024-04-07,UPI
1885,375,116,4,213,852,2024-02-10,Card
1886,1090,435,4,499,1996,2025-02-09,Card
1887,1171,1802,1,155,155,2024-06-18,UPI
1888,1295,327,3,424,1272,2025-02-01,COD
1889,1541,510,2,374,748,2024-05-04,COD
1890,898,1181,4,119,476,2024-07-04,COD
1891,86,83,2,210,420,2024-06-09,Card
1892,99,1706,3,445,1335,2024-08-04,Card
1893,1252,1430,1,428,428,2025-01-09,UPI
1894,1628,263,1,242,242,2024-10-08,UPI
1895,772,844,3,368,1104,2024-10-04,COD
1896,1225,1314,1,454,454,2024-02-14,UPI
1897,1605,487,2,418,836,2024-05-09,Card
1898,956,1570,3,391,1173,2024-02-17,COD
1899,703,637,1,383,383,2024-02-29,COD
1900,713,1170,4,249,996,2024-08-13,UPI
1901,1714,1305,4,343,1372,2024-12-15,UPI
1902,811,1668,3,536,1608,2024-01-16,UPI
1903,1964,106,1,325,325,2025-01-13,COD
1904,1321,1788,4,362,1448,2024-03-28,Card
1905,747,846,3,596,1788,2024-02-22,COD
1906,1033,1174,3,545,1635,2025-04-17,Card
1907,916,748,3,497,1491,2024-10-15,Card
1908,1853,705,2,250,500,2024-03-21,UPI
1909,1424,1265,4,147,588,2024-05-01,UPI
1910,1123,1945,2,417,834,2024-10-12,UPI
1911,470,550,2,108,216,2025-04-26,Card
1912,1148,197,1,555,555,2024-11-19,COD
1913,997,1974,1,498,498,2024-08-18,Card
1914,324,1303,2,561,1122,2024-10-27,UPI
1915,1571,1710,2,360,720,2024-09-13,Card
1916,879,806,3,144,432,2025-01-07,COD
1917,1622,559,1,519,519,2024-08-07,COD
1918,997,406,3,479,1437,2024-11-05,Card
1919,558,834,2,485,970,2024-04-23,UPI
1920,427,1323,3,337,1011,2024-10-28,COD
1921,1000,1102,1,217,217,2024-04-08,COD
1922,229,1953,1,321,321,2024-05-26,UPI
1923,1362,1920,2,288,576,2024-01-14,Card
1924,1267,1400,4,543,2172,2024-06-08,UPI
1925,1550,704,2,517,1034,2024-10-30,COD
1926,414,912,1,523,523,2025-04-01,UPI
1927,565,1135,4,196,784,2025-04-04,UPI
1928,1786,1330,1,439,439,2025-04-12,Card
1929,298,1076,1,147,147,2024-10-05,COD
1930,98,804,1,228,228,2025-01-04,Card
1931,187,65,2,106,212,2025-02-26,Card
1932,1547,1380,4,132,528,2024-08-04,COD
1933,1329,106,1,325,325,2024-03-24,UPI
1934,1518,341,1,517,517,2024-08-13,UPI
1935,1382,446,1,170,170,2024-06-18,Card
1936,1393,31,3,399,1197,2024-10-28,UPI
1937,1615,1707,1,312,312,2025-01-05,Card
1938,208,1720,4,398,1592,2024-10-08,UPI
1939,568,1941,4,575,2300,2025-03-08,Card
1940,1321,1709,3,117,351,2025-03-31,Card
1941,1275,1703,4,135,540,2024-09-21,Card
1942,1477,294,4,569,2276,2024-06-22,COD
1943,1784,31,1,399,399,2024-12-17,Card
1944,437,125,1,186,186,2024-03-15,Card
1945,1294,970,2,244,488,2024-01-10,COD
1946,1138,1985,4,452,1808,2024-12-19,Card
1947,641,52,3,164,492,2024-10-26,COD
1948,1561,26,4,238,952,2024-11-14,Card
1949,1684,337,4,585,2340,2025-04-27,UPI
1950,1759,434,4,149,596,2024-06-07,COD
1951,1482,1832,1,198,198,2024-04-07,UPI
1952,815,381,3,582,1746,2024-05-21,COD
1953,1843,516,1,529,529,2024-08-31,UPI
1954,403,1577,2,366,732,2025-01-12,UPI
1955,934,453,1,396,396,2024-08-23,COD
1956,1749,514,4,484,1936,2025-01-15,Card
1957,1302,55,3,253,759,2024-01-22,UPI
1958,1671,800,1,296,296,2024-06-23,Card
1959,664,149,4,191,764,2025-04-08,Card
1960,1767,219,2,338,676,2024-12-12,UPI
1961,157,112,3,200,600,2024-03-06,Card
1962,238,333,2,291,582,2024-01-19,COD
1963,1716,449,3,464,1392,2024-05-27,Card
1964,822,1931,2,296,592,2024-04-27,Card
1965,1078,401,3,373,1119,2024-06-30,Card
1966,1056,1733,4,250,1000,2024-04-18,UPI
1967,904,450,1,308,308,2025-02-07,Card
1968,9,1793,2,577,1154,2024-06-07,UPI
1969,841,1459,3,173,519,2024-03-07,Card
1970,1562,1709,2,117,234,2024-11-07,Card
1971,1789,1342,3,436,1308,2024-11-18,Card
1972,1856,595,3,361,1083,2024-09-16,Card
1973,99,1372,4,567,2268,2024-09-25,Card
1974,1935,1801,2,392,784,2024-11-21,Card
1975,34,1190,4,380,1520,2024-08-24,UPI
1976,654,884,2,124,248,2024-02-27,Card
1977,1217,158,3,505,1515,2024-12-22,UPI
1978,528,961,2,299,598,2024-01-31,UPI
1979,1189,678,1,159,159,2024-09-17,COD
1980,1563,1496,3,171,513,2024-01-31,Card
1981,147,895,2,481,962,2025-05-01,COD
1982,1430,1782,1,534,534,2024-12-10,Card
1983,1341,672,1,216,216,2025-01-06,Card
1984,626,1293,2,434,868,2025-03-30,UPI
1985,1567,744,4,419,1676,2024-05-03,COD
1986,289,842,3,431,1293,2024-03-19,COD
1987,330,142,4,493,1972,2024-05-30,UPI
1988,131,127,2,258,516,2024-02-19,UPI
1989,332,527,3,548,1644,2024-07-21,Card
1990,81,1171,2,477,954,2024-09-22,COD
1991,396,570,4,392,1568,2024-03-27,COD
1992,1597,283,4,426,1704,2024-11-05,COD
1993,1242,1945,1,417,417,2024-11-16,Card
1994,1326,572,1,580,580,2024-12-12,COD
1995,1093,720,3,415,1245,2024-11-13,Card
1996,1537,513,1,186,186,2024-08-02,Card
1997,264,1579,4,364,1456,2024-01-05,COD
1998,1889,301,3,297,891,2025-03-23,Card
1999,148,1222,4,296,1184,2024-09-12,Card
2000,500,359,4,358,1432,2024-05-15,UPI
2001,1895,384,2,511,1022,2024-09-20,UPI
2002,1625,1862,3,494,1482,2024-04-04,Card
2003,1203,857,4,103,412,2025-02-20,COD
2004,1060,547,3,368,1104,2025-01-01,COD
2005,346,750,4,542,2168,2024-07-05,UPI
2006,1813,526,1,163,163,2025-01-09,COD
2007,298,1144,2,135,270,2024-02-08,Card
2008,448,144,4,117,468,2024-04-25,Card
2009,676,1286,3,270,810,2024-10-23,Card
2010,1403,37,2,106,212,2024-10-14,COD
2011,1485,1855,2,438,876,2024-11-29,UPI
2012,1315,15,3,452,1356,2025-01-02,Card
2013,1721,836,4,125,500,2025-03-16,Card
2014,1018,1174,4,545,2180,2024-04-03,Card
2015,1728,1735,1,437,437,2024-10-20,Card
2016,72,464,2,426,852,2024-08-27,Card
2017,864,1699,4,223,892,2024-11-24,Card
2018,994,629,3,116,348,2024-02-11,COD
2019,13,1472,2,206,412,2024-03-14,UPI
2020,1864,518,2,556,1112,2024-06-29,UPI
2021,185,116,1,213,213,2024-04-18,UPI
2022,1474,183,3,599,1797,2024-08-29,COD
2023,1154,536,4,482,1928,2025-05-11,UPI
2024,1544,979,2,116,232,2024-08-01,COD
2025,1222,787,1,329,329,2024-08-12,COD
2026,576,1275,3,263,789,2024-03-04,COD
2027,200,1648,2,270,540,2024-09-20,COD
2028,31,559,3,519,1557,2025-02-13,UPI
2029,1060,185,1,360,360,2024-12-16,COD
2030,1512,326,1,422,422,2025-04-06,Card
2031,1866,1236,2,397,794,2024-01-12,Card
2032,1834,221,3,222,666,2024-11-04,COD
2033,1246,655,3,132,396,2024-07-19,COD
2034,1147,1146,2,168,336,2024-08-29,COD
2035,13,401,3,373,1119,2024-03-18,Card
2036,967,1317,4,290,1160,2024-12-19,Card
2037,936,190,4,368,1472,2024-06-11,Card
2038,815,208,4,574,2296,2024-10-02,UPI
2039,1136,1098,1,291,291,2024-06-03,UPI
2040,1664,1010,4,397,1588,2024-05-10,UPI
2041,920,639,1,160,160,2024-06-30,UPI
2042,85,1760,4,415,1660,2024-05-06,Card
2043,1242,549,2,158,316,2024-07-31,UPI
2044,935,1447,3,594,1782,2025-04-22,Card
2045,1283,1813,2,323,646,2024-05-08,Card
2046,376,789,2,427,854,2024-09-12,UPI
2047,185,70,4,422,1688,2024-07-27,COD
2048,1278,1108,1,524,524,2024-08-15,UPI
2049,580,355,3,288,864,2025-02-07,Card
2050,937,999,3,139,417,2024-01-29,Card
2051,492,1854,1,145,145,2024-06-12,COD
2052,1377,1499,2,498,996,2024-08-13,UPI
2053,1441,1246,4,120,480,2024-02-28,Card
2054,1315,1103,4,427,1708,2024-02-02,UPI
2055,1474,1986,1,264,264,2024-01-29,Card
2056,1167,753,2,237,474,2024-07-08,Card
2057,485,1858,3,587,1761,2024-04-22,COD
2058,249,379,4,289,1156,2024-05-26,COD
2059,1408,1047,1,423,423,2025-04-30,Card
2060,587,1461,1,568,568,2024-07-28,COD
2061,1144,285,3,145,435,2024-03-29,UPI
2062,1609,788,1,199,199,2024-02-07,UPI
2063,1190,1353,4,590,2360,2024-11-14,Card
2064,1022,1289,4,118,472,2024-01-12,UPI
2065,510,1188,2,494,988,2025-01-06,COD
2066,648,139,3,456,1368,2024-12-25,COD
2067,709,227,4,513,2052,2024-10-07,COD
2068,532,397,4,185,740,2024-08-05,COD
2069,496,1930,4,276,1104,2024-01-13,COD
2070,1388,4,2,197,394,2024-07-08,UPI
2071,212,1312,1,401,401,2024-03-25,COD
2072,42,1639,3,354,1062,2024-09-29,COD
2073,423,1027,4,595,2380,2024-04-30,COD
2074,532,1705,1,437,437,2024-06-10,UPI
2075,846,1798,1,413,413,2024-08-29,UPI
2076,1433,504,2,355,710,2024-10-05,Card
2077,249,727,3,357,1071,2024-08-21,COD
2078,1961,234,3,178,534,2024-10-17,Card
2079,713,556,4,188,752,2024-12-28,COD
2080,725,1227,2,513,1026,2024-10-13,Card
2081,1682,1555,4,454,1816,2025-03-08,COD
2082,1112,143,1,356,356,2024-09-01,Card
2083,1144,383,1,226,226,2024-10-17,Card
2084,1726,624,1,362,362,2024-05-05,COD
2085,1558,1434,1,461,461,2024-06-13,UPI
2086,854,499,3,220,660,2025-03-01,Card
2087,317,173,2,222,444,2024-07-31,COD
2088,1591,1523,4,289,1156,2024-03-03,Card
2089,434,339,1,197,197,2025-03-25,UPI
2090,88,107,4,396,1584,2024-09-30,COD
2091,1507,373,2,596,1192,2025-04-08,UPI
2092,1256,1242,4,178,712,2024-09-21,Card
2093,1780,1327,1,127,127,2024-10-23,COD
2094,1233,1698,4,521,2084,2024-01-18,Card
2095,1374,1346,1,316,316,2024-07-12,UPI
2096,1225,663,1,295,295,2024-11-29,UPI
2097,1532,1505,1,126,126,2024-08-25,COD
2098,1494,498,3,224,672,2024-06-25,UPI
2099,1384,3,1,230,230,2024-11-25,UPI
2100,643,1798,3,413,1239,2024-11-28,UPI
2101,366,52,4,164,656,2024-09-10,Card
2102,63,1670,4,184,736,2024-02-18,COD
2103,1640,411,2,427,854,2024-06-16,COD
2104,1375,874,2,564,1128,2024-12-14,UPI
2105,169,312,2,489,978,2025-03-05,UPI
2106,1622,826,1,321,321,2025-04-06,Card
2107,1863,1145,2,125,250,2024-10-08,UPI
2108,1820,1641,4,274,1096,2025-01-23,UPI
2109,1694,571,3,598,1794,2025-03-04,Card
2110,1734,47,2,338,676,2025-05-04,Card
2111,452,917,1,262,262,2025-03-05,UPI
2112,297,1861,3,559,1677,2025-01-08,UPI
2113,753,1933,2,468,936,2024-07-31,UPI
2114,206,698,1,286,286,2025-01-19,COD
2115,166,714,3,530,1590,2025-03-20,COD
2116,1636,1831,1,542,542,2024-10-25,COD
2117,281,524,4,213,852,2025-05-15,Card
2118,124,547,4,368,1472,2025-02-24,Card
2119,655,1487,1,188,188,2024-12-09,UPI
2120,1587,1004,2,244,488,2024-01-18,Card
2121,1989,521,2,187,374,2024-04-09,UPI
2122,87,857,4,103,412,2024-03-24,Card
2123,1016,1879,3,374,1122,2024-10-29,Card
2124,175,365,2,476,952,2024-07-29,Card
2125,1015,1966,2,512,1024,2025-02-27,Card
2126,592,1988,2,494,988,2024-07-14,COD
2127,522,405,4,472,1888,2024-07-06,COD
2128,364,606,1,241,241,2024-08-28,COD
2129,1744,830,3,133,399,2024-11-25,UPI
2130,444,54,1,218,218,2024-03-11,Card
2131,587,341,1,517,517,2024-05-09,UPI
2132,24,780,4,345,1380,2024-01-02,UPI
2133,712,126,2,450,900,2024-12-19,Card
2134,966,1991,2,136,272,2024-09-05,UPI
2135,1495,549,3,158,474,2024-03-24,UPI
2136,139,822,2,267,534,2025-04-10,UPI
2137,1596,1970,1,167,167,2024-09-05,Card
2138,1263,544,4,143,572,2024-09-18,COD
2139,1565,749,2,553,1106,2024-03-02,Card
2140,490,1182,2,162,324,2025-02-19,COD
2141,745,1024,1,448,448,2024-04-29,Card
2142,515,1533,2,150,300,2025-02-27,Card
2143,846,1746,2,142,284,2025-05-03,Card
2144,1602,147,2,208,416,2024-10-20,Card
2145,1764,1490,1,118,118,2024-07-07,UPI
2146,385,140,1,278,278,2024-04-30,Card
2147,1129,84,4,485,1940,2024-01-16,COD
2148,1411,1670,2,184,368,2024-04-14,UPI
2149,1633,270,1,303,303,2025-04-04,Card
2150,1642,40,1,488,488,2024-02-05,UPI
2151,1219,1242,3,178,534,2024-03-07,Card
2152,297,1931,4,296,1184,2024-05-19,COD
2153,665,716,1,546,546,2025-02-07,COD
2154,1249,1760,2,415,830,2024-10-01,UPI
2155,903,1299,3,296,888,2024-09-17,COD
2156,168,1837,1,439,439,2025-02-04,Card
2157,1972,926,4,301,1204,2025-02-15,COD
2158,680,873,1,332,332,2024-05-17,UPI
2159,471,95,3,138,414,2024-08-18,COD
2160,1836,137,4,462,1848,2025-05-05,Card
2161,1042,410,3,331,993,2024-11-13,Card
2162,1863,1709,4,117,468,2025-03-18,UPI
2163,1932,690,4,313,1252,2025-03-09,Card
2164,1187,117,2,499,998,2024-08-31,COD
2165,999,257,1,422,422,2024-02-18,UPI
2166,543,1648,2,270,540,2024-06-18,COD
2167,1276,1257,1,281,281,2025-05-01,UPI
2168,1289,1761,1,133,133,2024-11-21,UPI
2169,1339,40,1,488,488,2024-11-27,UPI
2170,578,328,4,545,2180,2024-04-30,UPI
2171,376,1331,4,495,1980,2025-03-24,UPI
2172,894,779,3,423,1269,2024-02-16,COD
2173,1093,5,2,560,1120,2024-12-17,Card
2174,960,996,3,149,447,2024-04-28,COD
2175,1644,1855,4,438,1752,2024-02-11,COD
2176,774,53,1,302,302,2024-07-29,Card
2177,1975,1734,1,267,267,2024-01-26,UPI
2178,296,78,3,486,1458,2024-12-14,COD
2179,1137,1152,3,499,1497,2024-02-21,UPI
2180,1054,1819,1,461,461,2025-02-14,Card
2181,615,868,3,594,1782,2024-05-20,Card
2182,1904,1417,1,116,116,2024-01-24,UPI
2183,927,991,2,112,224,2024-10-17,COD
2184,1124,1082,4,270,1080,2025-02-24,Card
2185,1354,597,4,516,2064,2024-03-05,COD
2186,1623,249,3,271,813,2025-03-02,COD
2187,231,346,3,361,1083,2024-03-16,UPI
2188,1462,550,1,108,108,2024-11-04,COD
2189,1420,879,1,163,163,2024-09-16,COD
2190,1300,50,3,344,1032,2024-03-25,UPI
2191,126,767,1,253,253,2024-04-20,UPI
2192,549,665,1,306,306,2024-12-04,UPI
2193,1267,1146,1,168,168,2024-02-02,COD
2194,128,1623,3,348,1044,2024-04-20,UPI
2195,764,1427,2,392,784,2025-04-23,Card
2196,406,1857,4,279,1116,2024-01-08,UPI
2197,101,1347,4,129,516,2025-03-09,COD
2198,253,1002,2,189,378,2024-11-19,COD
2199,1061,942,4,261,1044,2025-02-17,Card
2200,946,459,1,140,140,2024-08-11,UPI
2201,449,1164,3,101,303,2024-07-23,Card
2202,401,1733,1,250,250,2024-12-19,UPI
2203,635,1088,4,584,2336,2024-05-10,Card
2204,1293,161,2,198,396,2024-02-06,Card
2205,1969,1854,1,145,145,2024-11-19,Card
2206,730,1313,1,594,594,2024-09-22,COD
2207,705,1767,4,252,1008,2024-12-06,UPI
2208,858,495,1,572,572,2025-04-07,COD
2209,1721,1476,4,108,432,2024-11-18,Card
2210,1670,497,3,270,810,2024-12-08,UPI
2211,1734,1049,4,351,1404,2024-02-05,UPI
2212,658,1884,4,580,2320,2024-11-16,Card
2213,989,499,4,220,880,2025-03-01,COD
2214,1104,410,2,331,662,2024-10-10,COD
2215,1755,1978,3,250,750,2025-02-16,COD
2216,918,344,3,102,306,2024-03-29,Card
2217,1373,1887,4,419,1676,2024-05-29,Card
2218,274,1533,1,150,150,2024-02-12,UPI
2219,145,1153,1,174,174,2024-08-20,Card
2220,716,1699,4,223,892,2024-11-05,UPI
2221,160,1642,1,114,114,2024-08-14,COD
2222,949,1803,1,254,254,2025-03-30,COD
2223,189,1040,1,390,390,2024-10-16,Card
2224,1172,433,4,596,2384,2024-07-05,Card
2225,1190,1484,3,565,1695,2024-12-25,COD
2226,866,769,1,342,342,2024-06-23,Card
2227,263,594,4,402,1608,2025-01-08,Card
2228,107,1622,1,308,308,2024-02-18,COD
2229,1930,791,3,195,585,2024-06-11,UPI
2230,1489,412,2,321,642,2024-11-28,UPI
2231,351,1463,1,335,335,2024-03-02,UPI
2232,1483,612,2,184,368,2024-07-30,COD
2233,1087,1729,2,420,840,2024-08-09,Card
2234,1219,234,3,178,534,2024-12-21,COD
2235,699,1060,4,109,436,2024-06-02,COD
2236,1261,1230,2,523,1046,2024-07-15,UPI
2237,139,312,3,489,1467,2025-05-05,UPI
2238,686,774,3,593,1779,2024-08-14,Card
2239,1262,518,4,556,2224,2025-04-01,COD
2240,1482,456,3,304,912,2024-11-08,UPI
2241,914,1371,4,237,948,2024-04-23,COD
2242,1796,1589,2,100,200,2024-05-30,COD
2243,151,1186,3,504,1512,2025-05-08,COD
2244,977,361,3,176,528,2025-02-20,COD
2245,1360,1200,2,263,526,2024-08-06,Card
2246,40,1925,4,230,920,2024-04-14,Card
2247,1617,1976,4,214,856,2024-10-11,COD
2248,1826,325,1,514,514,2024-01-29,UPI
2249,661,1193,1,331,331,2024-06-30,COD
2250,1920,1908,4,373,1492,2024-04-10,COD
2251,1432,753,4,237,948,2024-06-03,UPI
2252,559,161,4,198,792,2024-12-19,COD
2253,364,1459,4,173,692,2024-02-09,UPI
2254,921,1641,1,274,274,2025-03-04,Card
2255,1583,1015,4,473,1892,2024-10-03,UPI
2256,394,150,2,489,978,2024-04-23,COD
2257,1610,537,1,555,555,2025-02-02,UPI
2258,1140,668,2,370,740,2024-01-20,COD
2259,1986,1334,1,594,594,2024-07-13,UPI
2260,728,1271,4,205,820,2024-02-20,UPI
2261,1164,905,2,466,932,2025-03-27,Card
2262,1754,1135,3,196,588,2024-06-24,Card
2263,711,528,1,167,167,2024-12-25,Card
2264,1295,1221,3,385,1155,2024-03-20,Card
2265,1568,1826,3,313,939,2025-01-31,COD
2266,1769,1547,2,240,480,2025-05-06,UPI
2267,640,760,3,241,723,2024-04-12,COD
2268,820,1943,4,206,824,2025-03-06,UPI
2269,368,1210,1,266,266,2025-02-26,Card
2270,520,927,1,291,291,2024-07-23,Card
2271,1583,55,2,253,506,2025-03-13,COD
2272,1274,1445,4,517,2068,2024-12-08,Card
2273,1382,1852,4,376,1504,2025-01-11,COD
2274,1468,1318,2,469,938,2024-12-13,COD
2275,1354,166,4,241,964,2024-12-12,UPI
2276,821,1049,3,351,1053,2025-04-20,UPI
2277,14,1101,1,476,476,2024-01-19,COD
2278,588,1545,4,164,656,2024-05-25,COD
2279,1167,272,4,451,1804,2024-11-26,Card
2280,785,1503,4,406,1624,2024-11-15,Card
2281,1898,628,4,205,820,2024-06-07,UPI
2282,862,1669,3,206,618,2024-09-16,COD
2283,1156,1842,3,581,1743,2025-02-14,Card
2284,1660,7,3,191,573,2025-04-15,COD
2285,440,645,3,171,513,2025-01-19,COD
2286,872,1381,4,548,2192,2024-01-28,COD
2287,584,1395,2,260,520,2024-07-21,UPI
2288,1817,41,4,377,1508,2025-04-04,UPI
2289,634,1490,3,118,354,2024-07-28,Card
2290,90,715,2,521,1042,2025-01-10,UPI
2291,50,1834,1,277,277,2024-01-10,UPI
2292,49,555,1,313,313,2025-04-05,Card
2293,1587,1355,4,165,660,2025-03-01,UPI
2294,1226,429,4,145,580,2024-11-30,Card
2295,443,1535,1,483,483,2025-03-04,Card
2296,1684,1347,4,129,516,2024-05-02,Card
2297,531,600,3,563,1689,2024-10-28,COD
2298,599,1911,1,112,112,2024-04-03,Card
2299,1432,1133,1,271,271,2024-06-10,Card
2300,349,1722,2,178,356,2024-09-23,UPI
2301,295,1342,4,436,1744,2024-08-18,Card
2302,1115,1151,3,259,777,2024-05-10,UPI
2303,847,639,3,160,480,2024-02-04,Card
2304,472,1943,4,206,824,2024-05-07,Card
2305,1567,424,4,513,2052,2025-02-19,COD
2306,1301,1842,3,581,1743,2025-05-06,COD
2307,1434,392,1,514,514,2024-08-27,Card
2308,722,545,4,492,1968,2024-10-29,UPI
2309,42,1797,2,308,616,2024-08-05,Card
2310,1826,833,1,371,371,2024-07-22,UPI
2311,286,701,2,218,436,2024-09-04,UPI
2312,1864,639,3,160,480,2024-10-17,UPI
2313,763,1457,2,591,1182,2024-03-12,UPI
2314,1659,1677,3,591,1773,2024-09-04,COD
2315,1335,129,3,495,1485,2025-04-22,Card
2316,1375,1685,3,137,411,2024-09-24,Card
2317,406,112,4,200,800,2025-04-21,UPI
2318,1859,1389,1,339,339,2024-12-16,Card
2319,1975,1675,2,545,1090,2024-06-18,UPI
2320,1041,1847,3,247,741,2024-02-23,COD
2321,548,446,4,170,680,2024-12-23,Card
2322,950,1117,4,551,2204,2024-12-11,COD
2323,1057,333,3,291,873,2025-03-28,COD
2324,1070,1882,4,377,1508,2025-03-06,Card
2325,804,1807,3,209,627,2024-02-20,Card
2326,1724,929,2,595,1190,2025-05-13,UPI
2327,538,1536,2,259,518,2024-10-09,Card
2328,111,784,3,413,1239,2025-03-18,UPI
2329,435,49,2,110,220,2025-02-25,COD
2330,1761,182,4,330,1320,2025-02-10,UPI
2331,395,1035,2,496,992,2024-04-19,COD
2332,1847,771,2,436,872,2024-03-27,Card
2333,1672,616,4,141,564,2025-04-01,UPI
2334,1787,1132,2,386,772,2024-10-13,COD
2335,1931,261,3,231,693,2024-10-09,Card
2336,256,852,4,453,1812,2025-03-15,COD
2337,1206,225,2,599,1198,2024-02-20,Card
2338,462,935,3,582,1746,2024-08-30,UPI
2339,1323,1204,2,375,750,2024-11-11,COD
2340,750,517,1,244,244,2025-02-16,COD
2341,1073,1850,4,469,1876,2024-03-18,Card
2342,1982,18,3,101,303,2025-03-03,UPI
2343,827,276,4,431,1724,2025-04-18,UPI
2344,892,333,3,291,873,2024-08-01,COD
2345,1079,778,1,563,563,2024-02-26,Card
2346,1657,639,3,160,480,2024-02-12,UPI
2347,1639,1766,1,430,430,2024-10-12,UPI
2348,1964,1605,4,545,2180,2024-04-09,Card
2349,1886,1794,4,329,1316,2024-08-22,COD
2350,590,191,4,486,1944,2024-07-01,Card
2351,1115,561,2,196,392,2024-12-06,COD
2352,223,1410,1,201,201,2024-10-20,UPI
2353,554,378,4,281,1124,2024-01-26,UPI
2354,128,112,3,200,600,2025-01-25,UPI
2355,1957,796,2,409,818,2024-06-07,Card
2356,696,302,1,108,108,2024-12-02,Card
2357,681,853,3,243,729,2024-08-29,Card
2358,1953,1832,4,198,792,2024-12-14,Card
2359,1316,752,2,109,218,2025-03-30,COD
2360,418,587,2,534,1068,2024-07-05,COD
2361,138,1999,1,221,221,2024-07-27,Card
2362,869,1290,4,359,1436,2024-07-08,COD
2363,1680,598,2,479,958,2024-12-20,UPI
2364,239,1813,2,323,646,2025-04-19,COD
2365,86,163,3,319,957,2024-02-22,Card
2366,912,1963,3,531,1593,2024-09-24,Card
2367,718,1869,4,117,468,2024-03-27,Card
2368,1607,1565,4,191,764,2024-10-07,UPI
2369,26,1804,2,421,842,2025-02-13,UPI
2370,1866,1391,3,439,1317,2024-12-01,UPI
2371,1899,1785,3,137,411,2024-11-17,UPI
2372,497,1981,4,148,592,2024-08-14,COD
2373,1596,884,2,124,248,2024-10-22,Card
2374,859,1379,4,397,1588,2024-09-02,Card
2375,1934,203,3,303,909,2024-04-22,UPI
2376,1321,490,2,291,582,2025-02-13,COD
2377,1124,508,2,567,1134,2024-09-01,COD
2378,19,1740,1,208,208,2024-09-19,Card
2379,831,223,1,426,426,2024-07-17,Card
2380,1825,80,3,287,861,2024-10-22,Card
2381,238,1098,2,291,582,2024-10-08,COD
2382,877,1947,4,195,780,2024-12-03,COD
2383,688,219,2,338,676,2025-03-31,UPI
2384,796,1875,1,226,226,2024-11-17,UPI
2385,823,566,3,185,555,2024-01-09,Card
2386,1334,781,3,588,1764,2025-04-23,UPI
2387,1802,743,4,227,908,2024-07-12,UPI
2388,1653,1844,1,490,490,2024-04-03,Card
2389,1924,1765,2,148,296,2024-09-29,Card
2390,574,1596,4,132,528,2024-09-24,Card
2391,1972,500,2,225,450,2025-01-25,COD
2392,700,1101,4,476,1904,2025-01-26,Card
2393,467,1230,4,523,2092,2024-08-04,COD
2394,461,1178,4,264,1056,2025-03-06,UPI
2395,191,1254,1,202,202,2024-06-05,Card
2396,1425,1427,4,392,1568,2025-04-29,Card
2397,1828,1760,3,415,1245,2024-09-25,Card
2398,1231,298,4,501,2004,2024-10-04,UPI
2399,685,1558,4,124,496,2024-04-27,UPI
2400,319,526,3,163,489,2025-05-07,COD
2401,1656,1377,1,557,557,2024-10-08,COD
2402,1548,476,2,338,676,2025-02-16,Card
2403,316,968,3,558,1674,2024-07-25,UPI
2404,1261,802,1,315,315,2024-01-22,COD
2405,1489,1769,3,177,531,2025-02-23,COD
2406,314,1655,2,512,1024,2024-01-18,UPI
2407,71,134,3,290,870,2024-12-22,UPI
2408,134,1879,4,374,1496,2025-03-05,Card
2409,262,72,4,285,1140,2024-04-26,COD
2410,1233,124,4,150,600,2024-12-14,Card
2411,570,227,3,513,1539,2024-06-25,Card
2412,1960,700,1,503,503,2024-11-29,UPI
2413,318,1214,2,354,708,2024-05-23,COD
2414,953,1826,1,313,313,2024-02-15,COD
2415,1205,94,4,193,772,2024-04-10,COD
2416,158,1849,4,598,2392,2025-05-11,COD
2417,543,1812,3,202,606,2025-02-15,Card
2418,1710,327,3,424,1272,2024-04-01,UPI
2419,1592,1532,3,528,1584,2024-11-19,COD
2420,70,536,4,482,1928,2024-03-05,COD
2421,1131,706,3,135,405,2024-01-26,Card
2422,1954,31,4,399,1596,2025-03-19,Card
2423,547,669,1,303,303,2024-10-21,Card
2424,1164,1887,1,419,419,2025-02-26,COD
2425,1911,837,2,434,868,2024-04-17,Card
2426,1092,274,2,529,1058,2025-04-20,COD
2427,899,1003,1,259,259,2024-08-25,COD
2428,1856,1807,1,209,209,2024-04-29,UPI
2429,668,1147,2,204,408,2024-06-08,Card
2430,391,785,3,243,729,2024-12-22,Card
2431,1484,546,4,567,2268,2024-03-25,UPI
2432,1565,1324,4,539,2156,2024-09-23,Card
2433,1224,1890,2,597,1194,2025-04-20,Card
2434,1151,664,4,572,2288,2025-02-10,COD
2435,161,1391,3,439,1317,2025-02-14,COD
2436,1900,1466,3,117,351,2025-01-16,Card
2437,865,948,2,174,348,2024-05-19,Card
2438,1670,554,3,256,768,2024-03-14,COD
2439,503,578,3,498,1494,2024-02-13,UPI
2440,549,1206,1,181,181,2024-10-04,Card
2441,1169,586,4,198,792,2024-06-29,COD
2442,1467,1389,3,339,1017,2024-09-13,Card
2443,1486,1609,3,472,1416,2024-09-20,UPI
2444,272,517,1,244,244,2025-04-11,COD
2445,766,510,3,374,1122,2024-07-20,UPI
2446,199,1006,4,383,1532,2024-12-14,Card
2447,1458,1168,3,449,1347,2024-02-16,UPI
2448,1948,860,2,301,602,2025-04-17,Card
2449,263,1037,4,135,540,2025-05-15,Card
2450,454,218,3,126,378,2024-08-10,Card
2451,1546,1785,1,137,137,2024-12-14,COD
2452,112,1141,4,186,744,2025-04-13,COD
2453,1636,98,3,306,918,2024-12-12,Card
2454,1227,969,4,279,1116,2024-05-30,UPI
2455,520,668,3,370,1110,2025-02-22,COD
2456,1816,1840,3,359,1077,2024-12-07,UPI
2457,1145,1354,4,399,1596,2024-08-18,COD
2458,1868,276,3,431,1293,2025-03-29,COD
2459,1523,331,1,583,583,2024-10-29,UPI
2460,1545,1892,2,206,412,2024-08-19,Card
2461,1596,1061,3,569,1707,2024-10-22,UPI
2462,1288,1531,3,473,1419,2024-01-07,COD
2463,595,733,2,340,680,2024-12-17,Card
2464,724,447,2,598,1196,2024-09-17,COD
2465,1793,624,1,362,362,2024-03-29,Card
2466,1818,880,2,229,458,2025-01-12,Card
2467,1226,1611,3,246,738,2024-04-12,UPI
2468,201,1021,2,197,394,2024-10-14,COD
2469,1078,629,3,116,348,2024-04-08,UPI
2470,1620,1392,4,395,1580,2025-05-14,COD
2471,544,867,3,425,1275,2024-04-26,UPI
2472,148,937,3,390,1170,2024-06-10,Card
2473,1938,313,3,388,1164,2024-12-13,UPI
2474,1857,1712,3,588,1764,2024-12-07,UPI
2475,1729,282,2,194,388,2025-01-23,UPI
2476,1375,404,1,203,203,2025-03-07,Card
2477,191,1699,2,223,446,2024-10-13,COD
2478,4,1846,1,508,508,2024-11-01,COD
2479,46,1797,4,308,1232,2025-01-26,UPI
2480,1452,1498,3,393,1179,2025-03-25,COD
2481,295,1359,4,227,908,2024-05-07,Card
2482,41,1097,3,385,1155,2024-07-01,UPI
2483,409,738,3,358,1074,2024-10-31,COD
2484,1339,842,3,431,1293,2024-12-13,UPI
2485,857,476,4,338,1352,2025-05-07,COD
2486,1613,139,3,456,1368,2024-04-29,UPI
2487,1271,299,2,422,844,2025-02-28,UPI
2488,953,1165,4,162,648,2025-02-11,COD
2489,886,1856,2,490,980,2024-05-24,UPI
2490,1587,1324,2,539,1078,2024-07-19,COD
2491,133,1631,1,322,322,2025-03-03,UPI
2492,810,1310,3,288,864,2024-12-20,UPI
2493,1407,1999,3,221,663,2024-08-17,UPI
2494,362,1524,1,536,536,2024-02-03,UPI
2495,560,667,3,277,831,2024-07-20,UPI
2496,52,671,1,294,294,2024-12-15,UPI
2497,1327,322,3,311,933,2024-05-10,Card
2498,997,1044,3,539,1617,2024-11-02,UPI
2499,1406,1114,1,299,299,2024-08-20,UPI
2500,1193,974,3,173,519,2024-04-19,COD
2501,1514,264,1,285,285,2025-03-27,COD
2502,657,692,2,239,478,2024-08-28,Card
2503,1109,498,2,224,448,2024-12-26,Card
2504,348,1638,4,106,424,2024-05-08,COD
2505,827,362,2,355,710,2024-07-14,UPI
2506,1032,406,3,479,1437,2024-06-19,UPI
2507,686,806,1,144,144,2024-04-18,Card
2508,1242,1628,3,598,1794,2024-04-19,COD
2509,616,387,1,490,490,2024-09-12,Card
2510,875,328,2,545,1090,2025-05-06,UPI
2511,207,974,2,173,346,2024-06-05,UPI
2512,1560,289,1,203,203,2024-10-05,Card
2513,1942,248,3,123,369,2024-12-06,UPI
2514,1934,1641,4,274,1096,2025-04-18,UPI
2515,1601,1599,3,600,1800,2024-05-26,UPI
2516,1668,1087,2,252,504,2024-09-19,UPI
2517,1246,1277,2,464,928,2024-08-30,UPI
2518,1502,1083,1,484,484,2024-04-04,Card
2519,250,1646,1,440,440,2024-06-23,COD
2520,674,1337,3,328,984,2024-04-12,Card
2521,1730,1168,1,449,449,2024-02-20,UPI
2522,1653,50,2,344,688,2025-03-05,UPI
2523,236,112,3,200,600,2024-02-08,UPI
2524,1889,22,4,210,840,2024-01-07,UPI
2525,138,1578,2,361,722,2025-05-09,UPI
2526,734,249,1,271,271,2024-03-09,COD
2527,598,76,4,377,1508,2024-09-20,UPI
2528,1054,333,2,291,582,2025-02-16,UPI
2529,1247,232,3,561,1683,2024-11-20,UPI
2530,1345,1683,4,284,1136,2025-04-06,UPI
2531,947,1239,1,594,594,2024-04-11,UPI
2532,639,1250,2,410,820,2024-12-26,Card
2533,1737,485,3,514,1542,2025-04-02,UPI
2534,913,27,2,598,1196,2024-07-17,Card
2535,405,1359,1,227,227,2024-05-24,COD
2536,1873,1493,1,581,581,2024-04-26,Card
2537,252,990,3,530,1590,2025-05-15,UPI
2538,973,724,3,489,1467,2024-01-19,UPI
2539,773,543,4,396,1584,2024-05-08,UPI
2540,1879,1409,2,375,750,2024-11-04,COD
2541,1863,1327,3,127,381,2024-07-21,Card
2542,1275,1383,2,437,874,2024-08-05,UPI
2543,1957,301,1,297,297,2024-05-02,UPI
2544,1590,559,2,519,1038,2024-09-08,UPI
2545,1162,1022,4,220,880,2024-08-05,UPI
2546,219,1091,2,474,948,2024-05-14,UPI
2547,90,284,1,493,493,2024-01-08,Card
2548,1256,686,2,106,212,2024-01-26,Card
2549,110,108,2,177,354,2024-12-05,UPI
2550,1721,744,3,419,1257,2025-01-11,UPI
2551,1697,102,2,267,534,2025-01-24,COD
2552,1638,1126,3,582,1746,2024-03-24,Card
2553,1828,1427,1,392,392,2024-02-15,COD
2554,1571,322,1,311,311,2024-01-01,COD
2555,102,877,4,260,1040,2025-03-03,Card
2556,626,992,3,102,306,2024-01-01,Card
2557,1914,1125,3,572,1716,2024-07-01,Card
2558,1148,586,4,198,792,2024-05-04,Card
2559,225,709,3,102,306,2025-05-03,COD
2560,1001,1271,4,205,820,2025-03-06,COD
2561,1591,709,2,102,204,2024-07-01,Card
2562,891,1162,3,267,801,2024-07-15,UPI
2563,663,1523,1,289,289,2024-04-17,Card
2564,1414,1811,1,296,296,2024-08-09,COD
2565,307,1565,1,191,191,2024-04-25,UPI
2566,1437,1020,2,589,1178,2024-11-07,COD
2567,119,1635,3,374,1122,2024-08-31,COD
2568,1423,71,1,186,186,2024-10-14,Card
2569,1522,1045,4,268,1072,2025-02-27,COD
2570,1221,820,4,457,1828,2025-02-04,Card
2571,218,878,4,220,880,2024-05-26,UPI
2572,1751,1991,4,136,544,2024-04-07,Card
2573,970,690,1,313,313,2024-03-02,UPI
2574,493,1220,2,276,552,2024-05-19,COD
2575,1831,545,4,492,1968,2024-06-16,Card
2576,1143,189,4,400,1600,2025-02-22,Card
2577,1359,524,3,213,639,2024-09-06,Card
2578,1602,979,3,116,348,2024-08-20,COD
2579,487,677,3,281,843,2024-04-20,Card
2580,977,1568,2,376,752,2024-09-30,COD
2581,327,111,3,554,1662,2024-12-23,Card
2582,477,1174,3,545,1635,2024-04-13,Card
2583,923,539,1,233,233,2025-01-06,UPI
2584,883,196,3,433,1299,2025-04-29,Card
2585,483,631,2,196,392,2024-06-30,Card
2586,528,1437,1,138,138,2024-01-26,COD
2587,1876,1226,1,390,390,2024-12-12,COD
2588,853,666,2,465,930,2024-01-15,COD
2589,1181,1463,1,335,335,2025-02-22,UPI
2590,687,1695,4,201,804,2024-04-29,Card
2591,933,1249,2,488,976,2024-09-08,UPI
2592,264,1520,1,540,540,2024-07-01,UPI
2593,1513,1125,1,572,572,2024-04-24,UPI
2594,946,1529,1,420,420,2024-02-04,UPI
2595,93,1631,4,322,1288,2024-03-05,UPI
2596,610,917,1,262,262,2024-12-19,COD
2597,1295,1217,2,259,518,2025-02-04,Card
2598,9,939,4,205,820,2024-08-31,COD
2599,1388,1554,1,495,495,2024-01-05,UPI
2600,436,1926,3,392,1176,2025-02-01,Card
2601,126,1915,3,375,1125,2025-02-25,Card
2602,388,688,1,219,219,2025-01-11,COD
2603,1219,8,1,123,123,2024-01-12,UPI
2604,972,1420,1,299,299,2025-01-12,COD
2605,535,1902,4,432,1728,2025-01-08,COD
2606,1884,599,2,382,764,2024-09-04,COD
2607,687,1974,3,498,1494,2024-07-23,Card
2608,1230,1180,2,409,818,2024-05-25,Card
2609,323,1316,4,501,2004,2024-07-05,Card
2610,854,1154,1,343,343,2024-04-16,UPI
2611,251,1836,3,550,1650,2024-10-24,Card
2612,747,1265,4,147,588,2024-04-15,UPI
2613,1710,1900,3,495,1485,2024-06-17,UPI
2614,186,758,1,429,429,2024-02-29,Card
2615,1510,1161,1,431,431,2024-11-03,COD
2616,1932,947,1,245,245,2024-01-28,UPI
2617,470,1694,1,146,146,2025-01-05,COD
2618,607,1384,1,539,539,2024-08-13,UPI
2619,988,205,1,310,310,2024-04-06,Card
2620,1841,463,4,127,508,2024-01-31,Card
2621,1954,1471,4,430,1720,2024-07-02,Card
2622,1253,1561,2,523,1046,2025-04-04,Card
2623,1355,166,4,241,964,2024-02-09,COD
2624,620,57,1,552,552,2025-05-11,Card
2625,390,463,3,127,381,2024-03-08,COD
2626,1927,870,2,178,356,2024-08-26,UPI
2627,1080,739,3,303,909,2024-04-03,COD
2628,933,1991,2,136,272,2024-10-30,Card
2629,1628,942,4,261,1044,2024-04-27,UPI
2630,1386,1858,3,587,1761,2025-04-06,COD
2631,381,645,4,171,684,2024-10-06,COD
2632,1368,1120,1,473,473,2024-01-04,UPI
2633,713,560,1,111,111,2025-05-12,Card
2634,1701,68,2,126,252,2024-02-18,COD
2635,729,1887,3,419,1257,2024-06-24,Card
2636,1652,633,3,448,1344,2024-07-04,Card
2637,1446,147,2,208,416,2024-07-10,COD
2638,707,1975,2,488,976,2025-02-13,UPI
2639,1862,380,3,375,1125,2024-04-06,UPI
2640,1607,29,4,532,2128,2025-02-09,COD
2641,1247,1801,3,392,1176,2024-09-30,COD
2642,979,778,2,563,1126,2024-06-23,Card
2643,1577,1018,1,595,595,2024-04-12,COD
2644,1002,1959,1,545,545,2025-04-18,UPI
2645,1711,1849,3,598,1794,2024-08-17,COD
2646,297,205,4,310,1240,2024-11-04,COD
2647,1974,868,2,594,1188,2025-04-25,Card
2648,1961,1662,1,560,560,2025-03-23,UPI
2649,229,1928,1,446,446,2025-04-03,COD
2650,500,43,2,262,524,2024-07-21,Card
2651,1368,1155,3,339,1017,2024-06-03,UPI
2652,17,1032,2,179,358,2024-03-07,COD
2653,337,624,4,362,1448,2024-09-06,COD
2654,1226,1493,2,581,1162,2025-03-07,UPI
2655,863,1489,3,374,1122,2024-06-07,UPI
2656,29,536,2,482,964,2024-09-10,Card
2657,686,1587,1,250,250,2024-06-27,UPI
2658,691,1507,4,599,2396,2024-03-26,Card
2659,1956,717,3,373,1119,2024-02-13,COD
2660,477,651,3,407,1221,2024-05-31,Card
2661,1951,867,1,425,425,2024-03-24,COD
2662,381,1183,1,544,544,2025-01-09,UPI
2663,843,1047,3,423,1269,2024-11-07,COD
2664,1542,1103,3,427,1281,2024-11-04,Card
2665,464,99,2,398,796,2024-06-15,Card
2666,736,646,1,308,308,2024-01-07,COD
2667,907,1582,4,104,416,2024-09-27,Card
2668,1950,1654,3,449,1347,2025-01-02,Card
2669,317,1147,3,204,612,2024-08-01,UPI
2670,74,744,1,419,419,2024-10-14,COD
2671,332,441,4,335,1340,2024-06-18,UPI
2672,295,355,3,288,864,2024-11-21,UPI
2673,1180,1798,1,413,413,2024-04-29,Card
2674,104,829,3,593,1779,2025-03-04,UPI
2675,1251,902,3,311,933,2024-09-07,Card
2676,1142,1694,2,146,292,2025-04-23,UPI
2677,1929,100,1,171,171,2024-11-08,COD
2678,1367,1222,1,296,296,2025-02-21,Card
2679,1329,437,4,313,1252,2024-01-04,COD
2680,1760,710,3,167,501,2024-10-28,COD
2681,23,129,1,495,495,2025-01-10,COD
2682,1021,923,3,181,543,2024-10-16,Card
2683,937,1302,2,429,858,2024-05-31,UPI
2684,883,1939,2,446,892,2024-12-12,COD
2685,1179,831,3,428,1284,2024-03-07,UPI
2686,956,1042,1,520,520,2024-03-15,UPI
2687,224,29,4,532,2128,2024-06-03,COD
2688,1941,1246,2,120,240,2025-04-29,COD
2689,650,516,1,529,529,2024-11-02,UPI
2690,1593,1255,2,299,598,2024-09-10,Card
2691,436,1980,1,288,288,2024-04-25,COD
2692,323,1206,2,181,362,2024-07-14,Card
2693,1808,1317,4,290,1160,2024-07-09,COD
2694,1454,1181,3,119,357,2025-01-09,COD
2695,217,430,1,497,497,2024-01-06,COD
2696,1515,795,4,321,1284,2025-02-28,Card
2697,1911,1179,3,598,1794,2024-10-21,COD
2698,1733,1284,1,126,126,2024-10-16,COD
2699,253,661,2,175,350,2024-10-20,COD
2700,495,1496,3,171,513,2024-05-21,UPI
2701,680,1510,1,450,450,2025-01-13,COD
2702,675,1878,1,102,102,2024-04-03,UPI
2703,338,1921,2,432,864,2024-07-10,UPI
2704,636,1466,4,117,468,2024-11-18,Card
2705,1482,531,4,166,664,2024-11-23,Card
2706,1741,19,2,593,1186,2024-06-12,COD
2707,1737,401,4,373,1492,2024-08-17,Card
2708,1490,1669,3,206,618,2024-05-19,Card
2709,1071,408,2,528,1056,2024-09-09,Card
2710,383,1531,4,473,1892,2025-02-02,COD
2711,1566,462,4,435,1740,2025-02-23,UPI
2712,49,1573,1,132,132,2025-05-01,UPI
2713,506,311,4,209,836,2024-06-12,Card
2714,752,1560,2,456,912,2024-11-21,UPI
2715,29,1999,1,221,221,2024-12-23,UPI
2716,1872,1915,1,375,375,2024-04-26,UPI
2717,1569,493,3,421,1263,2024-03-01,UPI
2718,1999,1805,1,259,259,2024-05-08,Card
2719,754,1351,2,436,872,2024-12-26,UPI
2720,660,426,3,393,1179,2024-09-02,UPI
2721,1178,523,3,379,1137,2025-02-13,COD
2722,366,653,1,233,233,2024-10-07,UPI
2723,1954,142,4,493,1972,2025-01-06,COD
2724,642,1534,1,530,530,2024-06-26,COD
2725,941,378,3,281,843,2024-09-19,Card
2726,1653,558,2,233,466,2024-01-25,COD
2727,155,1762,2,396,792,2024-07-09,Card
2728,780,1472,4,206,824,2025-01-24,COD
2729,928,1261,4,232,928,2025-01-30,COD
2730,1115,1940,2,262,524,2025-03-24,COD
2731,433,187,1,213,213,2024-10-17,Card
2732,1497,1106,4,458,1832,2024-07-22,UPI
2733,1047,1317,2,290,580,2025-03-09,UPI
2734,1074,220,3,562,1686,2024-09-30,Card
2735,1953,256,3,125,375,2025-03-13,UPI
2736,172,278,4,515,2060,2025-01-31,Card
2737,884,1681,2,356,712,2025-03-18,COD
2738,1223,103,2,591,1182,2024-04-30,COD
2739,698,1975,4,488,1952,2024-04-29,UPI
2740,709,60,2,220,440,2024-06-01,UPI
2741,513,567,4,100,400,2025-04-20,Card
2742,1963,812,4,476,1904,2024-02-05,UPI
2743,1911,1778,4,252,1008,2024-04-14,Card
2744,1602,1804,1,421,421,2025-02-06,COD
2745,1659,1998,2,482,964,2024-03-08,Card
2746,827,882,2,161,322,2024-06-20,Card
2747,1495,1364,3,358,1074,2025-04-28,Card
2748,1282,462,3,435,1305,2024-04-06,Card
2749,1568,1316,4,501,2004,2024-07-04,UPI
2750,1910,1653,2,264,528,2024-12-15,UPI
2751,431,864,4,242,968,2024-03-18,Card
2752,140,1809,3,208,624,2025-03-03,COD
2753,1121,812,1,476,476,2025-01-06,COD
2754,674,53,3,302,906,2024-11-15,Card
2755,1869,606,1,241,241,2025-03-26,COD
2756,499,51,3,226,678,2024-09-20,Card
2757,1117,1516,4,268,1072,2024-11-08,Card
2758,1637,703,2,250,500,2024-08-21,COD
2759,1506,499,3,220,660,2024-08-15,COD
2760,31,1246,4,120,480,2024-08-31,UPI
2761,822,943,4,288,1152,2024-02-07,COD
2762,128,368,4,320,1280,2024-01-30,COD
2763,1026,1635,1,374,374,2024-08-02,COD
2764,680,333,3,291,873,2024-04-22,UPI
2765,958,756,4,444,1776,2024-01-01,Card
2766,1235,460,1,581,581,2025-05-08,Card
2767,1708,1619,1,514,514,2024-10-24,Card
2768,1750,461,1,261,261,2025-04-25,Card
2769,1119,1199,2,541,1082,2024-09-30,Card
2770,865,511,4,235,940,2024-08-23,Card
2771,298,918,1,441,441,2025-05-11,COD
2772,707,503,1,233,233,2024-03-08,UPI
2773,264,211,3,424,1272,2025-04-20,Card
2774,1474,608,4,294,1176,2024-03-21,Card
2775,434,553,1,525,525,2025-01-20,COD
2776,523,1002,4,189,756,2024-03-12,COD
2777,1934,681,3,338,1014,2025-04-03,Card
2778,178,404,4,203,812,2024-12-17,UPI
2779,828,1835,1,252,252,2024-10-05,Card
2780,1208,1991,1,136,136,2024-08-15,UPI
2781,1514,1675,1,545,545,2024-01-22,COD
2782,1866,860,2,301,602,2025-02-13,COD
2783,1336,370,4,132,528,2024-12-16,UPI
2784,942,1412,1,325,325,2024-05-15,Card
2785,244,211,4,424,1696,2024-02-05,COD
2786,1557,714,2,530,1060,2024-08-10,Card
2787,1302,1194,3,324,972,2024-08-15,UPI
2788,960,677,1,281,281,2025-03-19,COD
2789,1967,838,2,214,428,2024-11-21,COD
2790,1413,708,3,554,1662,2025-03-18,COD
2791,478,1549,3,200,600,2024-07-19,COD
2792,1237,862,2,421,842,2024-10-01,UPI
2793,1253,327,1,424,424,2025-04-13,COD
2794,119,1400,2,543,1086,2024-10-17,UPI
2795,638,550,1,108,108,2024-01-27,Card
2796,1395,1874,1,482,482,2024-10-14,UPI
2797,700,410,1,331,331,2024-09-08,UPI
2798,1748,680,3,211,633,2024-10-30,COD
2799,1401,1822,1,263,263,2024-12-02,Card
2800,1379,652,2,339,678,2025-04-08,UPI
2801,421,160,2,450,900,2025-01-02,UPI
2802,215,310,4,498,1992,2024-04-19,UPI
2803,765,161,4,198,792,2024-02-22,UPI
2804,1217,289,3,203,609,2024-10-26,Card
2805,204,190,4,368,1472,2024-08-25,Card
2806,1245,200,4,185,740,2024-09-22,Card
2807,172,504,3,355,1065,2025-01-14,COD
2808,244,1613,4,484,1936,2024-08-26,UPI
2809,1479,346,2,361,722,2024-05-07,Card
2810,1977,984,4,503,2012,2024-07-19,Card
2811,734,368,4,320,1280,2024-01-16,UPI
2812,8,924,2,528,1056,2024-10-27,Card
2813,1184,1694,4,146,584,2024-12-06,Card
2814,388,98,2,306,612,2024-03-24,COD
2815,1689,67,1,252,252,2024-08-08,UPI
2816,138,483,1,187,187,2024-05-06,COD
2817,496,622,2,281,562,2025-05-15,UPI
2818,1945,1235,3,218,654,2024-08-18,Card
2819,1637,328,1,545,545,2024-07-10,Card
2820,781,739,2,303,606,2024-01-02,UPI
2821,1193,865,4,123,492,2024-10-05,UPI
2822,700,1248,4,206,824,2024-01-23,UPI
2823,495,7,2,191,382,2025-03-08,COD
2824,1252,85,2,573,1146,2025-04-06,COD
2825,416,946,1,295,295,2025-05-11,COD
2826,1257,314,4,455,1820,2024-01-05,Card
2827,1272,152,1,355,355,2025-04-05,Card
2828,155,1146,3,168,504,2025-03-21,Card
2829,132,1751,4,476,1904,2024-08-23,UPI
2830,1839,1749,1,100,100,2024-06-29,Card
2831,699,1390,1,567,567,2024-10-31,UPI
2832,1286,1536,4,259,1036,2024-05-11,UPI
2833,1672,1535,2,483,966,2024-03-15,UPI
2834,836,864,3,242,726,2024-09-23,UPI
2835,903,523,2,379,758,2024-02-07,COD
2836,1457,1179,4,598,2392,2024-06-16,COD
2837,1278,1919,2,128,256,2024-03-10,UPI
2838,1913,1096,4,508,2032,2024-10-25,COD
2839,1879,1710,4,360,1440,2024-01-22,UPI
2840,749,1023,4,344,1376,2024-03-21,COD
2841,1050,572,4,580,2320,2024-06-08,UPI
2842,1108,319,2,576,1152,2024-01-31,Card
2843,704,1526,1,600,600,2024-12-16,UPI
2844,988,21,2,574,1148,2025-03-16,Card
2845,710,1181,3,119,357,2025-03-03,UPI
2846,219,831,1,428,428,2024-02-21,Card
2847,1663,1695,3,201,603,2024-05-27,UPI
2848,190,26,2,238,476,2024-03-03,UPI
2849,1321,266,4,532,2128,2025-02-20,UPI
2850,1905,1009,4,471,1884,2025-03-28,UPI
2851,1164,1089,1,561,561,2025-02-07,COD
2852,1253,1602,2,532,1064,2025-01-23,COD
2853,1725,249,1,271,271,2025-01-22,UPI
2854,714,1866,3,298,894,2024-11-14,UPI
2855,684,1187,3,105,315,2024-03-23,Card
2856,1323,140,3,278,834,2024-09-11,COD
2857,1584,1558,4,124,496,2024-06-11,COD
2858,1961,908,2,519,1038,2024-08-12,COD
2859,417,300,1,269,269,2024-06-22,COD
2860,1688,1372,4,567,2268,2024-02-02,Card
2861,403,800,3,296,888,2024-09-13,UPI
2862,1598,383,4,226,904,2025-05-01,UPI
2863,1230,1323,2,337,674,2024-03-12,COD
2864,637,317,4,200,800,2024-02-11,COD
2865,1817,155,2,591,1182,2024-05-08,COD
2866,472,241,2,195,390,2024-12-01,COD
2867,1491,849,1,212,212,2024-09-05,COD
2868,521,766,1,251,251,2024-03-16,UPI
2869,1400,1842,4,581,2324,2024-02-01,Card
2870,594,298,3,501,1503,2024-11-18,Card
2871,222,302,4,108,432,2024-07-28,UPI
2872,1253,1800,1,188,188,2025-01-02,Card
2873,1159,1446,1,361,361,2025-01-08,Card
2874,1727,1979,2,538,1076,2024-01-30,UPI
2875,1342,1799,2,575,1150,2025-01-26,Card
2876,107,1133,2,271,542,2024-10-03,UPI
2877,1140,1767,3,252,756,2024-08-07,Card
2878,1676,1964,4,331,1324,2025-01-18,UPI
2879,52,962,3,568,1704,2025-02-10,Card
2880,1613,532,2,341,682,2024-01-06,UPI
2881,1677,47,2,338,676,2024-11-28,Card
2882,549,233,4,166,664,2024-07-01,Card
2883,268,1446,1,361,361,2025-01-03,COD
2884,1127,1163,3,525,1575,2024-07-24,UPI
2885,1423,1101,3,476,1428,2024-04-25,Card
2886,1228,935,1,582,582,2024-10-11,Card
2887,1939,1436,2,390,780,2024-09-27,COD
2888,1268,419,3,279,837,2024-09-24,COD
2889,64,267,1,301,301,2024-04-08,Card
2890,1528,908,3,519,1557,2024-11-14,COD
2891,1455,552,1,504,504,2025-02-10,Card
2892,769,905,3,466,1398,2025-03-09,COD
2893,1032,1963,3,531,1593,2024-10-04,COD
2894,1956,1525,4,316,1264,2024-11-16,UPI
2895,451,1397,1,285,285,2024-09-12,Card
2896,1688,1802,2,155,310,2024-02-12,Card
2897,1305,1554,3,495,1485,2024-10-07,COD
2898,1679,558,4,233,932,2024-09-13,UPI
2899,1790,301,4,297,1188,2024-04-23,COD
2900,1082,937,4,390,1560,2024-11-22,Card
2901,1250,404,2,203,406,2025-04-26,COD
2902,811,293,1,406,406,2024-12-31,Card
2903,548,510,2,374,748,2024-11-15,Card
2904,1514,1391,4,439,1756,2024-11-09,Card
2905,1526,922,4,207,828,2025-05-04,Card
2906,874,437,2,313,626,2024-07-17,Card
2907,933,1112,1,435,435,2024-10-04,COD
2908,670,146,3,271,813,2025-03-24,COD
2909,896,1570,3,391,1173,2024-03-14,COD
2910,1738,826,3,321,963,2025-01-11,COD
2911,348,332,2,393,786,2024-07-03,Card
2912,452,707,2,163,326,2025-01-23,COD
2913,477,857,1,103,103,2025-04-08,Card
2914,145,1986,2,264,528,2025-04-13,Card
2915,350,1171,3,477,1431,2025-03-11,UPI
2916,220,1635,4,374,1496,2024-09-14,COD
2917,1437,1760,2,415,830,2024-07-15,UPI
2918,1525,82,2,207,414,2025-02-04,COD
2919,27,1047,4,423,1692,2025-03-04,UPI
2920,1157,1749,1,100,100,2024-03-10,COD
2921,1811,1920,1,288,288,2024-10-18,UPI
2922,1663,1319,3,560,1680,2025-02-23,UPI
2923,581,1663,3,270,810,2024-01-08,COD
2924,1388,1431,1,120,120,2025-03-24,Card
2925,1769,1993,2,255,510,2025-05-05,UPI
2926,161,987,1,269,269,2024-07-05,Card
2927,453,1006,2,383,766,2024-11-22,COD
2928,1239,918,1,441,441,2024-05-11,COD
2929,106,1338,1,564,564,2025-02-18,COD
2930,628,952,2,418,836,2025-05-07,COD
2931,771,777,1,425,425,2024-03-11,Card
2932,1997,1583,1,358,358,2024-05-09,UPI
2933,323,1843,2,271,542,2024-02-02,COD
2934,887,1511,1,534,534,2024-09-24,Card
2935,1962,1597,3,151,453,2024-03-07,Card
2936,1688,1059,1,349,349,2024-06-01,UPI
2937,1203,1709,2,117,234,2024-04-01,Card
2938,1312,850,2,392,784,2024-12-07,UPI
2939,1322,3,4,230,920,2025-01-12,COD
2940,788,771,3,436,1308,2024-08-13,UPI
2941,1696,1747,4,593,2372,2024-03-03,UPI
2942,894,1070,3,215,645,2025-04-03,COD
2943,1274,152,4,355,1420,2024-05-24,COD
2944,1597,14,3,545,1635,2024-05-11,UPI
2945,384,279,3,569,1707,2025-03-09,UPI
2946,1994,1943,4,206,824,2024-03-16,COD
2947,256,366,4,204,816,2024-04-14,Card
2948,55,1306,1,571,571,2024-08-11,UPI
2949,1838,1023,1,344,344,2025-01-04,UPI
2950,705,1617,1,484,484,2024-04-17,UPI
2951,136,1889,2,262,524,2024-10-26,COD
2952,1830,1510,1,450,450,2025-01-16,Card
2953,371,1867,4,189,756,2024-03-20,Card
2954,1677,877,4,260,1040,2024-06-03,COD
2955,318,1297,3,542,1626,2024-03-08,COD
2956,1353,1042,4,520,2080,2024-06-27,UPI
2957,885,759,1,356,356,2025-03-30,UPI
2958,647,688,3,219,657,2024-02-04,COD
2959,1272,765,1,477,477,2024-03-23,UPI
2960,149,573,4,361,1444,2025-02-08,UPI
2961,1947,1899,1,186,186,2024-07-22,UPI
2962,73,1005,3,108,324,2024-07-03,COD
2963,1452,1042,4,520,2080,2024-07-11,UPI
2964,1218,357,3,482,1446,2025-03-29,COD
2965,371,995,4,409,1636,2024-12-20,Card
2966,995,199,2,483,966,2025-03-23,UPI
2967,1042,1495,3,572,1716,2025-04-15,UPI
2968,1159,783,4,284,1136,2024-08-07,COD
2969,1447,1075,2,222,444,2024-11-06,Card
2970,439,135,2,264,528,2025-01-16,UPI
2971,742,200,2,185,370,2024-12-18,COD
2972,1693,1061,2,569,1138,2024-03-07,Card
2973,523,440,4,179,716,2025-02-28,Card
2974,1820,877,4,260,1040,2025-04-01,UPI
2975,757,1443,4,192,768,2024-02-25,COD
2976,1237,870,4,178,712,2024-12-19,UPI
2977,1308,85,1,573,573,2024-09-20,COD
2978,1125,181,1,168,168,2024-11-25,Card
2979,723,1638,1,106,106,2024-02-22,Card
2980,1314,473,1,340,340,2024-01-29,COD
2981,1692,1479,1,208,208,2024-02-23,UPI
2982,1741,289,3,203,609,2024-12-25,Card
2983,1043,106,2,325,650,2024-12-27,COD
2984,1306,115,3,548,1644,2024-08-21,COD
2985,763,1224,4,456,1824,2024-07-20,UPI
2986,1997,1116,1,597,597,2024-10-19,UPI
2987,662,1471,2,430,860,2024-01-03,COD
2988,957,1870,2,166,332,2024-02-05,COD
2989,256,1714,4,153,612,2025-03-23,Card
2990,1797,731,4,198,792,2024-03-20,COD
2991,674,1980,2,288,576,2025-04-12,COD
2992,1029,599,4,382,1528,2024-11-02,Card
2993,844,761,2,299,598,2024-05-23,COD
2994,1966,1903,2,572,1144,2024-09-29,COD
2995,686,500,1,225,225,2024-02-28,UPI
2996,476,364,3,435,1305,2024-08-05,COD
2997,915,1797,1,308,308,2024-12-30,Card
2998,1844,259,3,289,867,2025-01-12,Card
2999,797,1230,3,523,1569,2024-09-14,Card
3000,877,231,4,542,2168,2025-03-28,COD
3001,82,1490,4,118,472,2024-04-29,COD
3002,1560,1830,3,526,1578,2024-10-24,COD
3003,1754,1674,2,109,218,2024-08-05,COD
3004,309,1538,4,131,524,2025-04-19,COD
3005,1520,471,4,235,940,2024-07-07,COD
3006,1405,1236,4,397,1588,2025-02-09,COD
3007,1121,932,3,476,1428,2024-02-02,COD
3008,349,1921,2,432,864,2024-11-07,UPI
3009,987,1009,4,471,1884,2024-12-18,COD
3010,1721,1215,2,345,690,2024-11-01,Card
3011,382,274,3,529,1587,2024-01-16,Card
3012,1179,888,2,116,232,2024-06-16,UPI
3013,1499,359,4,358,1432,2024-07-21,COD
3014,1093,1015,3,473,1419,2024-03-02,COD
3015,421,17,1,496,496,2024-10-21,COD
3016,1942,800,1,296,296,2024-05-08,Card
3017,1263,1254,4,202,808,2024-04-19,COD
3018,1654,1091,3,474,1422,2024-03-29,COD
3019,552,385,2,203,406,2024-09-04,UPI
3020,1720,1900,3,495,1485,2024-03-28,UPI
3021,541,111,4,554,2216,2024-10-11,Card
3022,119,239,3,277,831,2025-01-22,COD
3023,1261,1479,2,208,416,2024-10-26,Card
3024,1610,150,3,489,1467,2025-02-10,Card
3025,1286,1269,3,594,1782,2024-01-01,Card
3026,1578,1398,2,139,278,2024-08-11,COD
3027,1150,89,3,370,1110,2025-05-02,COD
3028,256,1947,4,195,780,2024-04-04,Card
3029,1061,812,4,476,1904,2024-02-24,Card
3030,1865,1815,1,280,280,2024-07-07,UPI
3031,138,522,1,285,285,2024-08-14,COD
3032,1431,1517,3,209,627,2024-03-16,COD
3033,1506,48,1,343,343,2024-06-26,COD
3034,178,1580,2,318,636,2024-04-09,UPI
3035,144,324,3,138,414,2024-06-10,Card
3036,742,1630,3,519,1557,2024-05-18,COD
3037,1977,1501,2,417,834,2024-02-07,UPI
3038,632,1249,1,488,488,2024-11-26,UPI
3039,1253,1338,1,564,564,2025-01-15,UPI
3040,1583,736,2,354,708,2024-07-29,COD
3041,1069,1481,4,193,772,2025-05-06,UPI
3042,986,1290,1,359,359,2024-05-18,UPI
3043,181,1968,4,580,2320,2024-08-24,COD
3044,1188,278,3,515,1545,2025-02-12,Card
3045,1634,678,3,159,477,2024-05-02,UPI
3046,1754,1454,2,455,910,2024-08-19,UPI
3047,1103,1356,2,579,1158,2024-01-04,COD
3048,1314,1625,4,503,2012,2025-02-24,UPI
3049,559,1092,2,587,1174,2024-07-06,COD
3050,93,1421,4,316,1264,2025-02-17,Card
3051,397,618,2,262,524,2024-07-25,UPI
3052,1313,921,1,369,369,2024-10-28,Card
3053,1339,443,4,206,824,2024-12-12,COD
3054,1220,888,2,116,232,2024-08-11,COD
3055,1129,956,3,530,1590,2024-02-27,UPI
3056,1770,1310,3,288,864,2025-05-02,COD
3057,655,334,3,438,1314,2024-05-17,UPI
3058,1863,1306,1,571,571,2024-10-03,COD
3059,585,341,4,517,2068,2024-02-16,COD
3060,722,678,4,159,636,2024-03-26,COD
3061,1410,585,4,196,784,2024-01-23,COD
3062,945,611,2,435,870,2024-12-13,UPI
3063,1200,296,4,587,2348,2025-03-30,Card
3064,1545,193,4,340,1360,2024-03-30,COD
3065,1976,47,2,338,676,2024-03-13,COD
3066,1820,569,3,187,561,2024-10-04,COD
3067,1276,986,3,188,564,2024-03-12,UPI
3068,1360,146,2,271,542,2025-01-24,UPI
3069,1562,1859,4,208,832,2024-02-05,COD
3070,1494,158,4,505,2020,2024-04-19,Card
3071,1017,28,3,505,1515,2024-02-26,UPI
3072,389,669,3,303,909,2025-01-15,COD
3073,126,1134,4,263,1052,2024-06-27,UPI
3074,537,619,3,519,1557,2024-01-02,COD
3075,84,353,4,212,848,2025-03-21,UPI
3076,937,677,3,281,843,2025-01-03,UPI
3077,1933,711,1,559,559,2025-02-16,COD
3078,1412,1433,2,562,1124,2024-06-01,UPI
3079,266,1401,2,325,650,2025-01-16,UPI
3080,1527,175,2,442,884,2024-10-08,UPI
3081,315,1686,4,337,1348,2024-12-16,UPI
3082,1117,1564,4,454,1816,2024-01-17,Card
3083,1096,438,4,533,2132,2024-10-09,UPI
3084,614,760,3,241,723,2024-06-18,UPI
3085,687,434,4,149,596,2024-02-03,COD
3086,1846,881,4,124,496,2024-01-22,UPI
3087,1178,701,2,218,436,2024-11-26,UPI
3088,1822,1191,1,567,567,2024-05-01,COD
3089,1569,607,3,263,789,2024-10-12,UPI
3090,735,73,4,134,536,2025-01-21,Card
3091,1111,1856,1,490,490,2024-09-26,Card
3092,798,80,2,287,574,2024-09-09,COD
3093,1041,1773,2,202,404,2024-06-15,COD
3094,136,1901,2,235,470,2024-03-22,COD
3095,506,954,4,517,2068,2024-09-19,UPI
3096,1053,1629,4,339,1356,2025-03-02,UPI
3097,1581,1533,3,150,450,2024-09-26,Card
3098,96,565,3,156,468,2024-05-12,Card
3099,523,756,1,444,444,2024-11-02,Card
3100,235,418,1,286,286,2024-04-11,COD
3101,1760,1749,1,100,100,2024-02-19,UPI
3102,1364,511,3,235,705,2024-08-31,Card
3103,1907,1798,3,413,1239,2025-04-19,UPI
3104,1458,1733,1,250,250,2024-04-27,Card
3105,598,1588,2,464,928,2024-02-08,Card
3106,472,1603,2,190,380,2024-01-06,UPI
3107,805,1615,3,240,720,2024-04-30,UPI
3108,955,1319,2,560,1120,2024-11-20,UPI
3109,93,1378,2,404,808,2024-06-15,Card
3110,1375,1744,4,224,896,2024-02-25,Card
3111,1553,155,1,591,591,2025-02-03,UPI
3112,1636,881,2,124,248,2024-10-15,COD
3113,600,481,3,211,633,2025-03-19,UPI
3114,1142,1592,4,357,1428,2024-02-09,UPI
3115,372,962,3,568,1704,2025-03-01,Card
3116,1378,1040,3,390,1170,2024-10-14,UPI
3117,649,1870,1,166,166,2025-03-05,Card
3118,296,525,2,270,540,2024-08-26,Card
3119,1569,1653,2,264,528,2024-06-22,UPI
3120,3,634,1,261,261,2025-04-25,UPI
3121,968,1049,4,351,1404,2025-04-17,UPI
3122,656,475,1,498,498,2024-08-31,Card
3123,1386,524,2,213,426,2024-05-01,COD
3124,1558,252,4,537,2148,2024-01-12,COD
3125,1125,1237,1,201,201,2024-11-18,COD
3126,1518,224,4,215,860,2024-03-17,UPI
3127,1052,896,1,384,384,2024-10-11,Card
3128,659,88,3,142,426,2024-06-24,UPI
3129,33,489,2,482,964,2024-01-20,Card
3130,1553,1879,3,374,1122,2025-02-21,Card
3131,806,1327,4,127,508,2024-10-22,COD
3132,607,6,2,133,266,2024-12-29,Card
3133,1426,67,4,252,1008,2024-03-21,COD
3134,1071,1569,1,156,156,2024-02-28,UPI
3135,316,1303,1,561,561,2025-01-20,Card
3136,1349,1079,2,210,420,2024-04-30,UPI
3137,375,1447,2,594,1188,2024-08-31,UPI
3138,1115,1829,2,304,608,2024-05-22,Card
3139,1890,1065,4,535,2140,2024-12-05,Card
3140,342,1594,4,143,572,2024-12-29,Card
3141,20,1424,3,364,1092,2024-09-14,COD
3142,1218,243,1,461,461,2024-11-03,Card
3143,277,1453,4,515,2060,2024-03-27,COD
3144,1335,1836,3,550,1650,2024-04-26,COD
3145,647,1794,2,329,658,2024-08-02,COD
3146,1751,1117,3,551,1653,2024-06-12,COD
3147,249,234,1,178,178,2024-10-11,COD
3148,395,883,1,417,417,2024-08-06,UPI
3149,307,487,4,418,1672,2024-03-07,COD
3150,1986,1065,2,535,1070,2024-11-27,Card
3151,301,1429,2,124,248,2025-03-02,UPI
3152,1111,257,4,422,1688,2024-05-03,COD
3153,1146,390,1,319,319,2024-08-12,Card
3154,29,1938,1,186,186,2024-02-14,UPI
3155,1951,957,2,212,424,2025-04-10,Card
3156,74,1357,1,580,580,2024-10-23,UPI
3157,1266,1428,3,576,1728,2025-05-01,UPI
3158,999,1891,2,580,1160,2024-11-13,UPI
3159,29,283,4,426,1704,2024-06-15,COD
3160,462,1159,1,119,119,2024-11-07,UPI
3161,1309,81,4,172,688,2024-08-18,Card
3162,1447,196,2,433,866,2024-08-29,Card
3163,955,974,1,173,173,2024-07-27,Card
3164,492,946,1,295,295,2024-11-24,UPI
3165,410,1254,2,202,404,2024-04-05,COD
3166,1125,1243,1,199,199,2025-02-10,COD
3167,1053,71,4,186,744,2025-04-16,Card
3168,598,829,3,593,1779,2024-06-12,UPI
3169,42,469,4,274,1096,2024-10-09,UPI
3170,268,683,2,336,672,2024-05-18,Card
3171,1559,830,3,133,399,2025-04-21,UPI
3172,1020,438,4,533,2132,2024-06-27,COD
3173,1015,798,2,264,528,2024-03-17,Card
3174,1872,1175,1,537,537,2024-01-15,COD
3175,1407,905,4,466,1864,2024-09-29,UPI
3176,1182,597,4,516,2064,2024-10-29,UPI
3177,1134,1343,3,118,354,2025-01-25,COD
3178,1480,1305,2,343,686,2024-11-22,UPI
3179,1804,1688,3,123,369,2024-11-28,COD
3180,904,1117,4,551,2204,2024-03-09,Card
3181,1043,1046,3,172,516,2024-11-13,UPI
3182,702,664,2,572,1144,2024-12-29,Card
3183,575,704,3,517,1551,2024-03-20,UPI
3184,136,960,2,229,458,2025-05-11,COD
3185,505,819,2,298,596,2025-01-27,UPI
3186,1514,1062,2,453,906,2024-08-16,COD
3187,1344,189,2,400,800,2024-11-29,UPI
3188,1813,1710,4,360,1440,2024-11-24,UPI
3189,237,1558,1,124,124,2024-09-11,Card
3190,1319,1108,3,524,1572,2025-02-14,Card
3191,1244,127,1,258,258,2024-10-12,UPI
3192,1472,1218,2,440,880,2025-01-05,Card
3193,1665,1395,1,260,260,2024-04-16,Card
3194,1651,600,2,563,1126,2024-09-04,COD
3195,771,372,1,451,451,2024-11-12,COD
3196,1867,1010,4,397,1588,2024-06-24,UPI
3197,1052,1332,1,514,514,2024-05-15,COD
3198,232,513,1,186,186,2024-05-10,COD
3199,1372,1745,4,260,1040,2024-11-25,UPI
3200,1566,1217,2,259,518,2024-11-02,Card
3201,1058,1248,1,206,206,2024-01-28,Card
3202,1454,734,3,593,1779,2024-02-09,Card
3203,1813,625,2,187,374,2024-06-15,Card
3204,558,800,3,296,888,2025-02-21,COD
3205,679,973,3,321,963,2024-12-29,COD
3206,1329,948,4,174,696,2025-04-15,COD
3207,1706,1428,2,576,1152,2024-11-05,UPI
3208,482,1587,3,250,750,2024-05-28,COD
3209,1313,949,2,448,896,2024-05-08,COD
3210,1791,680,1,211,211,2024-03-15,COD
3211,298,408,3,528,1584,2024-07-23,Card
3212,394,899,2,507,1014,2024-08-26,Card
3213,1671,1526,4,600,2400,2024-06-11,Card
3214,1966,207,4,269,1076,2024-06-10,Card
3215,1085,744,1,419,419,2024-12-02,UPI
3216,1264,1089,3,561,1683,2024-08-12,Card
3217,1723,972,1,502,502,2024-12-31,COD
3218,672,871,2,596,1192,2024-12-11,Card
3219,1474,419,3,279,837,2024-09-16,COD
3220,124,712,3,481,1443,2025-04-22,Card
3221,328,21,3,574,1722,2024-09-19,Card
3222,1691,649,1,561,561,2025-01-24,COD
3223,1622,257,4,422,1688,2024-01-21,Card
3224,1439,1781,2,393,786,2025-04-26,Card
3225,799,1950,4,497,1988,2024-03-18,Card
3226,1492,872,3,572,1716,2024-07-26,UPI
3227,1907,1357,3,580,1740,2024-08-02,Card
3228,3,1506,1,148,148,2024-08-17,UPI
3229,1832,198,2,190,380,2024-06-10,UPI
3230,1108,1107,2,599,1198,2024-10-17,Card
3231,1213,109,3,127,381,2024-06-05,COD
3232,1967,1928,3,446,1338,2025-01-13,UPI
3233,883,545,1,492,492,2024-03-08,Card
3234,913,1190,2,380,760,2025-03-25,UPI
3235,1397,221,4,222,888,2025-04-16,Card
3236,1531,1227,1,513,513,2024-05-25,COD
3237,971,277,1,483,483,2024-11-12,Card
3238,789,1663,1,270,270,2024-09-12,COD
3239,1737,1333,4,306,1224,2025-05-12,UPI
3240,1882,1141,4,186,744,2024-09-20,COD
3241,1930,1250,3,410,1230,2024-12-16,UPI
3242,1202,1846,4,508,2032,2024-06-13,COD
3243,1067,1090,4,552,2208,2024-08-22,COD
3244,1549,1087,3,252,756,2024-03-05,UPI
3245,1875,371,4,193,772,2025-01-21,Card
3246,1456,1894,2,334,668,2025-01-15,UPI
3247,140,96,4,155,620,2024-04-23,Card
3248,1510,805,3,354,1062,2025-03-03,UPI
3249,1264,217,3,163,489,2024-07-09,Card
3250,71,1800,1,188,188,2024-04-16,UPI
3251,1143,1782,2,534,1068,2024-10-04,UPI
3252,1802,1563,1,248,248,2024-01-15,Card
3253,1869,437,2,313,626,2024-03-02,UPI
3254,447,1991,2,136,272,2024-06-13,COD
3255,723,1390,4,567,2268,2024-03-10,COD
3256,1049,1983,1,382,382,2025-05-15,COD
3257,38,1092,2,587,1174,2025-02-01,COD
3258,250,1063,3,136,408,2025-04-29,Card
3259,47,1065,2,535,1070,2024-03-08,COD
3260,1625,723,4,400,1600,2024-10-05,COD
3261,1984,1852,1,376,376,2024-03-13,COD
3262,239,39,3,580,1740,2024-01-19,COD
3263,1126,715,2,521,1042,2024-01-15,UPI
3264,1108,1502,2,489,978,2024-03-17,COD
3265,1988,1506,1,148,148,2024-02-16,UPI
3266,327,1140,4,465,1860,2024-06-30,Card
3267,304,61,4,480,1920,2024-09-01,Card
3268,1688,248,2,123,246,2024-03-29,COD
3269,190,1535,1,483,483,2024-04-15,Card
3270,1922,1192,1,201,201,2024-08-15,UPI
3271,1936,971,4,316,1264,2025-03-16,COD
3272,155,383,2,226,452,2024-12-13,Card
3273,1847,899,2,507,1014,2025-03-05,Card
3274,1334,1029,2,551,1102,2025-01-01,Card
3275,1647,1730,1,579,579,2024-01-13,Card
3276,501,539,1,233,233,2024-10-24,COD
3277,795,202,3,577,1731,2025-04-17,COD
3278,430,1448,1,366,366,2024-11-12,UPI
3279,165,1994,2,302,604,2025-03-14,COD
3280,1042,1290,1,359,359,2024-11-05,Card
3281,1172,1593,2,403,806,2024-12-20,COD
3282,1271,1399,4,541,2164,2024-12-01,UPI
3283,201,1460,2,278,556,2024-09-11,COD
3284,1687,765,4,477,1908,2024-08-19,Card
3285,754,640,1,521,521,2024-06-24,Card
3286,1756,1745,2,260,520,2024-03-21,Card
3287,757,1216,4,561,2244,2024-05-26,COD
3288,1549,1487,4,188,752,2024-10-23,UPI
3289,1647,618,1,262,262,2024-05-14,UPI
3290,1557,1431,3,120,360,2025-03-04,COD
3291,803,1363,1,326,326,2024-07-30,UPI
3292,783,570,2,392,784,2024-09-16,Card
3293,804,46,2,290,580,2025-01-11,Card
3294,1062,1775,1,517,517,2024-06-14,Card
3295,739,1110,2,488,976,2025-01-06,UPI
3296,1541,908,1,519,519,2024-01-05,UPI
3297,384,1109,3,252,756,2024-05-11,Card
3298,1406,824,2,235,470,2025-05-15,UPI
3299,212,1503,4,406,1624,2024-11-13,UPI
3300,1999,1245,3,274,822,2024-05-07,UPI
3301,1459,141,3,538,1614,2025-04-17,Card
3302,1456,371,3,193,579,2024-12-10,Card
3303,1438,262,4,183,732,2025-01-06,UPI
3304,1305,274,2,529,1058,2024-05-22,UPI
3305,1011,1862,2,494,988,2024-04-08,UPI
3306,866,1955,2,244,488,2024-03-01,UPI
3307,282,432,3,172,516,2024-04-29,UPI
3308,640,1487,2,188,376,2024-11-26,UPI
3309,485,1638,2,106,212,2025-03-01,Card
3310,181,539,2,233,466,2024-05-28,UPI
3311,466,480,3,318,954,2024-10-01,UPI
3312,1995,1531,3,473,1419,2024-02-15,COD
3313,1785,311,4,209,836,2024-03-22,UPI
3314,956,575,2,585,1170,2025-02-24,UPI
3315,1522,1829,1,304,304,2024-04-05,Card
3316,288,1512,2,302,604,2025-01-10,COD
3317,1491,1248,3,206,618,2024-10-12,COD
3318,148,893,4,525,2100,2025-04-12,COD
3319,1147,1709,3,117,351,2024-08-04,Card
3320,842,1505,4,126,504,2025-01-02,Card
3321,1228,1070,3,215,645,2024-03-20,UPI
3322,760,563,4,425,1700,2024-07-25,COD
3323,1207,1685,4,137,548,2025-02-05,UPI
3324,1104,788,4,199,796,2024-04-13,Card
3325,650,33,4,150,600,2024-01-01,Card
3326,1805,1739,1,253,253,2025-01-19,Card
3327,1455,1853,4,165,660,2024-06-07,Card
3328,781,1918,4,560,2240,2024-08-31,UPI
3329,298,597,4,516,2064,2024-10-12,Card
3330,79,1127,2,449,898,2024-09-19,COD
3331,121,1872,1,347,347,2024-03-01,COD
3332,491,1390,4,567,2268,2024-07-11,Card
3333,1721,564,2,124,248,2024-10-11,UPI
3334,557,1208,4,389,1556,2024-06-18,Card
3335,631,666,3,465,1395,2024-12-22,UPI
3336,145,215,3,167,501,2024-08-10,Card
3337,1109,11,3,403,1209,2025-03-05,UPI
3338,1681,1705,3,437,1311,2024-02-04,Card
3339,1406,179,3,420,1260,2024-03-14,Card
3340,1671,178,4,114,456,2025-03-01,UPI
3341,1954,835,2,330,660,2025-02-22,COD
3342,1539,1021,2,197,394,2024-07-29,COD
3343,1427,58,1,241,241,2024-03-26,Card
3344,396,62,4,179,716,2024-04-26,Card
3345,438,1393,4,302,1208,2025-02-15,Card
3346,235,1874,1,482,482,2024-11-25,Card
3347,1583,1864,3,221,663,2024-01-12,COD
3348,1181,1937,2,151,302,2025-02-06,UPI
3349,1005,1305,2,343,686,2024-12-13,COD
3350,257,996,1,149,149,2024-07-17,COD
3351,994,114,1,344,344,2025-02-11,Card
3352,1111,930,4,159,636,2024-06-10,UPI
3353,550,1271,1,205,205,2025-05-09,COD
3354,458,712,2,481,962,2024-03-30,Card
3355,1923,5,4,560,2240,2024-04-27,UPI
3356,223,1423,3,221,663,2024-08-07,UPI
3357,1092,1327,3,127,381,2024-03-24,UPI
3358,1257,1182,1,162,162,2024-05-17,UPI
3359,1193,1783,1,254,254,2024-04-15,UPI
3360,295,1351,4,436,1744,2024-06-11,COD
3361,249,454,4,425,1700,2024-08-30,Card
3362,1290,133,1,483,483,2024-06-24,COD
3363,363,285,2,145,290,2025-03-28,Card
3364,292,371,1,193,193,2024-05-14,Card
3365,407,71,4,186,744,2024-05-10,COD
3366,309,82,1,207,207,2024-12-20,Card
3367,1230,363,3,116,348,2024-02-16,UPI
3368,151,157,3,413,1239,2024-10-02,COD
3369,74,1670,4,184,736,2024-03-30,UPI
3370,773,1629,3,339,1017,2024-01-24,COD
3371,1640,1826,3,313,939,2024-03-23,UPI
3372,1980,16,1,588,588,2025-01-12,UPI
3373,395,707,3,163,489,2024-01-03,UPI
3374,891,1164,3,101,303,2025-01-21,UPI
3375,1136,223,3,426,1278,2024-04-14,COD
3376,1116,4,1,197,197,2024-05-27,Card
3377,461,892,2,272,544,2025-01-13,COD
3378,1851,999,3,139,417,2024-06-08,Card
3379,193,451,1,535,535,2024-04-21,COD
3380,1906,1066,3,310,930,2025-03-29,COD
3381,1722,549,2,158,316,2025-04-02,UPI
3382,1382,234,4,178,712,2024-04-08,Card
3383,389,695,3,353,1059,2025-02-24,COD
3384,258,1319,4,560,2240,2024-07-29,UPI
3385,1160,1348,2,419,838,2024-04-01,UPI
3386,1978,637,2,383,766,2025-05-04,UPI
3387,607,1226,4,390,1560,2024-02-05,UPI
3388,1704,515,2,135,270,2024-05-06,UPI
3389,1012,670,1,574,574,2024-01-26,COD
3390,686,1636,2,270,540,2024-07-24,UPI
3391,1042,393,4,220,880,2024-03-07,UPI
3392,1386,1876,2,136,272,2024-09-07,Card
3393,654,1687,4,120,480,2025-05-12,COD
3394,1819,1372,4,567,2268,2024-06-27,Card
3395,358,1549,4,200,800,2025-04-14,COD
3396,1942,295,1,450,450,2024-05-03,UPI
3397,1648,662,2,195,390,2024-01-03,Card
3398,1814,828,3,474,1422,2024-06-25,UPI
3399,1673,1822,1,263,263,2024-01-31,UPI
3400,1726,449,3,464,1392,2024-04-23,UPI
3401,1216,605,2,275,550,2025-05-03,Card
3402,96,1625,3,503,1509,2024-05-10,Card
3403,1635,746,1,118,118,2024-04-14,UPI
3404,1634,1155,3,339,1017,2024-05-29,Card
3405,434,1025,2,302,604,2024-05-12,UPI
3406,1030,1059,1,349,349,2024-11-23,COD
3407,1471,32,3,192,576,2024-09-09,COD
3408,485,1042,2,520,1040,2025-05-14,Card
3409,762,1742,3,237,711,2024-11-07,UPI
3410,862,584,4,353,1412,2024-05-25,COD
3411,848,746,2,118,236,2024-05-25,COD
3412,1938,952,3,418,1254,2025-04-07,Card
3413,1640,1318,1,469,469,2024-11-21,Card
3414,1463,822,3,267,801,2025-03-03,COD
3415,135,1384,3,539,1617,2024-12-13,Card
3416,506,1000,3,305,915,2025-04-05,COD
3417,704,811,2,273,546,2025-01-09,Card
3418,36,904,2,497,994,2024-02-16,Card
3419,1577,1999,3,221,663,2025-03-15,Card
3420,733,1294,3,508,1524,2024-05-09,Card
3421,1665,557,4,406,1624,2024-12-11,COD
3422,1634,815,4,230,920,2024-06-29,UPI
3423,1088,1365,1,163,163,2024-04-05,UPI
3424,733,1199,1,541,541,2024-01-24,Card
3425,552,540,2,177,354,2024-03-05,COD
3426,739,417,1,151,151,2025-04-07,Card
3427,1375,182,2,330,660,2025-03-28,UPI
3428,1812,714,3,530,1590,2025-04-07,Card
3429,1223,88,4,142,568,2024-07-02,COD
3430,21,668,2,370,740,2024-05-07,UPI
3431,955,179,1,420,420,2024-06-23,UPI
3432,108,1317,4,290,1160,2024-05-16,Card
3433,809,939,3,205,615,2024-07-05,Card
3434,1767,858,3,368,1104,2024-05-16,UPI
3435,939,803,3,116,348,2024-11-16,Card
3436,21,1653,3,264,792,2024-11-17,COD
3437,512,385,3,203,609,2024-08-28,COD
3438,1799,705,2,250,500,2025-01-25,UPI
3439,374,1371,3,237,711,2025-03-24,Card
3440,79,1336,3,290,870,2024-11-07,Card
3441,506,1486,4,291,1164,2024-04-02,COD
3442,818,267,4,301,1204,2024-06-14,UPI
3443,228,1626,2,222,444,2025-03-01,UPI
3444,1627,1358,4,222,888,2025-05-10,UPI
3445,1304,755,1,467,467,2024-09-10,COD
3446,578,1926,4,392,1568,2024-05-23,COD
3447,1256,297,4,459,1836,2024-09-17,UPI
3448,1784,1836,1,550,550,2025-04-05,UPI
3449,1587,1931,3,296,888,2024-05-19,Card
3450,633,1399,4,541,2164,2024-12-12,UPI
3451,3,1777,2,317,634,2025-03-28,Card
3452,397,1908,1,373,373,2025-03-17,COD
3453,332,124,1,150,150,2025-02-01,Card
3454,1016,380,2,375,750,2024-03-27,UPI
3455,603,313,2,388,776,2024-05-25,Card
3456,859,692,3,239,717,2024-11-30,UPI
3457,1543,122,3,301,903,2025-05-12,Card
3458,1449,1279,2,149,298,2025-04-20,UPI
3459,898,799,2,568,1136,2024-01-08,UPI
3460,1277,1187,1,105,105,2024-04-21,COD
3461,975,56,1,289,289,2024-12-30,Card
3462,756,1535,4,483,1932,2024-10-17,Card
3463,1414,879,1,163,163,2025-02-27,Card
3464,1166,1962,1,572,572,2024-07-23,Card
3465,1648,342,1,210,210,2025-01-12,UPI
3466,1750,549,2,158,316,2024-10-20,COD
3467,484,1987,1,243,243,2024-02-11,COD
3468,1982,1835,1,252,252,2024-08-16,UPI
3469,409,1,3,261,783,2024-11-21,COD
3470,1175,589,4,491,1964,2025-01-10,UPI
3471,1993,750,2,542,1084,2024-09-26,Card
3472,1693,1224,2,456,912,2024-05-19,COD
3473,1344,107,1,396,396,2024-02-21,UPI
3474,719,1746,1,142,142,2024-11-15,UPI
3475,1087,262,3,183,549,2024-11-27,UPI
3476,883,48,1,343,343,2025-01-05,Card
3477,1279,1472,4,206,824,2024-04-27,COD
3478,1172,1897,3,355,1065,2025-05-06,Card
3479,1602,1464,2,234,468,2025-02-28,COD
3480,97,532,3,341,1023,2025-01-06,UPI
3481,837,1791,3,596,1788,2024-04-24,UPI
3482,779,1355,4,165,660,2025-02-25,Card
3483,1073,1299,3,296,888,2024-07-09,COD
3484,68,7,1,191,191,2025-01-15,Card
3485,397,411,2,427,854,2024-06-07,UPI
3486,1031,645,4,171,684,2024-06-02,Card
3487,1356,473,3,340,1020,2024-03-26,Card
3488,1802,1471,4,430,1720,2025-04-13,UPI
3489,1866,1335,4,139,556,2024-08-01,Card
3490,680,1490,3,118,354,2024-02-09,Card
3491,1296,537,1,555,555,2024-05-07,UPI
3492,1846,911,2,133,266,2025-02-20,Card
3493,692,1455,4,163,652,2024-06-18,UPI
3494,1763,456,2,304,608,2024-05-26,COD
3495,1844,868,1,594,594,2024-10-20,Card
3496,1824,1796,3,146,438,2024-09-04,COD
3497,852,1966,3,512,1536,2024-01-12,Card
3498,211,734,1,593,593,2025-02-08,COD
3499,946,579,3,400,1200,2024-07-02,Card
3500,1291,1319,1,560,560,2024-02-16,UPI
3501,1962,670,3,574,1722,2025-03-06,Card
3502,1184,1226,4,390,1560,2025-04-14,UPI
3503,1830,1142,2,377,754,2024-06-23,COD
3504,82,1565,2,191,382,2024-03-27,COD
3505,1299,1071,4,342,1368,2024-10-26,COD
3506,1150,810,2,193,386,2024-09-28,Card
3507,1485,1340,3,510,1530,2024-07-08,COD
3508,656,848,2,482,964,2024-11-26,UPI
3509,1456,1449,1,174,174,2024-03-13,COD
3510,1796,793,1,124,124,2024-09-27,UPI
3511,771,633,1,448,448,2025-02-03,UPI
3512,1132,888,4,116,464,2024-02-01,Card
3513,1254,589,1,491,491,2024-11-04,Card
3514,162,1156,1,443,443,2025-04-08,UPI
3515,1503,448,3,118,354,2025-02-11,COD
3516,241,129,1,495,495,2025-05-13,Card
3517,1162,584,3,353,1059,2024-10-28,Card
3518,1047,1370,4,164,656,2025-01-28,COD
3519,1453,1399,2,541,1082,2024-06-05,UPI
3520,366,703,1,250,250,2024-07-11,COD
3521,1301,1869,2,117,234,2025-02-19,Card
3522,1772,524,1,213,213,2024-03-26,UPI
3523,669,290,4,414,1656,2024-03-23,COD
3524,210,215,2,167,334,2025-04-08,COD
3525,1131,712,1,481,481,2024-03-15,Card
3526,1477,799,3,568,1704,2024-03-20,Card
3527,1777,1138,3,437,1311,2024-02-12,Card
3528,644,535,1,294,294,2025-01-23,UPI
3529,1575,1110,3,488,1464,2024-11-17,COD
3530,658,789,1,427,427,2024-10-29,Card
3531,372,1505,2,126,252,2024-04-22,UPI
3532,400,945,2,371,742,2025-01-23,UPI
3533,684,8,4,123,492,2024-02-19,Card
3534,409,606,3,241,723,2025-03-24,Card
3535,426,1291,3,306,918,2024-10-17,Card
3536,1788,1496,3,171,513,2024-07-01,UPI
3537,1912,1207,3,320,960,2025-02-11,COD
3538,71,623,3,376,1128,2024-08-03,Card
3539,665,415,2,394,788,2024-02-11,COD
3540,79,164,4,559,2236,2024-07-13,UPI
3541,1245,1486,2,291,582,2024-03-17,UPI
3542,350,401,3,373,1119,2024-07-09,Card
3543,296,1697,2,287,574,2024-09-09,UPI
3544,621,1979,4,538,2152,2024-03-17,Card
3545,1066,1094,3,204,612,2024-08-31,UPI
3546,1243,342,4,210,840,2024-06-24,Card
3547,1217,775,3,292,876,2024-06-27,COD
3548,716,1214,4,354,1416,2024-04-07,COD
3549,768,1706,4,445,1780,2025-03-26,UPI
3550,910,493,1,421,421,2024-07-23,Card
3551,1171,532,2,341,682,2024-05-20,Card
3552,266,1389,3,339,1017,2024-09-28,COD
3553,1395,1713,2,183,366,2024-10-16,COD
3554,1346,1858,2,587,1174,2024-01-05,Card
3555,1470,619,1,519,519,2025-01-14,Card
3556,411,764,1,548,548,2024-03-20,UPI
3557,124,470,2,215,430,2024-08-21,Card
3558,1179,1908,1,373,373,2024-07-06,Card
3559,381,372,4,451,1804,2025-02-08,COD
3560,1687,1252,3,399,1197,2024-07-07,COD
3561,980,508,4,567,2268,2024-02-13,UPI
3562,204,1905,2,239,478,2024-12-26,COD
3563,162,1889,4,262,1048,2024-08-13,UPI
3564,143,1418,1,408,408,2024-11-20,UPI
3565,547,1077,2,325,650,2025-05-05,COD
3566,1702,681,3,338,1014,2024-11-09,UPI
3567,1835,1923,3,162,486,2024-10-09,COD
3568,1018,774,2,593,1186,2024-08-29,COD
3569,1123,1417,3,116,348,2024-02-28,UPI
3570,1997,1276,1,573,573,2025-05-03,UPI
3571,1410,1555,3,454,1362,2024-06-05,UPI
3572,443,946,1,295,295,2024-12-30,COD
3573,1593,144,4,117,468,2025-04-02,UPI
3574,1651,787,1,329,329,2025-03-16,UPI
3575,832,1616,3,245,735,2024-06-30,Card
3576,1043,497,3,270,810,2024-06-14,Card
3577,361,482,4,287,1148,2024-12-15,UPI
3578,465,848,2,482,964,2025-02-18,UPI
3579,1274,382,4,231,924,2025-03-23,COD
3580,1570,828,3,474,1422,2024-07-27,Card
3581,1450,1517,4,209,836,2024-04-22,Card
3582,1746,274,4,529,2116,2024-09-19,COD
3583,361,101,1,221,221,2024-03-23,COD
3584,1192,1251,4,517,2068,2025-03-05,COD
3585,291,1711,1,328,328,2024-03-31,COD
3586,105,1634,4,564,2256,2024-08-30,UPI
3587,1726,408,1,528,528,2024-01-03,UPI
3588,1709,1446,2,361,722,2025-01-30,COD
3589,454,1552,3,488,1464,2024-11-09,UPI
3590,1269,964,2,485,970,2024-03-08,UPI
3591,168,97,3,346,1038,2024-10-02,UPI
3592,1918,1442,2,227,454,2024-10-22,UPI
3593,147,1078,4,488,1952,2024-10-07,Card
3594,69,835,2,330,660,2024-11-14,UPI
3595,625,1315,1,488,488,2025-04-09,Card
3596,211,1201,1,399,399,2024-10-26,Card
3597,276,1840,2,359,718,2025-03-22,Card
3598,641,1794,2,329,658,2024-10-23,Card
3599,370,1049,2,351,702,2024-02-26,Card
3600,380,1682,1,141,141,2024-04-16,UPI
3601,71,1213,2,160,320,2025-02-24,UPI
3602,1653,465,1,264,264,2025-03-23,COD
3603,1641,354,2,293,586,2024-05-02,COD
3604,3,1038,4,367,1468,2024-01-14,UPI
3605,957,109,4,127,508,2024-05-31,UPI
3606,1094,292,3,524,1572,2024-07-07,COD
3607,959,1398,1,139,139,2024-01-19,UPI
3608,1094,681,4,338,1352,2024-07-04,Card
3609,1042,1457,1,591,591,2025-04-16,COD
3610,1856,772,3,543,1629,2024-08-18,COD
3611,1454,1819,1,461,461,2025-03-29,UPI
3612,569,737,4,328,1312,2024-02-12,UPI
3613,1604,335,1,265,265,2025-05-11,COD
3614,1609,681,1,338,338,2024-10-14,COD
3615,6,1706,2,445,890,2024-11-07,COD
3616,1286,945,1,371,371,2024-02-27,COD
3617,1639,1036,4,497,1988,2024-12-23,Card
3618,1246,559,3,519,1557,2024-02-24,Card
3619,1486,37,4,106,424,2024-01-23,UPI
3620,1979,1116,4,597,2388,2024-06-27,COD
3621,433,657,1,243,243,2024-07-12,UPI
3622,1224,748,3,497,1491,2024-05-13,COD
3623,1477,840,2,331,662,2024-11-25,Card
3624,1124,962,1,568,568,2025-01-30,COD
3625,973,743,4,227,908,2024-11-21,COD
3626,249,342,3,210,630,2024-04-19,UPI
3627,590,1117,2,551,1102,2024-02-15,UPI
3628,1846,1230,1,523,523,2025-01-19,Card
3629,854,18,3,101,303,2025-05-04,Card
3630,754,487,4,418,1672,2025-01-13,UPI
3631,1620,143,4,356,1424,2024-06-30,COD
3632,68,382,2,231,462,2024-08-19,Card
3633,944,1181,4,119,476,2024-06-18,COD
3634,1074,1574,4,419,1676,2025-05-05,UPI
3635,245,827,1,380,380,2024-05-29,Card
3636,1114,1817,1,163,163,2024-05-17,COD
3637,1952,1467,1,253,253,2024-01-21,UPI
3638,1757,334,4,438,1752,2024-04-24,UPI
3639,957,533,2,149,298,2024-10-28,UPI
3640,1422,1609,4,472,1888,2025-01-31,UPI
3641,1247,844,4,368,1472,2025-02-19,COD
3642,1049,1623,3,348,1044,2024-04-13,Card
3643,1026,736,1,354,354,2025-03-30,COD
3644,1184,931,2,414,828,2025-01-11,UPI
3645,880,680,2,211,422,2024-11-05,COD
3646,962,822,2,267,534,2024-03-29,Card
3647,1929,48,2,343,686,2025-03-24,COD
3648,1875,1262,1,336,336,2025-03-16,UPI
3649,348,624,2,362,724,2024-04-03,COD
3650,957,178,3,114,342,2024-06-22,UPI
3651,863,1521,2,347,694,2025-01-30,COD
3652,1485,1227,4,513,2052,2024-11-06,UPI
3653,726,1348,2,419,838,2025-05-15,Card
3654,660,1725,1,278,278,2025-03-28,Card
3655,946,1699,1,223,223,2025-03-07,COD
3656,1662,255,4,246,984,2025-01-06,UPI
3657,793,1584,3,146,438,2025-02-06,COD
3658,964,1389,1,339,339,2024-09-20,COD
3659,1553,1146,3,168,504,2024-03-03,COD
3660,912,1326,1,550,550,2024-11-25,Card
3661,339,1687,1,120,120,2024-12-27,COD
3662,1680,507,1,529,529,2024-11-15,COD
3663,994,1987,1,243,243,2024-01-24,COD
3664,1530,540,4,177,708,2024-11-16,UPI
3665,256,543,4,396,1584,2025-03-10,UPI
3666,355,865,4,123,492,2024-02-09,COD
3667,1608,772,1,543,543,2024-09-20,Card
3668,181,1366,4,239,956,2024-04-24,Card
3669,534,1952,1,292,292,2024-11-04,Card
3670,67,1745,3,260,780,2024-10-10,UPI
3671,24,1051,2,233,466,2024-10-17,UPI
3672,104,1756,1,242,242,2024-05-09,UPI
3673,1784,521,4,187,748,2024-09-14,Card
3674,1602,1130,3,327,981,2024-09-08,UPI
3675,1647,833,3,371,1113,2024-09-06,Card
3676,488,856,2,558,1116,2024-10-22,Card
3677,1878,834,1,485,485,2024-05-17,COD
3678,1350,1863,1,571,571,2024-03-25,UPI
3679,913,1103,1,427,427,2024-10-20,Card
3680,875,512,4,319,1276,2025-01-29,Card
3681,1933,1036,1,497,497,2024-10-19,COD
3682,782,1247,3,359,1077,2025-02-18,Card
3683,1806,616,3,141,423,2024-02-24,COD
3684,1014,529,4,359,1436,2024-03-14,UPI
3685,1311,1739,4,253,1012,2024-08-30,Card
3686,1864,28,1,505,505,2024-08-04,Card
3687,648,1644,4,311,1244,2025-02-15,COD
3688,327,54,3,218,654,2024-06-29,COD
3689,947,136,3,241,723,2024-03-16,Card
3690,1288,310,1,498,498,2025-02-04,COD
3691,586,1569,1,156,156,2024-11-08,COD
3692,1559,55,3,253,759,2024-02-25,Card
3693,693,22,3,210,630,2025-03-18,COD
3694,132,1412,2,325,650,2024-01-04,Card
3695,814,1673,2,215,430,2024-12-04,UPI
3696,1610,1395,3,260,780,2024-01-05,COD
3697,1427,38,3,520,1560,2024-09-04,Card
3698,471,1576,1,103,103,2025-03-12,Card
3699,150,1288,2,429,858,2025-05-13,UPI
3700,878,1594,1,143,143,2024-01-06,COD
3701,729,1606,2,563,1126,2024-06-21,Card
3702,337,822,4,267,1068,2024-12-06,Card
3703,66,1906,1,378,378,2024-12-25,Card
3704,1015,803,3,116,348,2025-03-07,COD
3705,151,742,3,413,1239,2025-02-07,COD
3706,1679,817,2,320,640,2024-04-15,COD
3707,676,1747,2,593,1186,2024-09-16,UPI
3708,1414,1802,4,155,620,2024-06-05,Card
3709,973,744,3,419,1257,2025-01-05,Card
3710,300,498,2,224,448,2024-08-23,Card
3711,68,1298,4,174,696,2025-03-25,COD
3712,755,20,2,517,1034,2024-06-14,UPI
3713,847,800,1,296,296,2024-04-12,UPI
3714,679,187,2,213,426,2024-05-01,Card
3715,754,1375,1,366,366,2024-02-18,COD
3716,1524,119,1,507,507,2024-05-24,Card
3717,1520,771,3,436,1308,2025-01-31,UPI
3718,1352,1094,1,204,204,2025-01-20,Card
3719,668,1540,3,135,405,2024-04-28,Card
3720,675,659,3,254,762,2024-07-15,UPI
3721,1073,1124,3,252,756,2024-01-18,Card
3722,1701,897,1,561,561,2024-04-06,COD
3723,1244,1971,3,384,1152,2024-06-04,UPI
3724,482,683,3,336,1008,2025-05-04,UPI
3725,830,1024,4,448,1792,2025-04-26,Card
3726,740,1194,3,324,972,2024-08-25,COD
3727,1074,527,1,548,548,2024-07-18,UPI
3728,1642,906,3,324,972,2024-12-26,Card
3729,975,1929,2,276,552,2024-12-04,Card
3730,1762,995,2,409,818,2024-07-11,UPI
3731,507,605,1,275,275,2024-09-14,UPI
3732,1237,1745,3,260,780,2025-04-13,COD
3733,805,348,4,383,1532,2024-12-23,COD
3734,320,1711,3,328,984,2024-04-17,COD
3735,278,621,4,213,852,2024-09-04,COD
3736,676,412,2,321,642,2024-02-13,UPI
3737,190,1488,4,341,1364,2024-11-09,Card
3738,1078,879,2,163,326,2024-05-06,Card
3739,809,993,1,212,212,2024-08-16,COD
3740,1068,394,4,479,1916,2024-02-17,Card
3741,300,1346,4,316,1264,2024-08-09,Card
3742,1840,1134,1,263,263,2024-02-21,COD
3743,1601,649,3,561,1683,2024-01-18,COD
3744,86,1424,4,364,1456,2024-03-05,UPI
3745,1701,23,3,494,1482,2025-03-09,UPI
3746,1323,1597,3,151,453,2024-04-12,UPI
3747,333,287,4,119,476,2024-10-31,Card
3748,1022,1292,4,508,2032,2025-01-27,COD
3749,1209,612,3,184,552,2024-06-06,COD
3750,1910,1165,2,162,324,2024-08-16,COD
3751,81,1486,3,291,873,2024-10-18,Card
3752,978,84,4,485,1940,2024-08-03,Card
3753,448,1989,1,563,563,2024-04-14,COD
3754,1013,935,2,582,1164,2024-07-29,COD
3755,1212,1740,1,208,208,2024-02-26,UPI
3756,138,1708,2,520,1040,2024-09-05,COD
3757,1463,1963,3,531,1593,2024-04-14,COD
3758,1407,363,2,116,232,2025-02-16,UPI
3759,498,135,3,264,792,2024-01-19,Card
3760,1993,1375,3,366,1098,2024-07-16,COD
3761,974,795,1,321,321,2024-11-27,COD
3762,1002,1085,4,572,2288,2024-07-10,Card
3763,1993,1420,3,299,897,2024-09-19,Card
3764,856,996,1,149,149,2024-06-25,UPI
3765,652,1856,4,490,1960,2024-10-27,Card
3766,1290,853,3,243,729,2024-07-05,COD
3767,982,1047,1,423,423,2024-03-27,COD
3768,602,875,2,587,1174,2025-05-05,UPI
3769,1655,917,1,262,262,2024-07-06,COD
3770,1919,738,4,358,1432,2024-07-08,COD
3771,934,75,3,302,906,2024-08-13,UPI
3772,1511,566,1,185,185,2024-05-02,UPI
3773,437,263,4,242,968,2024-02-23,COD
3774,857,343,1,345,345,2025-05-06,Card
3775,843,27,2,598,1196,2024-04-04,COD
3776,1712,915,1,478,478,2025-03-05,UPI
3777,770,47,4,338,1352,2025-03-31,COD
3778,1958,79,3,491,1473,2024-05-27,UPI
3779,1544,1604,1,378,378,2025-02-28,UPI
3780,1217,530,1,295,295,2024-08-18,COD
3781,1406,52,3,164,492,2025-03-08,COD
3782,173,754,4,221,884,2024-12-11,Card
3783,1906,90,3,137,411,2024-11-17,Card
3784,363,1169,3,478,1434,2024-02-16,COD
3785,647,1785,1,137,137,2024-05-29,UPI
3786,333,1455,3,163,489,2025-03-06,Card
3787,1153,1718,4,594,2376,2025-03-14,COD
3788,1940,1949,1,181,181,2024-01-09,UPI
3789,1315,118,1,107,107,2024-06-17,Card
3790,278,1783,2,254,508,2024-03-22,UPI
3791,296,311,3,209,627,2024-02-17,COD
3792,1672,1304,3,477,1431,2024-04-30,COD
3793,173,198,2,190,380,2024-07-10,Card
3794,433,684,3,347,1041,2025-03-31,UPI
3795,518,72,2,285,570,2024-07-11,UPI
3796,1782,1938,1,186,186,2024-12-21,Card
3797,451,1869,3,117,351,2024-08-04,UPI
3798,1932,1046,1,172,172,2024-10-19,COD
3799,1300,645,2,171,342,2024-01-14,COD
3800,1741,816,1,293,293,2024-06-17,COD
3801,244,1440,1,291,291,2024-05-25,Card
3802,1559,194,1,448,448,2024-02-29,COD
3803,1956,1541,2,401,802,2024-10-10,UPI
3804,69,1561,1,523,523,2024-02-07,UPI
3805,1972,271,2,588,1176,2024-11-18,COD
3806,1935,1533,1,150,150,2024-05-17,UPI
3807,1345,1692,3,226,678,2024-02-25,COD
3808,1432,1207,3,320,960,2025-03-11,COD
3809,621,20,3,517,1551,2024-08-10,COD
3810,657,1053,4,332,1328,2025-03-10,COD
3811,1218,736,2,354,708,2024-12-25,COD
3812,518,1256,2,146,292,2024-09-12,Card
3813,1839,1256,3,146,438,2025-03-15,UPI
3814,537,1672,3,200,600,2025-03-15,Card
3815,1874,863,4,166,664,2024-03-20,UPI
3816,1064,1980,3,288,864,2025-03-07,UPI
3817,1771,282,1,194,194,2024-06-06,UPI
3818,815,1890,3,597,1791,2025-01-06,Card
3819,283,154,3,288,864,2025-03-14,Card
3820,876,554,2,256,512,2025-04-19,UPI
3821,1102,1339,4,410,1640,2024-04-09,UPI
3822,1113,957,2,212,424,2024-01-01,UPI
3823,792,1502,2,489,978,2025-01-20,UPI
3824,72,604,2,367,734,2024-05-26,Card
3825,308,720,1,415,415,2024-12-10,COD
3826,1342,711,2,559,1118,2024-12-10,COD
3827,934,1352,4,456,1824,2025-02-02,UPI
3828,143,875,2,587,1174,2024-06-11,Card
3829,1204,1892,4,206,824,2024-02-27,UPI
3830,1595,1898,2,482,964,2024-04-22,UPI
3831,170,189,4,400,1600,2024-06-09,UPI
3832,1938,1958,4,470,1880,2025-03-08,COD
3833,800,1669,3,206,618,2024-07-24,UPI
3834,1918,494,4,146,584,2024-01-29,UPI
3835,797,442,1,216,216,2024-07-06,UPI
3836,736,117,2,499,998,2024-08-31,COD
3837,140,1326,1,550,550,2024-12-17,UPI
3838,1143,819,1,298,298,2024-06-14,COD
3839,1275,1951,3,156,468,2024-02-01,UPI
3840,1328,1158,1,559,559,2025-04-26,UPI
3841,629,1973,4,563,2252,2025-03-27,UPI
3842,549,2,2,442,884,2025-02-06,Card
3843,383,1756,3,242,726,2024-12-21,COD
3844,930,1777,3,317,951,2025-02-02,COD
3845,1130,1541,3,401,1203,2024-12-02,UPI
3846,1263,1547,4,240,960,2024-12-03,UPI
3847,1429,967,1,283,283,2024-09-05,Card
3848,603,615,1,547,547,2024-06-15,COD
3849,1526,319,3,576,1728,2025-02-02,COD
3850,647,587,3,534,1602,2024-12-03,COD
3851,29,342,4,210,840,2025-03-14,Card
3852,1812,1498,3,393,1179,2025-01-24,UPI
3853,1900,1935,4,505,2020,2025-04-04,Card
3854,17,550,2,108,216,2025-01-21,Card
3855,977,1650,1,382,382,2024-03-18,COD
3856,821,1739,3,253,759,2024-07-20,COD
3857,1951,986,2,188,376,2024-05-06,UPI
3858,1431,1013,3,150,450,2025-04-21,COD
3859,1401,1470,4,364,1456,2024-02-24,UPI
3860,1148,394,4,479,1916,2024-01-24,Card
3861,120,1557,4,163,652,2025-03-13,UPI
3862,1893,1839,1,459,459,2025-01-17,UPI
3863,1867,954,4,517,2068,2025-01-09,UPI
3864,48,760,3,241,723,2024-04-12,UPI
3865,34,844,1,368,368,2024-12-29,Card
3866,356,790,2,198,396,2024-07-07,Card
3867,1137,772,2,543,1086,2024-08-14,COD
3868,304,324,3,138,414,2024-03-05,Card
3869,1092,1521,2,347,694,2024-07-19,COD
3870,1346,755,2,467,934,2024-08-15,UPI
3871,1886,841,3,317,951,2024-09-12,UPI
3872,760,252,3,537,1611,2024-04-08,Card
3873,1928,756,1,444,444,2025-05-05,UPI
3874,1171,189,3,400,1200,2024-05-16,COD
3875,1792,715,3,521,1563,2024-08-30,Card
3876,1773,1677,2,591,1182,2024-08-27,COD
3877,875,884,1,124,124,2024-08-19,Card
3878,1643,19,3,593,1779,2025-01-24,Card
3879,1139,1099,1,277,277,2025-01-28,Card
3880,571,340,3,472,1416,2025-01-16,Card
3881,576,1052,1,388,388,2025-03-28,COD
3882,1698,4,1,197,197,2024-02-20,Card
3883,1350,1316,4,501,2004,2024-07-20,COD
3884,343,1646,4,440,1760,2024-04-07,Card
3885,676,834,2,485,970,2025-02-28,UPI
3886,690,708,2,554,1108,2024-07-09,Card
3887,71,1140,4,465,1860,2024-01-09,Card
3888,650,646,2,308,616,2025-01-16,COD
3889,797,1972,1,423,423,2024-05-15,Card
3890,1870,1199,2,541,1082,2024-11-26,COD
3891,1776,1927,1,573,573,2024-04-28,UPI
3892,1493,33,3,150,450,2024-01-06,COD
3893,719,1269,1,594,594,2024-05-31,UPI
3894,1400,72,3,285,855,2024-08-22,COD
3895,510,1319,1,560,560,2024-02-26,COD
3896,157,1291,4,306,1224,2025-03-03,UPI
3897,155,596,2,519,1038,2024-04-12,UPI
3898,442,903,3,111,333,2024-09-08,COD
3899,754,1843,1,271,271,2024-12-29,Card
3900,1452,1352,4,456,1824,2024-10-15,UPI
3901,1689,1133,2,271,542,2025-05-01,UPI
3902,1149,163,4,319,1276,2024-02-03,COD
3903,178,1964,4,331,1324,2025-02-18,COD
3904,868,686,4,106,424,2025-01-20,UPI
3905,1545,186,2,142,284,2024-11-03,Card
3906,1687,388,3,264,792,2024-12-31,COD
3907,488,178,1,114,114,2024-05-12,Card
3908,674,1216,1,561,561,2024-01-27,UPI
3909,1734,1694,1,146,146,2024-01-11,COD
3910,27,707,4,163,652,2025-03-15,COD
3911,765,481,4,211,844,2024-11-09,COD
3912,877,1327,4,127,508,2024-03-19,Card
3913,1517,1745,4,260,1040,2024-07-20,UPI
3914,37,884,1,124,124,2024-12-03,COD
3915,836,1891,3,580,1740,2024-04-01,Card
3916,1396,1767,1,252,252,2024-02-09,COD
3917,1167,33,1,150,150,2025-01-22,UPI
3918,157,603,3,588,1764,2024-03-27,COD
3919,682,112,2,200,400,2025-03-19,UPI
3920,1856,680,3,211,633,2024-01-03,COD
3921,1147,95,3,138,414,2024-08-11,Card
3922,1416,1796,3,146,438,2025-05-07,UPI
3923,1197,1629,2,339,678,2024-09-04,UPI
3924,1849,1549,4,200,800,2025-04-04,UPI
3925,83,1269,1,594,594,2025-05-14,UPI
3926,1485,414,2,586,1172,2025-03-19,COD
3927,466,1983,2,382,764,2024-05-31,COD
3928,606,695,2,353,706,2024-03-18,COD
3929,515,645,1,171,171,2024-01-29,Card
3930,1477,302,1,108,108,2024-07-23,COD
3931,64,1246,3,120,360,2024-09-02,COD
3932,243,1920,1,288,288,2024-03-20,Card
3933,1279,568,3,565,1695,2024-02-21,UPI
3934,702,1236,1,397,397,2024-02-29,COD
3935,1581,1888,3,595,1785,2025-01-18,COD
3936,1311,868,2,594,1188,2025-05-04,Card
3937,1060,1,4,261,1044,2024-08-09,COD
3938,1226,1610,2,180,360,2025-02-07,Card
3939,128,968,2,558,1116,2025-01-28,UPI
3940,1110,1816,3,420,1260,2025-05-09,UPI
3941,436,1360,2,415,830,2025-02-09,UPI
3942,1268,297,4,459,1836,2024-07-14,UPI
3943,1038,820,3,457,1371,2024-03-27,UPI
3944,1011,1125,1,572,572,2025-03-19,UPI
3945,823,1349,3,355,1065,2025-05-14,COD
3946,1790,1422,1,285,285,2025-02-26,UPI
3947,553,1520,1,540,540,2025-01-06,UPI
3948,151,657,4,243,972,2025-02-21,UPI
3949,1384,1367,3,420,1260,2024-05-10,UPI
3950,770,184,4,525,2100,2024-06-02,Card
3951,293,1695,2,201,402,2025-04-23,COD
3952,404,1349,3,355,1065,2024-04-15,Card
3953,1406,1600,4,410,1640,2024-12-06,COD
3954,1395,240,4,379,1516,2024-08-30,COD
3955,426,466,2,171,342,2024-07-07,COD
3956,1395,923,2,181,362,2024-09-12,UPI
3957,1475,726,1,297,297,2024-05-23,Card
3958,626,1012,3,575,1725,2024-11-16,COD
3959,1074,315,2,535,1070,2024-11-23,Card
3960,1222,971,3,316,948,2024-04-01,Card
3961,399,1731,1,296,296,2024-07-01,COD
3962,1076,1170,2,249,498,2024-12-20,UPI
3963,1282,962,2,568,1136,2024-01-03,UPI
3964,1338,1413,3,490,1470,2025-03-22,COD
3965,701,281,3,508,1524,2024-11-08,UPI
3966,936,656,1,390,390,2025-04-09,UPI
3967,1420,127,2,258,516,2024-05-10,Card
3968,537,394,1,479,479,2024-06-20,COD
3969,983,1165,4,162,648,2024-12-25,UPI
3970,1841,1686,4,337,1348,2024-03-22,COD
3971,692,1508,2,526,1052,2024-07-06,COD
3972,1846,1352,1,456,456,2025-01-03,Card
3973,371,813,4,327,1308,2024-01-02,Card
3974,502,540,4,177,708,2025-01-26,COD
3975,154,338,4,145,580,2024-06-29,UPI
3976,48,1656,4,161,644,2024-04-26,UPI
3977,52,864,1,242,242,2024-02-13,COD
3978,1311,1810,4,448,1792,2025-02-23,COD
3979,879,1756,4,242,968,2024-07-13,Card
3980,1237,772,4,543,2172,2025-01-31,COD
3981,1251,505,3,349,1047,2024-01-12,COD
3982,1223,637,1,383,383,2024-11-06,Card
3983,1400,671,3,294,882,2024-04-04,UPI
3984,1674,1307,1,163,163,2024-10-09,COD
3985,46,564,3,124,372,2024-04-26,Card
3986,225,964,2,485,970,2025-04-27,Card
3987,258,1064,4,544,2176,2024-09-19,Card
3988,257,1766,4,430,1720,2025-03-29,COD
3989,635,881,4,124,496,2024-11-07,Card
3990,1629,88,4,142,568,2025-05-01,COD
3991,1790,823,4,128,512,2024-02-27,Card
3992,1137,882,1,161,161,2025-01-07,Card
3993,942,1528,4,123,492,2024-01-02,Card
3994,1981,851,4,598,2392,2025-01-14,COD
3995,1979,1056,4,548,2192,2024-11-17,UPI
3996,1389,1561,2,523,1046,2024-06-02,UPI
3997,228,13,2,267,534,2024-12-13,Card
3998,1727,638,4,188,752,2024-12-21,Card
3999,70,102,2,267,534,2024-03-15,UPI
4000,2000,1211,4,134,536,2024-04-27,UPI
4001,354,248,2,123,246,2025-04-21,COD
4002,719,982,3,458,1374,2025-02-17,COD
4003,1441,1064,3,544,1632,2024-12-15,Card
4004,704,57,4,552,2208,2025-02-28,Card
4005,1993,891,4,120,480,2025-05-07,UPI
4006,877,1312,2,401,802,2024-04-05,UPI
4007,683,22,4,210,840,2024-01-10,COD
4008,660,1071,4,342,1368,2025-02-21,Card
4009,878,30,3,398,1194,2024-10-02,UPI
4010,33,1832,4,198,792,2025-02-04,Card
4011,775,1681,2,356,712,2025-03-09,COD
4012,444,1794,1,329,329,2024-05-29,UPI
4013,1461,1367,2,420,840,2024-03-18,COD
4014,1205,1870,2,166,332,2024-06-21,Card
4015,660,1423,4,221,884,2024-11-21,UPI
4016,25,1865,2,488,976,2024-01-27,COD
4017,1532,689,4,261,1044,2025-03-12,COD
4018,1960,1291,1,306,306,2024-04-23,UPI
4019,1503,1840,3,359,1077,2025-02-24,UPI
4020,1580,947,1,245,245,2024-05-05,COD
4021,507,369,1,296,296,2025-03-12,COD
4022,52,619,3,519,1557,2025-01-22,COD
4023,605,82,2,207,414,2024-12-02,UPI
4024,65,536,3,482,1446,2025-03-27,Card
4025,1041,1764,4,381,1524,2025-04-05,COD
4026,1222,90,2,137,274,2024-04-27,Card
4027,443,1345,3,534,1602,2024-03-08,UPI
4028,1939,308,1,570,570,2024-01-12,COD
4029,311,892,4,272,1088,2024-08-20,COD
4030,1148,1229,2,205,410,2024-09-14,UPI
4031,658,1789,1,435,435,2024-12-19,Card
4032,224,1315,2,488,976,2024-04-22,UPI
4033,1402,1627,4,221,884,2024-05-09,UPI
4034,776,1670,3,184,552,2024-04-27,Card
4035,820,1062,4,453,1812,2025-01-07,Card
4036,679,1916,2,287,574,2025-03-05,Card
4037,777,513,2,186,372,2024-01-23,COD
4038,1003,1802,1,155,155,2025-04-24,Card
4039,1794,734,1,593,593,2025-03-23,UPI
4040,443,8,1,123,123,2024-07-13,Card
4041,1709,351,1,343,343,2024-03-19,COD
4042,677,1409,4,375,1500,2024-01-22,Card
4043,1371,164,2,559,1118,2025-04-14,UPI
4044,1132,899,3,507,1521,2025-03-16,Card
4045,1037,148,1,577,577,2024-12-10,COD
4046,1403,418,1,286,286,2025-01-13,Card
4047,486,222,2,340,680,2025-01-18,Card
4048,1618,1097,3,385,1155,2024-03-28,UPI
4049,278,918,4,441,1764,2024-07-13,UPI
4050,1546,126,4,450,1800,2024-08-10,COD
4051,1220,188,1,389,389,2024-01-25,Card
4052,1734,507,3,529,1587,2024-01-14,COD
4053,512,729,4,391,1564,2024-09-18,UPI
4054,801,596,1,519,519,2024-04-04,COD
4055,1570,136,1,241,241,2024-12-27,Card
4056,150,1783,3,254,762,2024-02-05,COD
4057,1475,1751,2,476,952,2024-10-04,COD
4058,515,392,3,514,1542,2024-06-08,COD
4059,889,1969,3,296,888,2024-04-08,COD
4060,1762,1063,4,136,544,2024-03-10,Card
4061,1117,1192,3,201,603,2024-08-29,Card
4062,1612,1183,4,544,2176,2024-07-29,Card
4063,1521,668,3,370,1110,2024-02-24,COD
4064,252,1620,3,239,717,2024-04-03,UPI
4065,1092,1792,3,241,723,2025-03-05,Card
4066,1510,591,4,224,896,2024-01-07,Card
4067,1660,1674,1,109,109,2024-06-30,Card
4068,1374,1356,1,579,579,2024-03-01,UPI
4069,1062,1844,1,490,490,2024-10-10,Card
4070,290,305,1,527,527,2024-12-12,UPI
4071,544,139,2,456,912,2025-04-20,COD
4072,1587,1637,4,428,1712,2024-02-13,Card
4073,645,526,1,163,163,2024-11-18,COD
4074,83,203,2,303,606,2024-03-30,Card
4075,1151,243,1,461,461,2024-09-04,COD
4076,159,1005,2,108,216,2024-02-18,COD
4077,54,1915,4,375,1500,2024-06-09,COD
4078,1700,364,2,435,870,2025-02-11,COD
4079,361,1204,3,375,1125,2024-09-19,Card
4080,1963,131,1,293,293,2025-01-27,COD
4081,1062,1642,2,114,228,2025-04-19,UPI
4082,769,726,1,297,297,2024-08-22,UPI
4083,1473,1247,2,359,718,2025-03-12,Card
4084,983,945,1,371,371,2024-07-14,COD
4085,967,893,3,525,1575,2025-04-11,Card
4086,1160,1424,2,364,728,2024-08-22,COD
4087,311,1968,4,580,2320,2025-05-02,Card
4088,685,1663,3,270,810,2024-02-15,COD
4089,600,1357,1,580,580,2025-02-08,Card
4090,161,1179,2,598,1196,2025-04-03,COD
4091,823,149,4,191,764,2024-10-22,COD
4092,672,732,1,347,347,2025-02-24,Card
4093,1559,951,4,394,1576,2024-06-29,Card
4094,1525,800,2,296,592,2024-11-05,Card
4095,633,1644,4,311,1244,2024-11-01,COD
4096,972,1706,2,445,890,2025-04-30,Card
4097,1197,1517,4,209,836,2024-10-23,UPI
4098,1646,1050,3,203,609,2025-03-26,Card
4099,943,1939,4,446,1784,2024-10-07,UPI
4100,1597,897,2,561,1122,2024-12-21,Card
4101,1939,674,3,452,1356,2025-05-08,UPI
4102,66,929,3,595,1785,2024-06-05,Card
4103,446,1668,4,536,2144,2024-05-23,UPI
4104,720,1281,2,564,1128,2025-03-10,Card
4105,910,1797,2,308,616,2024-03-14,UPI
4106,1763,672,1,216,216,2024-06-27,COD
4107,1755,1849,3,598,1794,2024-09-30,UPI
4108,516,661,2,175,350,2025-02-15,COD
4109,1749,744,2,419,838,2024-06-30,UPI
4110,442,691,1,171,171,2024-06-01,Card
4111,1791,1469,1,481,481,2024-07-01,COD
4112,1388,719,3,246,738,2024-05-05,COD
4113,396,973,3,321,963,2024-03-06,COD
4114,1528,1167,1,227,227,2024-05-01,UPI
4115,1950,1377,2,557,1114,2024-04-10,Card
4116,1260,141,1,538,538,2024-04-23,COD
4117,169,874,1,564,564,2024-12-26,Card
4118,1550,1646,2,440,880,2024-02-04,COD
4119,803,1093,3,496,1488,2024-06-26,UPI
4120,1923,1837,2,439,878,2024-10-15,UPI
4121,308,1753,3,515,1545,2024-12-14,Card
4122,209,1760,4,415,1660,2025-01-28,UPI
4123,285,1634,2,564,1128,2024-09-25,UPI
4124,857,782,4,169,676,2024-03-18,Card
4125,1201,206,3,387,1161,2024-04-27,COD
4126,226,1039,1,216,216,2024-05-14,UPI
4127,872,996,2,149,298,2024-01-26,COD
4128,1942,587,4,534,2136,2025-04-23,COD
4129,440,899,1,507,507,2024-05-08,COD
4130,1516,1489,1,374,374,2024-03-05,UPI
4131,1653,589,4,491,1964,2024-10-15,UPI
4132,288,113,2,304,608,2024-02-14,UPI
4133,1884,372,2,451,902,2024-06-17,Card
4134,1132,1054,3,253,759,2024-08-24,COD
4135,946,458,3,229,687,2024-09-11,COD
4136,1095,796,3,409,1227,2024-03-15,COD
4137,1217,910,3,513,1539,2025-03-22,COD
4138,761,1270,3,210,630,2024-09-25,Card
4139,1525,885,2,172,344,2025-02-01,COD
4140,1716,1060,1,109,109,2024-06-03,Card
4141,86,1798,4,413,1652,2024-10-23,UPI
4142,1801,271,2,588,1176,2025-02-14,COD
4143,263,1974,4,498,1992,2024-12-13,UPI
4144,1142,794,2,558,1116,2024-05-30,COD
4145,1307,1527,2,369,738,2024-03-31,COD
4146,309,1808,4,149,596,2025-05-09,UPI
4147,1654,831,1,428,428,2024-04-08,COD
4148,990,553,1,525,525,2024-07-02,COD
4149,1202,322,3,311,933,2024-03-24,COD
4150,1814,1486,2,291,582,2024-12-15,COD
4151,1817,585,4,196,784,2024-05-31,Card
4152,425,1957,3,216,648,2024-10-17,COD
4153,1007,542,3,598,1794,2025-03-05,UPI
4154,381,956,2,530,1060,2025-02-25,UPI
4155,333,1370,2,164,328,2024-04-16,UPI
4156,283,1386,4,535,2140,2024-08-16,UPI
4157,830,1127,1,449,449,2024-11-05,UPI
4158,930,1238,4,432,1728,2024-02-24,COD
4159,933,1510,4,450,1800,2024-10-25,Card
4160,657,1965,3,367,1101,2024-01-17,UPI
4161,1480,1656,1,161,161,2024-05-13,COD
4162,1637,1624,3,125,375,2024-01-18,COD
4163,1543,607,3,263,789,2024-05-06,Card
4164,476,819,2,298,596,2025-02-22,UPI
4165,203,100,4,171,684,2024-04-01,UPI
4166,281,1413,1,490,490,2024-12-30,Card
4167,1387,1703,1,135,135,2024-01-24,Card
4168,1070,1704,2,153,306,2024-05-03,Card
4169,1569,648,4,530,2120,2024-09-13,UPI
4170,46,658,4,269,1076,2024-05-30,Card
4171,503,601,2,370,740,2024-07-16,UPI
4172,1659,388,1,264,264,2024-02-27,UPI
4173,1670,618,4,262,1048,2025-01-09,UPI
4174,874,893,2,525,1050,2024-03-28,COD
4175,1048,878,4,220,880,2024-11-05,Card
4176,1855,1927,3,573,1719,2024-02-07,UPI
4177,796,1252,4,399,1596,2025-01-04,UPI
4178,1050,1502,1,489,489,2025-05-14,COD
4179,680,1450,2,220,440,2025-03-30,Card
4180,1808,1377,1,557,557,2024-08-25,COD
4181,1799,703,1,250,250,2024-12-04,UPI
4182,965,1267,3,486,1458,2024-06-16,COD
4183,1753,1699,1,223,223,2024-10-21,UPI
4184,717,875,3,587,1761,2024-05-02,Card
4185,1321,1954,4,205,820,2025-04-04,UPI
4186,1415,1616,2,245,490,2025-04-16,COD
4187,1472,589,4,491,1964,2025-04-10,COD
4188,1359,274,3,529,1587,2024-11-19,COD
4189,1638,1536,3,259,777,2024-06-23,UPI
4190,1272,565,3,156,468,2024-08-08,UPI
4191,1044,1811,1,296,296,2024-02-17,COD
4192,219,1600,1,410,410,2024-01-27,Card
4193,677,1372,3,567,1701,2024-03-09,UPI
4194,1137,167,4,384,1536,2024-03-07,Card
4195,80,256,1,125,125,2024-06-20,Card
4196,1274,1186,4,504,2016,2024-11-03,Card
4197,214,87,3,425,1275,2024-10-04,UPI
4198,1794,1197,4,204,816,2024-06-10,Card
4199,1687,1244,4,335,1340,2024-01-01,COD
4200,1854,1481,3,193,579,2024-12-13,Card
4201,1878,1592,3,357,1071,2024-09-10,UPI
4202,544,331,3,583,1749,2024-08-29,UPI
4203,609,1871,1,344,344,2024-04-17,Card
4204,1682,982,1,458,458,2024-02-05,UPI
4205,572,846,3,596,1788,2024-04-23,UPI
4206,1003,412,1,321,321,2024-02-07,COD
4207,1672,1153,4,174,696,2024-07-27,Card
4208,181,191,4,486,1944,2025-02-27,Card
4209,1474,28,3,505,1515,2024-04-28,COD
4210,651,703,4,250,1000,2024-12-25,UPI
4211,1298,460,3,581,1743,2025-02-18,Card
4212,243,1704,1,153,153,2025-03-20,COD
4213,1494,335,4,265,1060,2024-03-11,COD
4214,709,932,2,476,952,2024-06-20,Card
4215,961,957,4,212,848,2024-08-12,Card
4216,362,853,2,243,486,2024-08-10,Card
4217,714,293,3,406,1218,2024-03-11,COD
4218,33,196,4,433,1732,2025-01-22,Card
4219,1869,1959,1,545,545,2025-04-15,COD
4220,1920,1268,4,489,1956,2025-03-07,Card
4221,558,386,2,323,646,2024-01-16,UPI
4222,1485,1759,3,502,1506,2025-04-27,COD
4223,1501,1814,4,515,2060,2024-09-23,UPI
4224,1778,117,3,499,1497,2024-05-15,Card
4225,45,267,3,301,903,2025-01-05,Card
4226,1396,1408,4,355,1420,2024-03-08,COD
4227,1959,1733,4,250,1000,2024-11-28,UPI
4228,427,1644,3,311,933,2024-06-28,Card
4229,1931,1681,3,356,1068,2024-01-16,UPI
4230,1232,696,2,244,488,2025-02-10,UPI
4231,1939,1347,3,129,387,2024-05-06,Card
4232,1927,1208,3,389,1167,2024-05-24,Card
4233,1410,1084,3,499,1497,2024-05-11,UPI
4234,1601,938,3,214,642,2025-03-25,UPI
4235,1440,569,2,187,374,2025-03-18,Card
4236,1357,1170,3,249,747,2025-02-06,Card
4237,815,371,4,193,772,2025-02-21,Card
4238,576,517,3,244,732,2024-05-26,COD
4239,1927,278,4,515,2060,2024-09-30,COD
4240,1207,691,3,171,513,2025-01-19,UPI
4241,1472,151,3,472,1416,2024-11-30,COD
4242,436,932,2,476,952,2025-04-03,COD
4243,799,1306,4,571,2284,2024-07-14,Card
4244,1685,808,1,172,172,2024-09-24,UPI
4245,1402,1541,1,401,401,2025-01-25,Card
4246,1270,984,4,503,2012,2024-08-25,COD
4247,1950,590,4,233,932,2025-03-09,Card
4248,1385,699,4,114,456,2025-02-14,COD
4249,388,952,1,418,418,2024-01-01,UPI
4250,1497,506,1,243,243,2024-12-14,UPI
4251,455,247,2,164,328,2024-03-13,Card
4252,1238,1718,3,594,1782,2024-12-30,Card
4253,725,1040,2,390,780,2024-12-31,Card
4254,733,444,2,544,1088,2025-01-25,UPI
4255,596,492,2,133,266,2024-01-20,COD
4256,1374,756,3,444,1332,2024-11-19,COD
4257,252,268,1,207,207,2024-12-28,Card
4258,1594,1516,2,268,536,2024-09-25,Card
4259,1891,1107,1,599,599,2024-01-09,UPI
4260,1360,1025,2,302,604,2024-02-03,COD
4261,1761,1736,4,473,1892,2024-02-03,Card
4262,882,1975,2,488,976,2024-10-31,UPI
4263,579,1500,2,329,658,2025-04-16,UPI
4264,1033,1228,3,384,1152,2025-05-13,UPI
4265,198,925,3,455,1365,2025-03-14,Card
4266,1606,708,3,554,1662,2024-08-27,UPI
4267,600,1249,4,488,1952,2024-08-02,COD
4268,1065,1387,2,227,454,2024-12-18,UPI
4269,1572,983,4,107,428,2024-03-02,COD
4270,545,1734,2,267,534,2025-04-07,Card
4271,634,1586,3,363,1089,2024-11-06,Card
4272,365,628,1,205,205,2024-08-13,Card
4273,1974,797,2,369,738,2024-08-27,Card
4274,1644,299,3,422,1266,2024-03-19,UPI
4275,892,989,2,496,992,2024-12-13,COD
4276,1667,1868,3,511,1533,2024-10-26,COD
4277,607,1501,3,417,1251,2024-07-17,UPI
4278,57,525,3,270,810,2024-01-23,Card
4279,1137,1907,3,474,1422,2025-03-14,Card
4280,327,808,1,172,172,2024-06-09,COD
4281,1425,1521,4,347,1388,2024-11-22,COD
4282,1210,176,3,204,612,2024-08-26,COD
4283,681,1008,2,498,996,2025-05-02,Card
4284,1571,413,2,294,588,2024-07-29,UPI
4285,1052,1271,1,205,205,2024-05-10,Card
4286,1121,139,2,456,912,2024-09-07,Card
4287,1100,984,2,503,1006,2024-10-22,Card
4288,705,1987,4,243,972,2024-10-31,COD
4289,1057,845,1,282,282,2024-05-14,Card
4290,522,381,2,582,1164,2024-07-11,UPI
4291,1107,1041,3,366,1098,2024-02-06,Card
4292,1916,736,3,354,1062,2025-01-29,COD
4293,1972,1385,2,185,370,2024-04-12,Card
4294,102,1990,4,313,1252,2024-07-29,UPI
4295,1845,1265,3,147,441,2024-03-23,Card
4296,227,32,3,192,576,2024-02-06,UPI
4297,1383,435,1,499,499,2024-05-09,UPI
4298,1099,691,1,171,171,2024-03-05,COD
4299,1040,1875,2,226,452,2024-10-09,COD
4300,59,401,2,373,746,2024-12-15,Card
4301,940,1586,4,363,1452,2025-04-08,Card
4302,806,238,3,467,1401,2024-09-01,UPI
4303,221,766,3,251,753,2024-08-06,Card
4304,1931,1827,3,396,1188,2024-08-11,Card
4305,227,1014,4,282,1128,2025-03-29,COD
4306,919,791,4,195,780,2024-02-27,UPI
4307,1469,669,4,303,1212,2025-03-11,Card
4308,1567,460,4,581,2324,2025-05-14,COD
4309,593,881,2,124,248,2024-02-21,UPI
4310,44,123,3,358,1074,2024-08-19,UPI
4311,1937,1967,4,164,656,2024-07-19,Card
4312,498,168,1,331,331,2024-06-09,UPI
4313,954,1506,3,148,444,2024-01-17,COD
4314,1590,1652,1,482,482,2024-02-22,UPI
4315,834,890,2,192,384,2024-07-27,Card
4316,1632,157,1,413,413,2024-12-05,UPI
4317,1195,954,4,517,2068,2025-03-31,COD
4318,220,524,1,213,213,2024-06-16,UPI
4319,11,582,2,524,1048,2024-04-22,COD
4320,1369,311,2,209,418,2024-07-14,COD
4321,308,1818,2,583,1166,2024-08-10,Card
4322,589,747,4,328,1312,2024-11-03,COD
4323,28,1268,2,489,978,2024-02-08,Card
4324,1610,1131,4,108,432,2024-04-27,Card
4325,1399,1342,3,436,1308,2024-03-06,COD
4326,21,122,4,301,1204,2024-11-18,UPI
4327,1635,1916,3,287,861,2024-06-21,Card
4328,1751,746,4,118,472,2024-04-17,UPI
4329,853,327,1,424,424,2024-03-24,COD
4330,744,1163,1,525,525,2024-01-30,UPI
4331,1625,1373,1,160,160,2025-01-28,Card
4332,1213,1899,1,186,186,2024-07-14,Card
4333,1175,1069,4,163,652,2024-10-29,COD
4334,835,936,2,369,738,2025-01-09,UPI
4335,262,1591,1,494,494,2024-12-12,COD
4336,703,867,2,425,850,2024-12-18,UPI
4337,1287,982,2,458,916,2024-08-06,UPI
4338,413,338,4,145,580,2024-12-18,COD
4339,1298,1265,1,147,147,2025-03-18,UPI
4340,288,1863,2,571,1142,2024-08-25,UPI
4341,1699,1397,3,285,855,2024-03-28,UPI
4342,864,959,4,499,1996,2024-01-12,COD
4343,534,1518,2,272,544,2025-03-14,Card
4344,1963,884,2,124,248,2024-12-09,Card
4345,452,628,1,205,205,2024-05-19,UPI
4346,49,1492,4,110,440,2025-03-25,UPI
4347,299,1789,4,435,1740,2024-03-08,Card
4348,1895,349,4,165,660,2024-12-24,COD
4349,514,677,1,281,281,2024-08-04,COD
4350,1250,1682,3,141,423,2024-10-03,UPI
4351,1925,468,4,545,2180,2024-11-15,COD
4352,64,903,3,111,333,2024-07-24,Card
4353,1935,424,2,513,1026,2024-10-05,UPI
4354,1991,251,1,467,467,2024-01-28,UPI
4355,730,1953,4,321,1284,2024-05-06,COD
4356,886,557,3,406,1218,2024-03-11,Card
4357,1690,1036,1,497,497,2024-05-31,Card
4358,1325,431,2,492,984,2025-02-10,COD
4359,1222,605,3,275,825,2024-05-09,COD
4360,1542,1898,4,482,1928,2024-02-15,UPI
4361,538,590,3,233,699,2024-05-12,Card
4362,482,336,1,380,380,2024-10-19,Card
4363,1358,946,4,295,1180,2024-03-10,Card
4364,1500,379,1,289,289,2024-06-23,COD
4365,1216,107,2,396,792,2024-11-17,COD
4366,1274,1161,1,431,431,2024-02-13,UPI
4367,1787,432,1,172,172,2024-12-12,COD
4368,1649,108,1,177,177,2024-06-07,Card
4369,751,937,4,390,1560,2025-02-28,Card
4370,528,1850,3,469,1407,2024-03-02,UPI
4371,659,990,1,530,530,2025-01-22,UPI
4372,400,1297,1,542,542,2025-01-24,UPI
4373,630,1954,3,205,615,2024-04-03,COD
4374,1131,1980,4,288,1152,2025-03-13,COD
4375,734,1872,2,347,694,2025-02-23,UPI
4376,550,1535,2,483,966,2025-04-20,COD
4377,192,921,1,369,369,2024-06-25,UPI
4378,1022,1926,2,392,784,2025-02-05,UPI
4379,1324,133,1,483,483,2024-05-26,Card
4380,1313,365,3,476,1428,2024-01-26,Card
4381,537,881,3,124,372,2025-03-26,UPI
4382,1592,1444,4,234,936,2024-03-18,UPI
4383,1612,131,2,293,586,2024-05-19,UPI
4384,1813,1365,1,163,163,2024-11-19,Card
4385,529,791,4,195,780,2024-02-02,COD
4386,1767,1146,3,168,504,2024-10-19,UPI
4387,1706,356,1,416,416,2025-05-15,UPI
4388,288,1772,1,220,220,2024-05-21,UPI
4389,33,1035,3,496,1488,2024-06-25,COD
4390,1950,1360,3,415,1245,2024-01-15,COD
4391,631,1781,3,393,1179,2024-05-02,Card
4392,524,55,3,253,759,2024-02-17,COD
4393,1216,1938,1,186,186,2024-09-12,COD
4394,1136,860,2,301,602,2024-08-11,Card
4395,530,165,3,258,774,2024-09-24,Card
4396,1937,836,3,125,375,2024-10-16,COD
4397,910,148,3,577,1731,2024-02-01,UPI
4398,1295,499,1,220,220,2025-03-11,COD
4399,1833,1048,2,347,694,2024-01-25,UPI
4400,921,1235,2,218,436,2024-05-15,COD
4401,865,119,3,507,1521,2024-02-25,UPI
4402,402,1708,1,520,520,2024-04-28,UPI
4403,1280,1988,4,494,1976,2025-02-20,Card
4404,347,427,4,349,1396,2025-05-08,Card
4405,1128,352,4,174,696,2024-02-24,COD
4406,1066,727,1,357,357,2025-03-24,COD
4407,1751,786,3,195,585,2025-04-10,UPI
4408,279,470,3,215,645,2024-01-31,COD
4409,619,701,4,218,872,2025-05-11,UPI
4410,1414,562,4,188,752,2024-03-30,UPI
4411,1130,47,3,338,1014,2024-11-13,Card
4412,99,1223,4,244,976,2024-08-27,UPI
4413,861,1299,3,296,888,2024-03-13,UPI
4414,123,492,1,133,133,2024-09-06,UPI
4415,1134,884,4,124,496,2025-02-08,UPI
4416,4,91,3,283,849,2024-01-10,Card
4417,1493,1139,2,496,992,2025-04-23,UPI
4418,1783,1023,1,344,344,2024-11-11,COD
4419,36,117,2,499,998,2024-09-22,Card
4420,99,824,2,235,470,2025-02-24,COD
4421,328,1748,3,557,1671,2024-04-02,COD
4422,1964,1651,3,467,1401,2024-03-14,COD
4423,1960,1559,4,328,1312,2024-11-07,UPI
4424,481,330,4,578,2312,2024-06-28,Card
4425,1344,1561,1,523,523,2024-05-17,UPI
4426,32,1735,3,437,1311,2024-11-21,Card
4427,1065,1191,2,567,1134,2025-01-25,Card
4428,949,1791,2,596,1192,2024-04-27,UPI
4429,412,1623,3,348,1044,2024-04-08,Card
4430,479,863,1,166,166,2024-02-02,UPI
4431,1738,1340,1,510,510,2025-05-03,UPI
4432,139,885,4,172,688,2024-04-21,Card
4433,1672,1994,2,302,604,2024-09-18,COD
4434,657,746,4,118,472,2024-09-12,UPI
4435,1683,1599,1,600,600,2024-03-24,COD
4436,835,275,4,408,1632,2024-02-10,COD
4437,241,1133,1,271,271,2024-12-25,COD
4438,346,323,3,438,1314,2024-03-18,Card
4439,1399,1365,1,163,163,2024-01-11,UPI
4440,1210,1705,2,437,874,2025-05-03,Card
4441,1194,3,1,230,230,2025-04-16,Card
4442,1911,1117,2,551,1102,2025-02-10,COD
4443,765,1775,4,517,2068,2024-10-10,UPI
4444,484,947,3,245,735,2024-11-26,Card
4445,956,1623,4,348,1392,2024-02-03,Card
4446,1316,1181,3,119,357,2024-09-23,COD
4447,1436,329,1,406,406,2024-11-19,COD
4448,995,792,1,126,126,2024-11-27,COD
4449,96,219,1,338,338,2024-07-24,UPI
4450,772,892,2,272,544,2024-08-28,Card
4451,1700,287,2,119,238,2024-07-05,Card
4452,786,1674,2,109,218,2024-03-05,Card
4453,83,389,3,582,1746,2024-01-16,Card
4454,382,1979,3,538,1614,2024-08-26,COD
4455,974,2000,1,364,364,2025-03-06,UPI
4456,600,445,4,165,660,2024-02-08,UPI
4457,266,1841,3,196,588,2024-02-24,Card
4458,1615,897,1,561,561,2024-02-09,UPI
4459,449,533,1,149,149,2024-09-15,Card
4460,1269,1786,2,103,206,2024-09-03,COD
4461,552,1181,1,119,119,2025-04-07,Card
4462,1037,1734,3,267,801,2024-05-06,COD
4463,1058,955,1,214,214,2025-02-05,Card
4464,1162,91,1,283,283,2024-01-02,COD
4465,1858,1416,1,411,411,2024-05-03,UPI
4466,1997,899,2,507,1014,2024-04-29,UPI
4467,221,966,2,297,594,2025-03-20,UPI
4468,792,586,3,198,594,2024-04-10,COD
4469,1156,1668,1,536,536,2024-06-18,COD
4470,567,1961,4,394,1576,2024-01-15,Card
4471,1697,224,3,215,645,2024-07-29,Card
4472,1067,827,3,380,1140,2024-04-16,COD
4473,1361,1589,3,100,300,2025-01-04,Card
4474,1621,1388,3,172,516,2024-06-08,UPI
4475,1687,669,1,303,303,2025-03-29,UPI
4476,870,295,2,450,900,2024-07-20,Card
4477,1984,1357,3,580,1740,2024-07-21,COD
4478,62,1489,1,374,374,2024-06-09,Card
4479,1684,767,4,253,1012,2024-01-10,UPI
4480,1837,1127,4,449,1796,2024-04-14,COD
4481,756,1157,2,589,1178,2025-03-20,UPI
4482,1100,1150,4,338,1352,2024-12-18,Card
4483,49,1119,4,230,920,2024-11-04,UPI
4484,1518,1196,2,494,988,2025-02-10,COD
4485,1913,1446,3,361,1083,2024-04-06,UPI
4486,564,1404,4,230,920,2024-05-06,Card
4487,73,1357,1,580,580,2024-12-09,UPI
4488,1289,1816,3,420,1260,2024-12-17,COD
4489,1420,863,2,166,332,2025-01-12,UPI
4490,1088,770,2,283,566,2024-03-26,UPI
4491,1999,326,4,422,1688,2025-01-23,UPI
4492,1608,682,3,371,1113,2025-02-03,Card
4493,781,434,2,149,298,2024-01-30,Card
4494,980,834,2,485,970,2025-02-25,UPI
4495,579,128,1,572,572,2024-08-03,UPI
4496,1066,1430,1,428,428,2024-08-26,UPI
4497,650,1751,1,476,476,2025-03-16,Card
4498,1489,979,1,116,116,2024-02-21,COD
4499,592,1890,4,597,2388,2024-10-03,UPI
4500,1789,882,1,161,161,2024-11-29,UPI
4501,795,1295,3,438,1314,2024-01-04,Card
4502,1656,1719,3,276,828,2024-06-04,Card
4503,800,243,2,461,922,2024-02-22,Card
4504,1943,432,3,172,516,2024-01-01,COD
4505,1726,457,3,446,1338,2024-02-18,UPI
4506,966,432,3,172,516,2024-01-02,COD
4507,388,1544,3,448,1344,2024-03-25,COD
4508,1348,151,1,472,472,2024-09-28,UPI
4509,484,807,4,520,2080,2024-09-05,COD
4510,338,684,4,347,1388,2025-05-06,COD
4511,594,353,3,212,636,2024-05-19,Card
4512,1235,339,2,197,394,2025-03-01,UPI
4513,968,344,1,102,102,2024-10-15,UPI
4514,1041,1378,1,404,404,2025-01-27,Card
4515,1190,1916,3,287,861,2024-12-10,UPI
4516,1792,1753,1,515,515,2024-02-21,COD
4517,315,419,3,279,837,2024-08-23,COD
4518,1986,709,4,102,408,2024-02-02,UPI
4519,1954,1813,3,323,969,2025-03-10,UPI
4520,756,585,1,196,196,2024-05-05,COD
4521,1862,1075,1,222,222,2024-02-26,Card
4522,1910,23,4,494,1976,2025-02-23,UPI
4523,96,1826,2,313,626,2024-10-02,COD
4524,1594,1865,4,488,1952,2024-07-13,COD
4525,444,830,2,133,266,2024-03-02,UPI
4526,27,1992,1,570,570,2024-02-18,COD
4527,228,1618,1,110,110,2024-06-29,UPI
4528,1828,1463,1,335,335,2024-01-02,Card
4529,1247,1989,1,563,563,2025-03-12,Card
4530,401,1164,3,101,303,2024-01-25,UPI
4531,348,1271,3,205,615,2024-02-18,COD
4532,1521,1733,2,250,500,2024-05-12,COD
4533,1232,1499,3,498,1494,2025-03-26,COD
4534,1598,715,4,521,2084,2024-11-14,COD
4535,1574,379,1,289,289,2024-10-31,UPI
4536,1526,552,3,504,1512,2024-11-03,UPI
4537,1245,765,1,477,477,2025-03-04,Card
4538,430,651,4,407,1628,2024-10-20,COD
4539,1939,635,4,164,656,2024-05-26,Card
4540,150,867,2,425,850,2024-01-24,UPI
4541,503,41,4,377,1508,2024-01-09,UPI
4542,795,294,4,569,2276,2024-02-10,Card
4543,1920,5,3,560,1680,2024-01-13,COD
4544,1432,890,3,192,576,2024-12-09,COD
4545,1856,904,3,497,1491,2024-01-09,COD
4546,830,1762,3,396,1188,2024-07-18,Card
4547,1578,1097,2,385,770,2024-05-17,Card
4548,1623,316,2,132,264,2025-02-21,UPI
4549,1665,870,4,178,712,2024-05-07,UPI
4550,53,2,3,442,1326,2024-04-04,COD
4551,1180,1196,1,494,494,2024-01-16,UPI
4552,1824,1710,3,360,1080,2024-02-29,Card
4553,752,346,1,361,361,2024-08-09,COD
4554,1405,51,2,226,452,2024-01-02,UPI
4555,1603,1306,3,571,1713,2025-05-13,Card
4556,849,625,2,187,374,2024-06-13,COD
4557,1389,408,4,528,2112,2024-04-17,COD
4558,889,637,3,383,1149,2024-11-20,UPI
4559,717,121,1,354,354,2024-07-06,COD
4560,549,336,1,380,380,2025-04-23,UPI
4561,504,52,2,164,328,2024-08-02,COD
4562,1872,25,1,559,559,2025-04-11,Card
4563,218,659,2,254,508,2024-01-20,COD
4564,1970,315,2,535,1070,2024-08-27,UPI
4565,1745,306,3,579,1737,2024-12-06,Card
4566,1611,302,1,108,108,2024-10-05,COD
4567,534,1795,4,364,1456,2024-12-13,COD
4568,1724,589,1,491,491,2024-08-06,COD
4569,1300,559,2,519,1038,2024-06-08,Card
4570,1863,714,2,530,1060,2025-02-06,Card
4571,277,1860,2,120,240,2024-04-21,UPI
4572,1062,142,3,493,1479,2024-02-06,COD
4573,1180,1960,3,266,798,2024-02-21,UPI
4574,502,1390,2,567,1134,2025-04-07,COD
4575,1206,1841,2,196,392,2025-03-11,UPI
4576,174,1206,3,181,543,2024-11-08,COD
4577,1492,729,4,391,1564,2024-11-04,COD
4578,1800,1120,4,473,1892,2024-06-19,UPI
4579,1693,1254,1,202,202,2025-01-16,UPI
4580,924,48,1,343,343,2024-06-28,UPI
4581,932,976,2,405,810,2025-04-20,COD
4582,687,777,3,425,1275,2024-11-22,UPI
4583,1099,1856,2,490,980,2024-10-14,Card
4584,654,589,4,491,1964,2025-03-21,COD
4585,98,222,3,340,1020,2024-02-28,COD
4586,985,107,1,396,396,2024-06-05,UPI
4587,1069,1967,2,164,328,2024-04-22,COD
4588,846,1370,1,164,164,2024-12-25,COD
4589,552,1971,1,384,384,2024-03-24,UPI
4590,653,1289,2,118,236,2024-01-08,Card
4591,404,843,2,287,574,2024-01-30,UPI
4592,230,115,1,548,548,2024-01-05,Card
4593,214,759,2,356,712,2024-06-21,COD
4594,333,156,3,185,555,2024-01-25,UPI
4595,1976,172,4,561,2244,2025-04-11,UPI
4596,1818,548,4,580,2320,2024-01-10,COD
4597,1918,1787,2,274,548,2025-01-21,Card
4598,316,1394,4,289,1156,2024-09-07,Card
4599,80,940,2,447,894,2024-07-28,Card
4600,1596,1449,3,174,522,2024-05-06,UPI
4601,1027,248,3,123,369,2024-01-08,Card
4602,1270,1633,4,237,948,2024-04-18,UPI
4603,1321,1212,1,556,556,2025-02-16,Card
4604,855,1939,1,446,446,2024-11-27,Card
4605,536,1239,1,594,594,2024-06-17,COD
4606,1000,1818,2,583,1166,2025-05-03,Card
4607,1942,176,2,204,408,2024-10-06,UPI
4608,1780,839,1,380,380,2024-05-02,COD
4609,802,1384,4,539,2156,2024-11-12,COD
4610,324,516,1,529,529,2024-06-08,UPI
4611,1344,1463,1,335,335,2024-04-05,Card
4612,1106,703,4,250,1000,2025-03-26,Card
4613,139,659,2,254,508,2025-01-28,UPI
4614,1658,947,3,245,735,2024-06-02,Card
4615,754,1546,1,190,190,2024-10-11,UPI
4616,1952,1385,1,185,185,2024-12-05,COD
4617,1201,1343,3,118,354,2025-05-13,Card
4618,1337,737,3,328,984,2024-03-27,Card
4619,1317,234,2,178,356,2024-06-13,COD
4620,283,1306,2,571,1142,2024-01-03,Card
4621,1143,1133,1,271,271,2025-02-02,Card
4622,52,1755,3,270,810,2024-02-27,Card
4623,1383,308,4,570,2280,2025-01-08,Card
4624,1766,880,1,229,229,2024-03-03,UPI
4625,666,992,3,102,306,2025-04-25,Card
4626,1735,1696,4,444,1776,2025-04-11,Card
4627,414,1222,2,296,592,2024-04-11,UPI
4628,329,956,1,530,530,2025-03-05,Card
4629,628,574,2,351,702,2024-06-15,Card
4630,1437,1741,4,590,2360,2024-05-14,UPI
4631,1013,459,4,140,560,2025-03-13,Card
4632,522,671,4,294,1176,2024-02-17,UPI
4633,579,174,3,409,1227,2025-03-25,UPI
4634,140,994,1,263,263,2025-04-03,Card
4635,353,678,4,159,636,2025-01-18,COD
4636,1014,1542,3,506,1518,2024-06-21,COD
4637,741,1676,4,216,864,2024-11-14,UPI
4638,1234,1498,3,393,1179,2024-04-04,COD
4639,1568,1387,2,227,454,2024-01-30,COD
4640,1678,1782,1,534,534,2024-12-29,COD
4641,17,1111,2,231,462,2024-06-22,COD
4642,496,1189,3,400,1200,2024-05-17,Card
4643,729,1651,4,467,1868,2024-12-29,COD
4644,958,1891,1,580,580,2024-03-13,UPI
4645,631,1342,2,436,872,2025-04-03,COD
4646,95,1396,2,112,224,2025-04-28,COD
4647,245,355,3,288,864,2024-04-29,COD
4648,1124,398,1,574,574,2024-12-06,Card
4649,674,1149,4,508,2032,2024-12-04,COD
4650,1347,1453,3,515,1545,2025-03-13,Card
4651,252,1913,3,395,1185,2024-09-29,UPI
4652,701,188,1,389,389,2024-10-08,Card
4653,1587,920,1,202,202,2024-09-13,UPI
4654,1485,949,4,448,1792,2024-06-09,COD
4655,1761,1610,4,180,720,2024-11-13,Card
4656,397,832,1,418,418,2024-09-24,Card
4657,1739,1978,3,250,750,2024-08-26,UPI
4658,634,1565,3,191,573,2024-05-17,COD
4659,424,1345,3,534,1602,2024-06-01,UPI
4660,1573,1796,3,146,438,2024-09-09,COD
4661,400,1286,1,270,270,2024-03-11,Card
4662,1228,1037,4,135,540,2024-08-16,Card
4663,1185,360,2,430,860,2025-05-02,Card
4664,302,103,1,591,591,2025-03-20,Card
4665,564,555,4,313,1252,2025-02-09,COD
4666,654,619,4,519,2076,2024-08-08,UPI
4667,1669,968,3,558,1674,2024-05-14,COD
4668,987,573,1,361,361,2024-06-13,Card
4669,691,360,2,430,860,2024-08-12,COD
4670,1609,1788,3,362,1086,2024-02-16,COD
4671,921,1117,4,551,2204,2025-01-09,COD
4672,1675,1181,1,119,119,2024-02-11,COD
4673,796,1749,2,100,200,2024-07-24,COD
4674,1666,827,4,380,1520,2024-07-22,Card
4675,1520,37,2,106,212,2024-08-17,UPI
4676,1596,1777,3,317,951,2024-03-16,Card
4677,271,61,1,480,480,2025-03-13,COD
4678,783,1215,2,345,690,2024-12-09,Card
4679,868,781,3,588,1764,2024-11-05,COD
4680,115,390,3,319,957,2024-05-18,Card
4681,436,375,1,502,502,2024-09-01,COD
4682,95,306,4,579,2316,2024-07-02,COD
4683,1397,82,2,207,414,2024-08-09,Card
4684,475,1768,2,553,1106,2024-12-19,COD
4685,16,1382,2,546,1092,2024-09-19,UPI
4686,1994,33,1,150,150,2025-03-29,UPI
4687,1740,713,3,200,600,2025-01-12,Card
4688,812,1222,2,296,592,2025-04-06,COD
4689,1915,1855,1,438,438,2024-11-13,COD
4690,1104,1808,1,149,149,2024-05-05,COD
4691,1089,56,1,289,289,2024-09-30,COD
4692,1928,1708,1,520,520,2024-10-04,Card
4693,567,1036,3,497,1491,2024-01-19,COD
4694,385,494,1,146,146,2024-04-10,Card
4695,31,653,2,233,466,2024-12-16,UPI
4696,111,1694,2,146,292,2024-10-14,Card
4697,838,242,3,266,798,2025-03-08,UPI
4698,307,762,4,108,432,2024-02-09,COD
4699,757,1138,1,437,437,2024-08-23,Card
4700,1002,1827,1,396,396,2024-02-26,Card
4701,45,1132,2,386,772,2024-06-29,COD
4702,1932,1891,1,580,580,2024-10-03,Card
4703,379,1201,1,399,399,2025-01-29,UPI
4704,906,1077,3,325,975,2024-11-15,UPI
4705,595,1795,4,364,1456,2024-07-20,Card
4706,1656,49,3,110,330,2024-07-18,COD
4707,683,586,3,198,594,2024-02-24,Card
4708,961,1034,3,303,909,2024-01-09,COD
4709,133,1712,2,588,1176,2025-02-28,Card
4710,1805,1429,3,124,372,2024-04-26,COD
4711,1825,1563,2,248,496,2024-11-17,COD
4712,776,16,2,588,1176,2024-11-02,UPI
4713,703,15,4,452,1808,2024-04-20,UPI
4714,1806,167,1,384,384,2024-11-14,COD
4715,634,1740,4,208,832,2024-03-21,COD
4716,939,751,4,208,832,2025-03-18,COD
4717,1979,368,4,320,1280,2024-05-07,Card
4718,1465,1964,4,331,1324,2024-02-08,COD
4719,1985,148,2,577,1154,2024-03-08,Card
4720,807,151,2,472,944,2024-04-26,COD
4721,1813,1197,2,204,408,2024-10-27,UPI
4722,179,1166,4,588,2352,2024-12-25,Card
4723,1621,692,1,239,239,2024-06-08,UPI
4724,165,426,2,393,786,2024-03-30,COD
4725,1796,989,4,496,1984,2024-08-26,UPI
4726,1725,1096,2,508,1016,2024-05-05,COD
4727,530,118,2,107,214,2025-04-11,UPI
4728,1522,1893,2,405,810,2024-10-06,COD
4729,514,1132,4,386,1544,2025-01-04,UPI
4730,1170,1625,2,503,1006,2024-10-10,UPI
4731,1929,730,4,165,660,2025-02-07,COD
4732,1742,693,3,282,846,2025-04-15,COD
4733,134,353,1,212,212,2024-10-12,Card
4734,1769,810,4,193,772,2024-05-23,COD
4735,239,273,2,554,1108,2025-03-02,Card
4736,48,880,3,229,687,2025-02-21,UPI
4737,1892,1634,1,564,564,2024-01-21,UPI
4738,1815,311,4,209,836,2024-09-22,Card
4739,776,1945,2,417,834,2025-05-09,COD
4740,1866,144,3,117,351,2024-03-19,Card
4741,740,956,1,530,530,2025-04-16,COD
4742,1038,1876,4,136,544,2024-03-15,UPI
4743,729,173,1,222,222,2024-12-08,UPI
4744,1956,1721,1,580,580,2025-01-04,UPI
4745,829,512,4,319,1276,2025-01-05,UPI
4746,1297,76,4,377,1508,2024-11-26,UPI
4747,72,1492,1,110,110,2024-11-17,Card
4748,568,1902,2,432,864,2024-05-07,Card
4749,860,612,1,184,184,2024-11-09,Card
4750,669,1901,2,235,470,2024-06-18,Card
4751,1381,1351,1,436,436,2025-02-17,UPI
4752,875,1164,4,101,404,2024-10-15,UPI
4753,22,688,4,219,876,2025-01-14,UPI
4754,1372,169,2,426,852,2024-04-23,UPI
4755,801,449,4,464,1856,2024-08-17,Card
4756,150,647,1,197,197,2024-04-26,COD
4757,12,163,3,319,957,2024-09-28,UPI
4758,103,240,3,379,1137,2024-09-27,UPI
4759,1028,937,2,390,780,2025-04-17,Card
4760,661,1251,3,517,1551,2024-05-17,COD
4761,1270,257,4,422,1688,2024-05-14,COD
4762,689,1523,2,289,578,2025-02-13,Card
4763,977,297,4,459,1836,2024-03-26,Card
4764,134,1875,2,226,452,2025-03-03,COD
4765,17,740,3,157,471,2024-06-25,COD
4766,1339,459,1,140,140,2024-06-11,Card
4767,1108,416,2,438,876,2024-09-03,COD
4768,134,1987,3,243,729,2024-10-01,Card
4769,976,182,3,330,990,2024-09-13,UPI
4770,917,1092,1,587,587,2024-09-24,COD
4771,1835,1757,3,426,1278,2024-11-18,Card
4772,603,873,3,332,996,2024-06-28,COD
4773,511,450,3,308,924,2024-03-09,UPI
4774,1606,771,1,436,436,2025-03-06,UPI
4775,409,1088,3,584,1752,2025-04-04,UPI
4776,1492,1209,1,299,299,2024-08-28,Card
4777,1753,1630,3,519,1557,2025-01-26,UPI
4778,971,1426,4,338,1352,2024-05-31,Card
4779,1405,1707,1,312,312,2024-12-01,Card
4780,585,729,2,391,782,2024-09-16,Card
4781,356,735,2,559,1118,2024-02-08,UPI
4782,391,1484,2,565,1130,2024-05-13,COD
4783,270,1767,1,252,252,2024-04-23,COD
4784,354,168,3,331,993,2024-10-05,COD
4785,1175,1619,3,514,1542,2025-01-11,COD
4786,1857,1336,2,290,580,2025-04-18,COD
4787,906,296,2,587,1174,2025-04-05,COD
4788,788,239,1,277,277,2024-11-24,UPI
4789,1208,1050,2,203,406,2024-04-08,COD
4790,523,645,1,171,171,2024-05-04,UPI
4791,937,813,2,327,654,2025-01-17,Card
4792,1908,1754,1,148,148,2024-11-03,Card
4793,1436,303,4,113,452,2024-10-30,Card
4794,845,90,2,137,274,2024-05-23,COD
4795,1930,128,2,572,1144,2024-10-27,COD
4796,400,244,2,445,890,2024-04-09,Card
4797,1416,167,4,384,1536,2024-11-05,Card
4798,1386,513,1,186,186,2024-07-07,UPI
4799,636,459,1,140,140,2024-07-06,COD
4800,1102,895,2,481,962,2024-11-30,UPI
4801,493,1987,2,243,486,2025-04-19,COD
4802,1468,1617,2,484,968,2024-02-12,Card
4803,641,446,3,170,510,2025-04-09,Card
4804,820,1430,2,428,856,2025-05-13,UPI
4805,1573,1575,2,403,806,2024-01-28,UPI
4806,1468,1036,4,497,1988,2025-03-23,UPI
4807,877,1667,3,312,936,2024-12-04,UPI
4808,343,1809,4,208,832,2024-12-15,COD
4809,1356,1993,1,255,255,2025-01-31,UPI
4810,949,1878,3,102,306,2024-12-23,UPI
4811,76,619,3,519,1557,2024-12-12,COD
4812,1935,1649,3,141,423,2024-03-27,Card
4813,1499,1286,4,270,1080,2024-11-26,UPI
4814,211,1687,2,120,240,2025-04-08,Card
4815,743,478,3,329,987,2024-08-08,COD
4816,1776,220,3,562,1686,2024-10-20,COD
4817,1279,1444,3,234,702,2024-10-05,COD
4818,1850,985,2,340,680,2024-03-12,UPI
4819,1148,86,1,562,562,2024-12-10,COD
4820,568,944,2,102,204,2024-06-03,COD
4821,1558,754,3,221,663,2024-05-23,UPI
4822,1870,225,4,599,2396,2024-09-12,COD
4823,530,948,2,174,348,2024-04-04,COD
4824,1169,1572,2,282,564,2024-05-21,Card
4825,1811,863,3,166,498,2024-04-12,Card
4826,890,1913,3,395,1185,2024-05-07,UPI
4827,1441,1246,4,120,480,2024-12-27,COD
4828,687,1219,4,391,1564,2025-04-14,Card
4829,462,559,1,519,519,2025-03-16,COD
4830,111,772,3,543,1629,2024-02-14,UPI
4831,1279,160,3,450,1350,2024-06-15,COD
4832,1445,1847,1,247,247,2025-03-07,COD
4833,725,308,3,570,1710,2025-03-28,Card
4834,543,1506,2,148,296,2024-12-13,COD
4835,1951,1259,1,267,267,2024-01-18,Card
4836,1291,1424,1,364,364,2024-03-20,Card
4837,573,1728,1,508,508,2024-12-08,Card
4838,307,1634,3,564,1692,2024-09-23,Card
4839,1973,828,3,474,1422,2024-02-24,Card
4840,1741,1823,1,409,409,2025-05-02,Card
4841,159,962,4,568,2272,2024-06-20,Card
4842,737,944,3,102,306,2024-01-24,Card
4843,1675,68,2,126,252,2024-04-01,COD
4844,289,163,1,319,319,2024-08-15,UPI
4845,1214,1378,3,404,1212,2025-03-18,Card
4846,472,1756,3,242,726,2025-01-05,COD
4847,714,487,4,418,1672,2024-07-12,Card
4848,1825,995,1,409,409,2024-07-21,UPI
4849,545,1319,1,560,560,2024-07-31,UPI
4850,1283,1952,4,292,1168,2025-01-14,COD
4851,1508,180,4,459,1836,2025-05-05,COD
4852,63,260,1,222,222,2024-11-06,UPI
4853,30,1248,3,206,618,2024-01-28,Card
4854,1929,1595,1,246,246,2024-04-11,COD
4855,152,108,1,177,177,2025-02-04,UPI
4856,24,1044,2,539,1078,2024-01-31,Card
4857,1987,382,2,231,462,2024-03-11,COD
4858,1092,163,1,319,319,2024-05-10,UPI
4859,1898,630,1,425,425,2025-05-11,Card
4860,1660,152,2,355,710,2024-11-25,UPI
4861,1519,352,4,174,696,2024-01-13,UPI
4862,1227,1819,4,461,1844,2025-05-10,Card
4863,1462,615,3,547,1641,2024-08-11,Card
4864,1514,695,1,353,353,2024-10-26,UPI
4865,1981,711,4,559,2236,2024-08-09,COD
4866,1110,1131,1,108,108,2024-01-23,Card
4867,1180,582,1,524,524,2024-03-18,COD
4868,1334,1990,4,313,1252,2024-11-14,UPI
4869,1890,1856,4,490,1960,2025-01-13,COD
4870,108,232,3,561,1683,2024-10-08,UPI
4871,356,444,4,544,2176,2024-08-28,Card
4872,361,1683,3,284,852,2024-02-14,Card
4873,490,1543,2,385,770,2024-03-30,Card
4874,239,1145,2,125,250,2024-04-12,COD
4875,860,125,1,186,186,2024-02-18,Card
4876,1963,1216,4,561,2244,2025-01-11,Card
4877,275,793,4,124,496,2024-01-22,COD
4878,282,1061,4,569,2276,2025-01-16,COD
4879,1339,653,3,233,699,2024-06-30,UPI
4880,542,1838,4,125,500,2025-02-17,Card
4881,129,1836,3,550,1650,2024-04-08,COD
4882,1984,1458,2,366,732,2024-01-27,UPI
4883,508,988,1,531,531,2024-09-17,Card
4884,1366,404,3,203,609,2025-03-16,UPI
4885,965,71,4,186,744,2025-05-01,UPI
4886,383,597,2,516,1032,2024-02-27,UPI
4887,1486,530,4,295,1180,2024-07-29,COD
4888,1120,314,4,455,1820,2024-02-15,COD
4889,1232,1729,2,420,840,2024-10-06,COD
4890,1908,11,1,403,403,2024-03-30,Card
4891,1871,1665,4,111,444,2024-06-12,Card
4892,883,1575,2,403,806,2024-09-25,COD
4893,567,897,2,561,1122,2024-03-05,UPI
4894,1153,546,2,567,1134,2024-02-05,Card
4895,1401,1450,1,220,220,2025-01-26,UPI
4896,1701,1307,4,163,652,2024-05-18,Card
4897,886,1797,1,308,308,2024-08-20,UPI
4898,669,971,1,316,316,2025-01-05,Card
4899,560,929,4,595,2380,2024-02-14,Card
4900,1444,963,4,573,2292,2024-10-12,COD
4901,1736,1159,4,119,476,2025-01-19,UPI
4902,1508,1393,1,302,302,2024-12-21,COD
4903,923,1042,1,520,520,2025-04-11,COD
4904,1067,518,2,556,1112,2024-03-17,UPI
4905,765,1705,4,437,1748,2024-11-22,COD
4906,68,199,1,483,483,2024-12-16,COD
4907,319,990,1,530,530,2024-10-08,UPI
4908,717,1882,1,377,377,2024-11-21,COD
4909,1861,314,1,455,455,2024-06-18,UPI
4910,1087,1703,4,135,540,2024-12-10,COD
4911,1051,1519,4,198,792,2025-04-19,Card
4912,42,1192,4,201,804,2024-09-14,UPI
4913,726,1206,3,181,543,2024-02-03,COD
4914,1505,1926,3,392,1176,2025-04-14,Card
4915,1240,1452,4,217,868,2024-12-08,UPI
4916,1297,553,1,525,525,2024-04-20,UPI
4917,800,780,2,345,690,2024-09-14,COD
4918,1372,1483,1,219,219,2024-01-08,COD
4919,327,1483,2,219,438,2024-05-16,Card
4920,1855,1836,2,550,1100,2025-04-26,COD
4921,1689,331,4,583,2332,2024-09-23,COD
4922,967,1429,3,124,372,2025-03-09,UPI
4923,642,1912,1,430,430,2024-10-13,UPI
4924,941,1686,2,337,674,2024-09-30,COD
4925,1198,221,3,222,666,2024-08-01,Card
4926,1032,718,2,227,454,2024-10-17,Card
4927,253,175,4,442,1768,2024-10-30,Card
4928,1756,190,4,368,1472,2024-08-11,Card
4929,1300,408,1,528,528,2024-04-02,UPI
4930,1197,592,4,467,1868,2025-02-19,Card
4931,1913,1043,4,125,500,2025-04-03,UPI
4932,699,1721,3,580,1740,2024-10-07,UPI
4933,484,1484,3,565,1695,2024-09-27,COD
4934,139,1181,1,119,119,2024-02-23,COD
4935,29,1602,3,532,1596,2024-01-25,UPI
4936,79,762,2,108,216,2024-12-05,Card
4937,152,768,3,597,1791,2025-02-23,UPI
4938,1935,806,4,144,576,2025-01-11,COD
4939,519,1577,2,366,732,2025-05-06,UPI
4940,1804,741,1,184,184,2024-01-25,Card
4941,1442,1406,2,303,606,2024-12-10,COD
4942,57,831,4,428,1712,2024-04-30,COD
4943,926,1039,3,216,648,2024-06-12,UPI
4944,323,116,2,213,426,2024-07-20,Card
4945,48,1528,4,123,492,2024-12-15,Card
4946,1916,1248,4,206,824,2025-01-05,COD
4947,526,936,1,369,369,2024-07-28,Card
4948,250,1492,4,110,440,2024-06-16,COD
4949,964,1237,3,201,603,2025-01-21,COD
4950,1710,1322,1,354,354,2025-04-21,Card
4951,1717,1730,1,579,579,2024-12-20,Card
4952,1876,943,3,288,864,2024-11-12,COD
4953,855,1576,2,103,206,2024-10-23,Card
4954,1273,1809,3,208,624,2025-02-13,Card
4955,397,1317,4,290,1160,2024-05-11,Card
4956,17,1046,1,172,172,2025-01-26,UPI
4957,1779,1754,3,148,444,2024-12-07,Card
4958,1464,1498,1,393,393,2025-01-23,UPI
4959,310,252,3,537,1611,2025-01-27,Card
4960,1095,1313,4,594,2376,2024-08-22,COD
4961,1940,885,3,172,516,2024-01-06,COD
4962,765,1400,1,543,543,2024-09-07,Card
4963,126,1466,3,117,351,2024-12-29,Card
4964,1040,592,2,467,934,2024-07-30,Card
4965,779,1533,3,150,450,2024-07-09,Card
4966,520,1487,2,188,376,2024-09-19,Card
4967,1310,1482,2,335,670,2024-09-11,UPI
4968,1660,1393,4,302,1208,2024-03-29,Card
4969,1521,816,2,293,586,2025-01-09,COD
4970,701,472,2,586,1172,2024-05-14,UPI
4971,1163,1815,1,280,280,2025-01-06,COD
4972,262,1829,2,304,608,2025-05-03,COD
4973,1484,769,1,342,342,2024-11-17,COD
4974,307,1098,1,291,291,2024-11-26,COD
4975,1870,1215,4,345,1380,2024-03-18,Card
4976,55,952,1,418,418,2025-03-10,COD
4977,1027,882,3,161,483,2024-10-01,COD
4978,1531,1097,3,385,1155,2024-01-17,UPI
4979,238,564,1,124,124,2024-04-22,UPI
4980,1849,1591,4,494,1976,2024-12-06,Card
4981,397,1688,1,123,123,2024-10-06,UPI
4982,1067,1032,1,179,179,2024-11-15,UPI
4983,508,831,2,428,856,2025-02-13,UPI
4984,101,1394,4,289,1156,2024-06-24,Card
4985,1753,1073,3,547,1641,2024-07-30,COD
4986,98,452,3,356,1068,2025-01-04,UPI
4987,185,1409,4,375,1500,2024-09-19,COD
4988,1867,1715,3,254,762,2024-03-07,Card
4989,1185,59,4,468,1872,2024-09-08,UPI
4990,608,1773,2,202,404,2025-01-07,Card
4991,1641,1848,1,210,210,2024-12-04,Card
4992,1360,1225,2,305,610,2024-12-04,UPI
4993,35,1222,4,296,1184,2024-02-08,UPI
4994,276,1041,3,366,1098,2025-03-08,COD
4995,220,1890,4,597,2388,2025-01-03,UPI
4996,1075,980,4,369,1476,2024-11-28,Card
4997,253,1161,3,431,1293,2024-04-05,Card
4998,937,56,2,289,578,2024-02-21,UPI
4999,1973,1635,4,374,1496,2024-12-26,COD
5000,1679,607,2,263,526,2024-06-21,Card
5001,184,1431,2,120,240,2024-01-25,Card
5002,228,538,3,143,429,2024-07-13,Card
5003,1313,780,1,345,345,2024-12-31,COD
5004,466,1803,1,254,254,2024-03-21,UPI
5005,549,233,4,166,664,2024-04-15,COD
5006,677,478,1,329,329,2024-06-23,Card
5007,46,1773,4,202,808,2024-12-17,COD
5008,125,110,1,200,200,2024-04-30,COD
5009,814,1114,2,299,598,2025-02-02,COD
5010,1057,281,3,508,1524,2024-08-18,UPI
5011,74,1842,4,581,2324,2024-02-28,Card
5012,1298,860,4,301,1204,2024-05-18,Card
5013,1708,1557,1,163,163,2025-04-02,COD
5014,1052,817,3,320,960,2024-09-21,COD
5015,1056,264,3,285,855,2024-05-18,COD
5016,1337,413,1,294,294,2025-04-05,UPI
5017,1432,253,1,159,159,2025-04-14,UPI
5018,1317,1097,2,385,770,2024-06-18,COD
5019,1781,796,4,409,1636,2024-03-11,UPI
5020,926,425,1,159,159,2025-03-06,Card
5021,63,437,3,313,939,2025-02-18,UPI
5022,1082,815,1,230,230,2025-04-15,Card
5023,1907,992,1,102,102,2024-01-03,UPI
5024,975,435,4,499,1996,2025-02-02,COD
5025,1337,301,4,297,1188,2024-11-27,Card
5026,749,559,4,519,2076,2024-10-10,UPI
5027,1682,958,1,310,310,2024-03-03,COD
5028,1696,204,2,565,1130,2024-11-07,COD
5029,756,365,4,476,1904,2024-08-15,Card
5030,1241,507,3,529,1587,2024-01-02,UPI
5031,11,440,4,179,716,2024-05-03,COD
5032,664,564,3,124,372,2025-01-09,UPI
5033,1626,1481,3,193,579,2024-08-28,COD
5034,377,1674,2,109,218,2024-09-29,Card
5035,1213,758,1,429,429,2025-05-14,Card
5036,47,323,3,438,1314,2024-02-07,Card
5037,687,1751,2,476,952,2024-03-23,UPI
5038,1348,1977,4,303,1212,2024-09-01,Card
5039,184,1857,4,279,1116,2024-04-19,Card
5040,1158,732,3,347,1041,2025-01-10,Card
5041,553,1830,3,526,1578,2024-07-24,Card
5042,1173,436,2,592,1184,2024-10-24,Card
5043,1716,282,4,194,776,2024-01-29,COD
5044,1577,31,2,399,798,2024-04-29,Card
5045,1076,1678,2,363,726,2024-12-24,UPI
5046,851,908,1,519,519,2024-05-09,Card
5047,1668,781,3,588,1764,2024-11-11,UPI
5048,1983,421,4,570,2280,2025-03-10,UPI
5049,63,1091,2,474,948,2024-01-01,Card
5050,875,1053,3,332,996,2024-06-06,COD
5051,1857,251,4,467,1868,2025-03-17,UPI
5052,1054,622,3,281,843,2024-12-02,Card
5053,24,146,1,271,271,2024-03-10,UPI
5054,1744,1039,3,216,648,2024-05-26,Card
5055,1687,1998,3,482,1446,2025-01-05,UPI
5056,1540,420,3,344,1032,2025-01-03,UPI
5057,1059,456,4,304,1216,2024-10-08,UPI
5058,317,681,1,338,338,2024-06-29,UPI
5059,1489,743,2,227,454,2024-09-09,COD
5060,1820,1507,3,599,1797,2024-04-14,COD
5061,1489,486,4,382,1528,2025-03-24,UPI
5062,1368,822,3,267,801,2024-03-06,COD
5063,1126,412,1,321,321,2024-08-30,COD
5064,1811,634,1,261,261,2024-11-25,COD
5065,529,1340,2,510,1020,2024-07-25,UPI
5066,105,486,2,382,764,2024-12-03,Card
5067,359,153,2,189,378,2024-03-24,UPI
5068,387,1707,2,312,624,2024-08-05,UPI
5069,941,545,1,492,492,2024-05-10,Card
5070,1880,853,4,243,972,2024-03-09,COD
5071,1066,563,1,425,425,2024-11-14,COD
5072,1113,101,1,221,221,2024-09-29,Card
5073,1870,1018,4,595,2380,2025-01-07,Card
5074,694,539,3,233,699,2024-04-08,COD
5075,949,352,2,174,348,2024-01-11,COD
5076,770,904,1,497,497,2024-09-07,Card
5077,641,1124,4,252,1008,2024-11-25,UPI
5078,285,903,2,111,222,2024-01-01,COD
5079,526,1060,3,109,327,2024-09-25,Card
5080,1430,1358,1,222,222,2024-12-26,COD
5081,901,1853,2,165,330,2025-03-25,UPI
5082,1062,663,4,295,1180,2025-03-12,Card
5083,1170,948,4,174,696,2024-07-02,Card
5084,564,1356,3,579,1737,2025-04-21,UPI
5085,589,1941,1,575,575,2024-09-02,UPI
5086,1817,132,2,117,234,2024-01-10,UPI
5087,1097,1811,2,296,592,2024-10-31,UPI
5088,1039,1756,3,242,726,2024-08-01,COD
5089,1994,580,1,410,410,2024-10-19,UPI
5090,1999,1501,3,417,1251,2024-11-16,COD
5091,749,10,2,467,934,2024-02-16,COD
5092,569,22,4,210,840,2024-12-22,COD
5093,950,796,2,409,818,2024-04-25,COD
5094,1769,837,4,434,1736,2024-06-23,UPI
5095,340,1862,1,494,494,2024-09-01,Card
5096,1515,316,3,132,396,2024-07-07,UPI
5097,820,1741,2,590,1180,2024-07-18,COD
5098,1563,846,4,596,2384,2025-02-22,Card
5099,71,1879,2,374,748,2024-09-17,COD
5100,1071,863,3,166,498,2024-12-27,Card
5101,626,298,2,501,1002,2025-03-16,UPI
5102,196,390,2,319,638,2024-04-26,UPI
5103,991,1435,2,551,1102,2025-02-23,UPI
5104,104,1602,3,532,1596,2024-02-13,UPI
5105,1875,608,1,294,294,2025-02-18,Card
5106,1472,1617,3,484,1452,2024-01-07,COD
5107,1181,56,2,289,578,2024-11-28,COD
5108,1502,62,3,179,537,2025-04-02,Card
5109,63,813,1,327,327,2025-01-09,COD
5110,1654,1308,3,212,636,2024-02-07,COD
5111,1635,438,1,533,533,2024-03-26,Card
5112,1758,1304,3,477,1431,2024-09-01,COD
5113,1719,857,2,103,206,2024-05-07,COD
5114,1546,844,3,368,1104,2024-04-29,UPI
5115,406,828,2,474,948,2024-10-18,Card
5116,1336,1504,4,414,1656,2024-12-02,COD
5117,1843,974,4,173,692,2024-07-18,Card
5118,496,1217,2,259,518,2025-03-01,UPI
5119,1498,1969,2,296,592,2025-04-30,Card
5120,18,1736,4,473,1892,2025-02-22,Card
5121,263,992,3,102,306,2025-02-19,UPI
5122,1902,247,1,164,164,2024-04-15,Card
5123,1231,1029,2,551,1102,2024-01-11,Card
5124,461,1839,2,459,918,2025-01-06,Card
5125,976,1782,1,534,534,2024-12-03,COD
5126,1633,685,3,300,900,2024-09-28,UPI
5127,770,1239,3,594,1782,2025-04-12,COD
5128,1527,1022,4,220,880,2025-01-02,Card
5129,885,1939,3,446,1338,2025-05-14,COD
5130,752,8,2,123,246,2024-07-22,COD
5131,1914,315,2,535,1070,2025-02-28,Card
5132,1225,1744,2,224,448,2024-05-07,Card
5133,1194,130,3,424,1272,2024-02-26,COD
5134,960,1426,4,338,1352,2025-01-07,Card
5135,572,1804,3,421,1263,2024-01-25,UPI
5136,614,949,2,448,896,2025-01-14,Card
5137,1963,1563,3,248,744,2024-06-19,UPI
5138,2,1273,3,585,1755,2025-03-16,Card
5139,327,1148,2,268,536,2024-03-19,COD
5140,990,1716,4,583,2332,2025-05-01,UPI
5141,1194,974,2,173,346,2024-03-29,COD
5142,605,187,4,213,852,2024-01-10,COD
5143,277,1161,3,431,1293,2024-10-21,Card
5144,1229,1351,2,436,872,2024-06-10,UPI
5145,1686,481,2,211,422,2024-05-22,UPI
5146,192,331,2,583,1166,2024-11-03,UPI
5147,563,906,2,324,648,2024-11-19,COD
5148,642,1664,3,388,1164,2024-11-20,Card
5149,1603,1166,1,588,588,2024-10-01,Card
5150,1080,1741,4,590,2360,2024-05-21,Card
5151,1778,528,3,167,501,2024-02-10,UPI
5152,1265,1608,1,186,186,2025-02-04,Card
5153,908,1917,4,494,1976,2024-11-22,UPI
5154,1152,1872,1,347,347,2024-12-19,UPI
5155,1360,1639,2,354,708,2025-01-28,COD
5156,210,361,1,176,176,2025-05-03,Card
5157,1269,701,4,218,872,2024-11-22,COD
5158,733,1881,4,213,852,2024-10-27,Card
5159,597,283,4,426,1704,2024-01-26,UPI
5160,1810,1696,3,444,1332,2025-01-08,UPI
5161,1350,116,2,213,426,2024-12-05,Card
5162,1670,1729,2,420,840,2024-07-07,UPI
5163,848,1308,3,212,636,2025-01-21,Card
5164,1962,1675,3,545,1635,2024-05-01,UPI
5165,545,1847,4,247,988,2024-09-14,Card
5166,1410,759,3,356,1068,2024-12-22,UPI
5167,1910,96,1,155,155,2024-09-13,UPI
5168,1910,1465,1,418,418,2024-05-01,Card
5169,1639,1419,2,409,818,2024-10-22,COD
5170,1747,1928,4,446,1784,2024-06-30,COD
5171,217,180,1,459,459,2025-03-19,COD
5172,1755,1511,3,534,1602,2025-03-05,Card
5173,318,216,2,302,604,2024-12-13,COD
5174,1097,390,3,319,957,2024-09-24,Card
5175,478,1502,2,489,978,2024-08-19,UPI
5176,26,1358,2,222,444,2024-12-25,UPI
5177,1223,1153,2,174,348,2024-04-26,COD
5178,956,876,3,390,1170,2024-07-05,COD
5179,586,1347,2,129,258,2024-08-02,Card
5180,1185,1019,2,273,546,2024-10-22,COD
5181,117,1245,2,274,548,2024-03-22,UPI
5182,998,1320,2,463,926,2024-03-06,COD
5183,63,1882,3,377,1131,2024-12-22,Card
5184,762,1802,4,155,620,2025-04-15,UPI
5185,185,1896,2,189,378,2024-08-04,Card
5186,1893,1455,2,163,326,2024-07-23,UPI
5187,272,1873,4,463,1852,2024-06-15,UPI
5188,1527,513,2,186,372,2025-02-06,Card
5189,1282,406,4,479,1916,2024-02-25,UPI
5190,748,426,2,393,786,2024-09-17,COD
5191,428,1977,4,303,1212,2024-05-03,Card
5192,1616,832,2,418,836,2024-02-13,Card
5193,322,888,4,116,464,2024-04-15,COD
5194,1121,1313,3,594,1782,2024-05-03,COD
5195,1498,1883,2,149,298,2024-05-25,COD
5196,1313,356,4,416,1664,2024-06-11,COD
5197,637,1398,2,139,278,2025-01-04,UPI
5198,1262,769,4,342,1368,2024-11-19,COD
5199,445,9,1,534,534,2025-02-26,Card
5200,278,1653,3,264,792,2024-05-22,Card
5201,1724,1559,3,328,984,2024-07-06,UPI
5202,1895,584,3,353,1059,2024-01-14,UPI
5203,1172,155,3,591,1773,2024-05-14,UPI
5204,1683,1510,1,450,450,2024-07-16,COD
5205,1696,1481,4,193,772,2025-04-29,COD
5206,1267,249,4,271,1084,2024-09-06,COD
5207,1110,709,4,102,408,2024-02-18,UPI
5208,508,813,3,327,981,2024-02-11,COD
5209,1973,1559,3,328,984,2024-11-04,Card
5210,1030,316,1,132,132,2024-09-06,Card
5211,1112,999,1,139,139,2025-02-21,Card
5212,668,1344,3,306,918,2024-04-08,UPI
5213,604,1888,2,595,1190,2024-08-23,UPI
5214,950,1144,4,135,540,2024-07-03,COD
5215,1883,1144,3,135,405,2024-08-31,Card
5216,1768,1960,3,266,798,2025-01-03,UPI
5217,1139,189,4,400,1600,2024-11-19,Card
5218,1025,1960,3,266,798,2024-01-16,Card
5219,1710,1290,3,359,1077,2024-03-30,UPI
5220,449,854,4,575,2300,2024-11-04,Card
5221,1449,1370,1,164,164,2024-12-15,COD
5222,1860,333,2,291,582,2024-11-23,UPI
5223,159,1991,3,136,408,2024-11-14,Card
5224,179,1385,1,185,185,2024-02-20,COD
5225,1769,1889,3,262,786,2024-01-27,Card
5226,728,938,2,214,428,2024-01-12,UPI
5227,855,1897,3,355,1065,2025-04-10,COD
5228,829,629,2,116,232,2024-04-12,Card
5229,169,933,4,175,700,2024-02-13,Card
5230,1421,921,3,369,1107,2024-08-21,UPI
5231,1015,936,4,369,1476,2024-08-14,COD
5232,764,1678,1,363,363,2025-05-01,COD
5233,541,631,1,196,196,2025-05-11,UPI
5234,1916,1521,1,347,347,2024-09-12,COD
5235,1545,1185,2,127,254,2024-12-08,COD
5236,576,1528,2,123,246,2024-09-19,Card
5237,1530,331,1,583,583,2025-04-15,Card
5238,397,464,3,426,1278,2024-09-25,COD
5239,627,1382,4,546,2184,2024-07-19,COD
5240,748,1510,4,450,1800,2025-02-09,COD
5241,1833,948,4,174,696,2024-02-27,UPI
5242,1848,1482,4,335,1340,2024-03-04,COD
5243,301,982,1,458,458,2024-07-25,UPI
5244,1399,188,2,389,778,2024-09-09,Card
5245,1670,287,4,119,476,2024-12-20,UPI
5246,1096,1272,3,319,957,2024-03-31,Card
5247,1912,515,3,135,405,2025-03-03,Card
5248,614,1776,1,522,522,2024-03-04,UPI
5249,981,754,1,221,221,2024-01-14,Card
5250,69,976,1,405,405,2025-02-07,Card
5251,1254,1441,3,462,1386,2024-08-13,COD
5252,536,578,1,498,498,2025-04-01,COD
5253,638,19,2,593,1186,2024-07-28,Card
5254,835,702,4,386,1544,2025-04-10,Card
5255,397,979,1,116,116,2024-03-29,UPI
5256,890,659,2,254,508,2025-04-28,Card
5257,752,1461,2,568,1136,2024-02-18,Card
5258,1625,1992,4,570,2280,2024-05-20,UPI
5259,458,551,4,515,2060,2025-03-24,COD
5260,667,159,4,599,2396,2024-03-24,Card
5261,756,1082,1,270,270,2024-07-01,Card
5262,1592,291,4,503,2012,2024-04-24,UPI
5263,429,1017,4,118,472,2025-02-06,UPI
5264,1692,1105,1,500,500,2025-02-12,Card
5265,1149,689,1,261,261,2024-07-15,COD
5266,994,73,4,134,536,2024-06-06,Card
5267,47,1592,4,357,1428,2024-02-29,COD
5268,1144,760,2,241,482,2024-08-18,COD
5269,1494,730,4,165,660,2024-02-18,UPI
5270,399,683,1,336,336,2024-12-15,COD
5271,421,1900,4,495,1980,2024-01-05,COD
5272,1996,1206,4,181,724,2025-01-18,Card
5273,1272,805,4,354,1416,2025-03-21,Card
5274,171,1386,4,535,2140,2025-04-03,COD
5275,126,144,4,117,468,2024-08-06,UPI
5276,1354,1264,1,210,210,2024-10-27,COD
5277,1555,1406,4,303,1212,2025-04-10,COD
5278,1887,1176,2,403,806,2024-05-18,Card
5279,1487,780,1,345,345,2024-12-29,COD
5280,1664,1569,3,156,468,2024-01-01,Card
5281,608,267,1,301,301,2025-05-03,Card
5282,1705,170,2,499,998,2024-04-28,UPI
5283,198,1704,3,153,459,2024-11-06,UPI
5284,1631,165,4,258,1032,2025-02-13,Card
5285,1733,364,3,435,1305,2025-04-22,COD
5286,1265,786,2,195,390,2024-10-16,Card
5287,1572,449,4,464,1856,2025-01-08,Card
5288,1044,1006,3,383,1149,2024-07-12,COD
5289,86,421,2,570,1140,2024-05-07,COD
5290,89,521,1,187,187,2024-10-17,Card
5291,1052,857,4,103,412,2024-11-15,COD
5292,154,322,1,311,311,2024-09-14,UPI
5293,269,1618,2,110,220,2025-02-19,Card
5294,253,158,4,505,2020,2025-05-09,UPI
5295,1980,499,1,220,220,2025-04-17,Card
5296,1239,1071,4,342,1368,2024-02-07,UPI
5297,1482,933,3,175,525,2025-02-01,UPI
5298,552,897,4,561,2244,2025-01-05,Card
5299,606,276,4,431,1724,2024-09-08,Card
5300,1002,510,3,374,1122,2024-08-27,Card
5301,1109,1847,3,247,741,2024-11-05,COD
5302,732,1805,1,259,259,2024-11-17,Card
5303,1954,1883,3,149,447,2024-03-09,UPI
5304,694,1248,1,206,206,2024-09-11,UPI
5305,1129,1568,4,376,1504,2024-10-08,COD
5306,1751,1751,3,476,1428,2025-05-13,Card
5307,412,1044,2,539,1078,2024-03-26,UPI
5308,653,544,4,143,572,2024-02-04,COD
5309,179,1540,2,135,270,2025-04-13,Card
5310,313,1354,2,399,798,2025-04-29,Card
5311,1683,1696,2,444,888,2024-05-25,UPI
5312,181,64,4,325,1300,2025-02-11,COD
5313,1741,1712,4,588,2352,2024-01-18,COD
5314,492,157,3,413,1239,2024-03-20,COD
5315,1386,650,4,502,2008,2025-02-17,COD
5316,1920,1510,2,450,900,2024-12-31,COD
5317,338,626,2,425,850,2025-02-23,COD
5318,1430,703,1,250,250,2024-08-18,Card
5319,331,632,1,310,310,2025-01-24,COD
5320,1118,905,3,466,1398,2024-07-13,COD
5321,868,709,1,102,102,2024-07-16,UPI
5322,63,542,2,598,1196,2024-10-28,COD
5323,839,1696,4,444,1776,2024-08-15,COD
5324,660,111,2,554,1108,2024-08-09,Card
5325,1609,1615,3,240,720,2024-04-21,COD
5326,140,620,2,365,730,2025-02-11,COD
5327,606,1039,4,216,864,2025-04-16,Card
5328,1074,235,2,104,208,2024-04-25,COD
5329,1198,1278,3,383,1149,2024-01-19,Card
5330,1005,654,3,272,816,2025-04-15,UPI
5331,433,1009,3,471,1413,2025-03-03,UPI
5332,502,159,4,599,2396,2024-09-02,COD
5333,835,1573,2,132,264,2024-11-18,COD
5334,300,584,2,353,706,2025-04-25,Card
5335,1578,1367,2,420,840,2025-05-04,Card
5336,1655,1695,3,201,603,2025-01-30,COD
5337,1867,1066,3,310,930,2024-11-04,COD
5338,1964,369,4,296,1184,2025-04-24,COD
5339,733,1690,2,251,502,2024-07-12,Card
5340,1024,1035,3,496,1488,2024-07-31,UPI
5341,609,1491,3,438,1314,2024-02-13,Card
5342,1278,1674,1,109,109,2024-05-19,Card
5343,1486,264,2,285,570,2024-07-08,COD
5344,1011,576,3,355,1065,2024-05-26,COD
5345,110,195,4,150,600,2024-01-15,COD
5346,1704,489,2,482,964,2024-01-16,UPI
5347,832,1825,4,542,2168,2024-11-19,UPI
5348,1135,1955,1,244,244,2024-06-08,UPI
5349,408,42,4,543,2172,2024-08-20,UPI
5350,566,1739,1,253,253,2024-07-15,COD
5351,1622,24,2,337,674,2024-07-30,Card
5352,323,1595,3,246,738,2024-09-03,COD
5353,1454,1845,2,292,584,2024-10-08,COD
5354,522,515,1,135,135,2024-03-09,UPI
5355,1163,1323,4,337,1348,2024-02-17,COD
5356,1676,284,1,493,493,2024-12-23,Card
5357,976,1363,1,326,326,2024-04-08,UPI
5358,228,1236,3,397,1191,2025-05-03,UPI
5359,1466,1848,4,210,840,2025-04-13,Card
5360,982,1643,4,509,2036,2024-02-05,Card
5361,1630,258,4,514,2056,2024-07-25,Card
5362,1733,193,2,340,680,2024-12-18,COD
5363,1135,1970,3,167,501,2024-08-04,UPI
5364,1248,1567,2,100,200,2025-04-03,COD
5365,1934,1976,3,214,642,2025-03-07,UPI
5366,149,1308,2,212,424,2025-03-29,COD
5367,656,1810,3,448,1344,2025-05-07,Card
5368,1462,1333,4,306,1224,2025-03-08,COD
5369,475,473,2,340,680,2024-06-16,Card
5370,203,150,4,489,1956,2024-10-31,Card
5371,1659,196,2,433,866,2024-03-25,COD
5372,1035,1897,4,355,1420,2025-01-14,COD
5373,923,229,4,459,1836,2024-10-16,Card
5374,1514,1963,4,531,2124,2025-03-30,COD
5375,439,64,1,325,325,2024-07-10,UPI
5376,1841,1562,4,535,2140,2025-03-17,COD
5377,1103,758,4,429,1716,2024-10-11,UPI
5378,1535,1091,1,474,474,2025-03-15,Card
5379,1750,370,2,132,264,2024-11-05,COD
5380,1116,107,4,396,1584,2024-11-23,Card
5381,733,1367,2,420,840,2024-02-11,Card
5382,1195,1644,3,311,933,2024-03-06,UPI
5383,1903,169,2,426,852,2024-02-13,COD
5384,361,1620,3,239,717,2024-04-15,UPI
5385,1801,1739,2,253,506,2024-06-24,COD
5386,1055,379,1,289,289,2024-01-19,UPI
5387,1261,1087,3,252,756,2024-10-05,UPI
5388,1531,821,4,413,1652,2024-05-21,COD
5389,1641,1139,1,496,496,2025-03-25,Card
5390,1874,1444,2,234,468,2024-08-13,COD
5391,145,1900,3,495,1485,2024-03-14,UPI
5392,1127,418,3,286,858,2024-07-03,COD
5393,1341,1140,3,465,1395,2024-11-25,COD
5394,1247,853,4,243,972,2025-03-17,UPI
5395,90,1147,1,204,204,2024-01-04,UPI
5396,912,1644,4,311,1244,2025-02-26,UPI
5397,28,1959,3,545,1635,2024-04-02,UPI
5398,360,360,2,430,860,2024-07-17,COD
5399,1380,663,2,295,590,2024-02-26,Card
5400,1212,503,4,233,932,2024-02-14,UPI
5401,1314,1961,4,394,1576,2025-02-10,COD
5402,468,336,2,380,760,2024-11-21,UPI
5403,1787,1365,3,163,489,2024-04-05,Card
5404,1404,438,3,533,1599,2024-05-23,Card
5405,350,1145,1,125,125,2024-01-12,Card
5406,1825,1322,1,354,354,2024-02-18,Card
5407,567,682,4,371,1484,2024-12-10,COD
5408,504,998,4,588,2352,2024-02-09,COD
5409,815,888,1,116,116,2024-01-07,Card
5410,723,1392,1,395,395,2024-05-26,COD
5411,1790,1378,2,404,808,2025-01-17,UPI
5412,1226,881,3,124,372,2025-04-02,UPI
5413,174,1815,1,280,280,2024-11-01,Card
5414,212,1293,4,434,1736,2024-07-10,Card
5415,807,592,2,467,934,2024-03-18,COD
5416,1848,1424,4,364,1456,2025-04-18,UPI
5417,1896,1097,2,385,770,2024-08-06,UPI
5418,526,90,3,137,411,2024-05-30,COD
5419,552,519,3,203,609,2024-07-04,UPI
5420,1506,170,1,499,499,2025-04-02,Card
5421,1850,1898,4,482,1928,2025-04-30,Card
5422,591,1279,2,149,298,2024-05-17,UPI
5423,1883,677,4,281,1124,2025-01-04,Card
5424,1181,1147,3,204,612,2025-04-13,UPI
5425,385,824,2,235,470,2024-12-07,UPI
5426,1829,248,4,123,492,2024-03-12,UPI
5427,1232,1230,2,523,1046,2025-05-06,UPI
5428,285,748,1,497,497,2024-12-04,COD
5429,438,1751,4,476,1904,2024-12-23,UPI
5430,1410,1471,1,430,430,2024-05-01,COD
5431,697,1724,3,391,1173,2025-01-01,UPI
5432,1474,1867,1,189,189,2024-09-08,COD
5433,990,553,4,525,2100,2024-03-20,Card
5434,1302,1556,4,458,1832,2024-09-01,COD
5435,1373,548,1,580,580,2024-02-15,COD
5436,852,1914,1,104,104,2024-04-12,COD
5437,1885,760,2,241,482,2024-04-13,COD
5438,898,1116,2,597,1194,2024-03-25,Card
5439,1691,1092,2,587,1174,2024-07-29,Card
5440,493,1117,4,551,2204,2024-12-14,Card
5441,293,379,1,289,289,2024-11-30,Card
5442,857,285,3,145,435,2025-05-13,UPI
5443,502,940,4,447,1788,2024-01-19,UPI
5444,332,856,1,558,558,2024-01-22,COD
5445,1613,1787,4,274,1096,2025-02-09,Card
5446,722,1573,1,132,132,2024-12-20,UPI
5447,25,1229,4,205,820,2024-10-29,COD
5448,854,1176,1,403,403,2024-10-07,COD
5449,222,169,3,426,1278,2024-12-16,UPI
5450,714,1975,3,488,1464,2024-07-16,Card
5451,1483,1709,1,117,117,2024-03-27,UPI
5452,737,1025,1,302,302,2024-07-17,UPI
5453,1589,481,4,211,844,2024-10-14,COD
5454,1181,1451,2,477,954,2025-04-22,COD
5455,178,1731,1,296,296,2024-10-25,UPI
5456,582,292,3,524,1572,2024-02-05,UPI
5457,1226,10,2,467,934,2024-07-01,COD
5458,140,386,3,323,969,2025-01-04,COD
5459,1916,189,3,400,1200,2024-01-31,Card
5460,1536,970,3,244,732,2025-01-25,UPI
5461,1518,1893,3,405,1215,2024-10-29,UPI
5462,1405,1677,3,591,1773,2024-02-20,COD
5463,361,858,4,368,1472,2025-03-29,Card
5464,1577,839,2,380,760,2024-10-11,UPI
5465,1764,1064,4,544,2176,2024-10-26,COD
5466,1424,181,3,168,504,2024-10-22,UPI
5467,11,925,4,455,1820,2024-12-13,COD
5468,838,280,2,308,616,2024-01-08,Card
5469,1827,306,4,579,2316,2025-04-22,Card
5470,1574,1222,2,296,592,2025-03-15,UPI
5471,219,1367,2,420,840,2025-04-15,Card
5472,517,1114,1,299,299,2025-02-02,COD
5473,1173,1575,2,403,806,2024-05-08,Card
5474,590,977,3,304,912,2025-01-27,UPI
5475,1300,1629,4,339,1356,2025-04-01,COD
5476,516,1529,3,420,1260,2024-04-04,UPI
5477,1591,450,3,308,924,2025-03-31,COD
5478,1918,1703,4,135,540,2025-04-24,UPI
5479,1105,1095,1,295,295,2024-06-10,UPI
5480,1804,412,3,321,963,2024-06-25,COD
5481,1166,571,2,598,1196,2024-01-14,COD
5482,1527,925,2,455,910,2024-09-26,UPI
5483,26,832,4,418,1672,2024-07-19,COD
5484,721,1491,3,438,1314,2024-06-25,UPI
5485,619,1609,4,472,1888,2024-01-30,Card
5486,457,291,3,503,1509,2024-05-13,COD
5487,906,1421,3,316,948,2024-04-03,Card
5488,676,1872,3,347,1041,2025-03-07,Card
5489,1381,815,2,230,460,2024-06-11,COD
5490,1420,1411,3,402,1206,2024-07-31,UPI
5491,1772,665,4,306,1224,2024-06-04,UPI
5492,1219,595,2,361,722,2024-08-30,UPI
5493,496,321,2,317,634,2025-05-15,Card
5494,1630,1184,3,135,405,2024-03-22,COD
5495,577,1018,1,595,595,2025-02-06,UPI
5496,1301,1110,4,488,1952,2025-01-07,UPI
5497,624,1392,1,395,395,2025-01-06,COD
5498,728,1492,3,110,330,2025-03-22,UPI
5499,1060,1578,4,361,1444,2024-09-08,COD
5500,59,995,2,409,818,2024-03-16,COD
5501,1816,1428,3,576,1728,2024-04-29,Card
5502,1036,606,3,241,723,2025-04-12,Card
5503,778,960,4,229,916,2024-08-25,UPI
5504,1873,747,1,328,328,2024-06-15,UPI
5505,517,1951,4,156,624,2025-04-06,UPI
5506,1613,1539,1,435,435,2024-11-05,UPI
5507,294,413,1,294,294,2024-12-17,UPI
5508,1940,259,4,289,1156,2024-06-27,Card
5509,510,1401,1,325,325,2025-03-12,COD
5510,936,860,4,301,1204,2024-08-26,Card
5511,1482,1471,3,430,1290,2024-02-28,UPI
5512,1877,291,1,503,503,2025-01-24,COD
5513,1587,936,1,369,369,2024-08-05,Card
5514,1216,1257,4,281,1124,2024-03-15,Card
5515,654,632,3,310,930,2024-04-23,COD
5516,28,280,2,308,616,2025-02-10,UPI
5517,1186,535,3,294,882,2024-08-28,COD
5518,1848,683,2,336,672,2024-07-08,Card
5519,717,95,3,138,414,2024-08-28,UPI
5520,631,416,2,438,876,2024-09-22,UPI
5521,1940,481,1,211,211,2024-01-24,COD
5522,804,923,4,181,724,2024-05-04,Card
5523,1747,1201,4,399,1596,2024-02-23,UPI
5524,13,551,2,515,1030,2025-03-18,UPI
5525,1918,418,1,286,286,2024-10-15,UPI
5526,1956,1923,1,162,162,2024-03-04,UPI
5527,1320,950,1,159,159,2024-07-21,UPI
5528,84,1161,1,431,431,2025-03-16,COD
5529,1689,635,2,164,328,2024-11-22,COD
5530,225,1288,4,429,1716,2024-03-31,COD
5531,1318,638,3,188,564,2024-11-13,COD
5532,1695,1318,3,469,1407,2025-01-17,Card
5533,1721,794,4,558,2232,2024-09-11,Card
5534,509,49,2,110,220,2024-07-30,Card
5535,1434,1112,3,435,1305,2024-12-05,Card
5536,1922,1968,4,580,2320,2025-03-15,COD
5537,1201,1666,1,404,404,2025-03-26,Card
5538,486,90,2,137,274,2024-08-19,Card
5539,1367,1456,3,469,1407,2024-07-22,UPI
5540,1213,262,1,183,183,2024-04-20,COD
5541,652,781,4,588,2352,2024-02-12,UPI
5542,1287,1461,1,568,568,2024-10-04,Card
5543,286,90,4,137,548,2024-03-14,Card
5544,1367,940,2,447,894,2024-04-12,Card
5545,465,1316,1,501,501,2025-04-25,COD
5546,703,1589,4,100,400,2025-05-07,COD
5547,979,916,1,552,552,2025-01-20,UPI
5548,546,1773,4,202,808,2024-05-07,UPI
5549,869,1968,3,580,1740,2024-02-23,UPI
5550,1116,1914,3,104,312,2025-02-23,Card
5551,321,1665,1,111,111,2024-04-23,Card
5552,434,1457,1,591,591,2024-08-27,COD
5553,1518,1110,1,488,488,2024-12-07,Card
5554,251,161,1,198,198,2025-05-11,UPI
5555,1348,107,1,396,396,2024-06-15,COD
5556,1499,875,1,587,587,2024-04-11,UPI
5557,1190,1989,4,563,2252,2024-11-07,Card
5558,959,1932,2,197,394,2024-01-30,Card
5559,1155,1421,4,316,1264,2024-06-03,Card
5560,1501,897,2,561,1122,2024-07-27,Card
5561,46,775,1,292,292,2024-03-12,UPI
5562,1966,1010,3,397,1191,2024-09-23,Card
5563,356,1755,3,270,810,2024-06-04,UPI
5564,1852,1341,4,105,420,2024-07-08,COD
5565,629,1002,2,189,378,2024-02-28,COD
5566,488,1189,1,400,400,2025-03-15,UPI
5567,1485,1924,2,179,358,2025-01-12,COD
5568,340,674,3,452,1356,2024-03-17,COD
5569,278,1651,2,467,934,2024-01-26,UPI
5570,1799,487,2,418,836,2025-01-27,Card
5571,42,967,4,283,1132,2024-02-01,Card
5572,703,789,4,427,1708,2024-04-16,Card
5573,1182,1954,3,205,615,2024-03-19,Card
5574,1783,1126,4,582,2328,2025-04-21,UPI
5575,894,1468,4,477,1908,2025-02-06,UPI
5576,1568,358,3,254,762,2025-05-14,UPI
5577,1788,583,4,338,1352,2024-04-18,UPI
5578,1926,412,1,321,321,2025-03-23,COD
5579,1719,1470,3,364,1092,2024-11-08,COD
5580,448,1755,2,270,540,2024-09-13,Card
5581,1018,1620,1,239,239,2024-08-31,UPI
5582,1001,835,3,330,990,2025-01-06,UPI
5583,560,1509,3,321,963,2024-11-16,UPI
5584,1748,1678,4,363,1452,2024-05-12,Card
5585,942,956,2,530,1060,2025-02-17,COD
5586,1572,374,1,151,151,2024-12-09,Card
5587,512,183,2,599,1198,2024-04-08,Card
5588,1936,1102,3,217,651,2025-04-27,COD
5589,752,349,4,165,660,2024-08-21,COD
5590,1805,1994,4,302,1208,2025-03-23,UPI
5591,529,1453,2,515,1030,2024-03-19,UPI
5592,463,1616,1,245,245,2024-07-16,UPI
5593,1564,1805,4,259,1036,2025-01-18,Card
5594,806,780,4,345,1380,2025-03-05,COD
5595,1248,391,3,263,789,2024-12-07,Card
5596,380,1822,2,263,526,2025-05-13,UPI
5597,1824,1655,4,512,2048,2024-12-22,Card
5598,510,1069,2,163,326,2024-09-19,UPI
5599,1680,1213,4,160,640,2025-02-20,UPI
5600,342,1707,1,312,312,2024-05-27,COD
5601,345,1564,3,454,1362,2025-03-28,Card
5602,1864,661,2,175,350,2024-06-14,Card
5603,1149,642,1,417,417,2024-10-08,UPI
5604,1761,1239,2,594,1188,2024-09-12,COD
5605,355,414,3,586,1758,2025-01-28,Card
5606,47,249,4,271,1084,2025-01-29,Card
5607,734,1772,2,220,440,2024-05-22,COD
5608,1915,1837,1,439,439,2024-11-15,Card
5609,120,556,2,188,376,2024-04-18,Card
5610,1335,716,1,546,546,2024-06-13,Card
5611,279,49,2,110,220,2024-02-29,Card
5612,498,1093,4,496,1984,2024-11-25,UPI
5613,1140,1917,1,494,494,2024-03-22,UPI
5614,611,1581,4,495,1980,2024-10-06,UPI
5615,1809,910,3,513,1539,2024-10-08,UPI
5616,686,1017,1,118,118,2024-08-25,COD
5617,906,1825,2,542,1084,2025-03-08,UPI
5618,916,267,4,301,1204,2025-05-15,Card
5619,518,1414,2,103,206,2025-03-17,Card
5620,900,1255,4,299,1196,2024-02-01,Card
5621,1644,98,3,306,918,2025-01-26,Card
5622,782,1891,3,580,1740,2025-03-20,UPI
5623,1549,1139,3,496,1488,2024-05-16,COD
5624,1016,464,4,426,1704,2024-08-30,Card
5625,803,512,1,319,319,2024-01-15,COD
5626,33,1193,2,331,662,2024-04-01,Card
5627,299,1418,4,408,1632,2024-10-30,COD
5628,868,1800,3,188,564,2024-03-21,Card
5629,1434,1300,3,538,1614,2024-11-13,UPI
5630,1826,200,4,185,740,2024-08-11,Card
5631,1438,1668,4,536,2144,2024-12-02,Card
5632,255,534,4,299,1196,2024-01-04,Card
5633,1181,518,4,556,2224,2024-04-18,Card
5634,813,1141,4,186,744,2024-08-13,COD
5635,1424,1781,1,393,393,2024-05-14,COD
5636,1092,1372,1,567,567,2024-06-04,COD
5637,203,1851,1,501,501,2024-08-31,COD
5638,162,381,2,582,1164,2024-06-13,Card
5639,1642,1803,3,254,762,2025-02-09,UPI
5640,538,1053,2,332,664,2025-03-22,Card
5641,584,1121,1,448,448,2024-09-12,UPI
5642,622,1113,1,404,404,2024-04-16,Card
5643,1336,1978,3,250,750,2024-06-17,UPI
5644,870,852,1,453,453,2024-08-27,UPI
5645,1549,74,4,413,1652,2024-01-17,UPI
5646,1037,573,2,361,722,2024-02-18,COD
5647,76,235,4,104,416,2024-09-19,UPI
5648,1970,1628,2,598,1196,2025-02-21,COD
5649,629,1700,2,486,972,2024-11-12,Card
5650,1938,684,3,347,1041,2024-03-06,UPI
5651,1621,1944,4,264,1056,2025-02-02,Card
5652,1761,1222,2,296,592,2025-01-28,Card
5653,1507,393,1,220,220,2024-09-15,Card
5654,907,1533,2,150,300,2025-04-09,UPI
5655,1934,1214,4,354,1416,2024-06-27,UPI
5656,483,68,3,126,378,2024-03-25,UPI
5657,1297,1930,2,276,552,2024-12-18,Card
5658,113,227,3,513,1539,2025-05-06,COD
5659,1366,797,4,369,1476,2024-12-12,UPI
5660,625,688,3,219,657,2024-11-11,COD
5661,1443,1147,4,204,816,2025-04-30,Card
5662,1364,1906,2,378,756,2024-04-26,Card
5663,468,147,4,208,832,2024-01-19,UPI
5664,396,450,1,308,308,2024-10-05,Card
5665,1499,1904,3,508,1524,2025-02-24,Card
5666,1481,1218,2,440,880,2024-04-12,UPI
5667,1843,460,4,581,2324,2024-11-12,COD
5668,1848,278,2,515,1030,2024-09-23,UPI
5669,1276,1396,1,112,112,2024-08-07,UPI
5670,325,1170,1,249,249,2024-06-21,UPI
5671,84,1283,2,576,1152,2025-04-09,Card
5672,1878,1180,1,409,409,2024-01-12,COD
5673,826,1260,3,342,1026,2025-04-30,COD
5674,429,681,3,338,1014,2024-08-16,Card
5675,1224,514,2,484,968,2024-08-07,UPI
5676,1203,889,4,106,424,2024-03-31,UPI
5677,961,1232,1,258,258,2025-01-02,Card
5678,605,947,4,245,980,2024-04-16,Card
5679,1612,429,1,145,145,2024-08-14,Card
5680,1722,116,2,213,426,2024-10-18,Card
5681,1744,394,2,479,958,2024-03-22,UPI
5682,1347,1185,2,127,254,2024-09-08,Card
5683,993,1076,4,147,588,2024-12-26,Card
5684,189,712,4,481,1924,2024-12-19,UPI
5685,554,1959,4,545,2180,2025-05-10,COD
5686,1978,1426,2,338,676,2024-09-02,UPI
5687,139,1897,4,355,1420,2025-01-01,UPI
5688,1129,662,1,195,195,2024-05-04,Card
5689,29,220,3,562,1686,2024-05-11,Card
5690,75,661,3,175,525,2024-08-08,COD
5691,1225,1288,4,429,1716,2024-12-02,UPI
5692,840,335,4,265,1060,2024-11-17,UPI
5693,870,778,2,563,1126,2024-09-24,Card
5694,364,768,3,597,1791,2025-01-11,Card
5695,606,1098,4,291,1164,2025-02-14,COD
5696,670,1271,2,205,410,2024-05-21,COD
5697,952,166,4,241,964,2025-01-12,UPI
5698,499,1733,2,250,500,2025-02-25,COD
5699,1458,98,3,306,918,2024-12-27,COD
5700,801,770,2,283,566,2025-01-02,UPI
5701,1795,1939,1,446,446,2024-04-09,COD
5702,1188,1406,3,303,909,2025-04-02,UPI
5703,800,1714,1,153,153,2024-12-23,Card
5704,550,1801,4,392,1568,2025-02-23,COD
5705,360,1520,1,540,540,2024-05-15,COD
5706,1469,1749,4,100,400,2024-09-08,UPI
5707,575,27,3,598,1794,2024-05-13,Card
5708,709,1484,4,565,2260,2024-01-05,Card
5709,222,383,3,226,678,2024-02-25,COD
5710,642,172,4,561,2244,2024-03-05,Card
5711,1586,1211,3,134,402,2024-02-09,COD
5712,1126,1473,2,284,568,2024-03-16,UPI
5713,1754,326,3,422,1266,2024-08-27,Card
5714,1900,1411,1,402,402,2025-03-08,UPI
5715,1122,1712,4,588,2352,2025-02-07,Card
5716,1593,870,4,178,712,2024-12-24,Card
5717,842,1614,4,419,1676,2024-04-11,Card
5718,259,853,4,243,972,2025-03-06,UPI
5719,97,375,2,502,1004,2024-09-18,Card
5720,483,3,1,230,230,2025-05-02,COD
5721,223,301,1,297,297,2025-03-04,Card
5722,524,411,4,427,1708,2025-02-21,COD
5723,335,920,2,202,404,2024-03-07,Card
5724,1307,1751,1,476,476,2024-05-25,Card
5725,1187,1736,3,473,1419,2024-05-14,UPI
5726,200,990,4,530,2120,2024-05-26,COD
5727,47,304,2,108,216,2024-10-06,UPI
5728,1775,1107,1,599,599,2024-08-12,UPI
5729,138,1476,3,108,324,2024-08-08,Card
5730,672,291,3,503,1509,2024-01-09,COD
5731,1708,1801,2,392,784,2024-11-12,UPI
5732,1859,1361,4,438,1752,2024-03-12,COD
5733,948,1086,3,248,744,2025-01-30,Card
5734,1841,506,4,243,972,2024-11-23,COD
5735,653,1447,3,594,1782,2024-01-24,UPI
5736,1556,1729,2,420,840,2024-05-15,UPI
5737,1465,1707,2,312,624,2025-04-15,Card
5738,575,1542,1,506,506,2024-03-10,UPI
5739,702,828,1,474,474,2024-12-02,COD
5740,728,779,3,423,1269,2024-10-15,Card
5741,1897,32,4,192,768,2025-04-10,COD
5742,1413,323,4,438,1752,2024-11-20,Card
5743,486,424,3,513,1539,2025-03-24,UPI
5744,908,803,2,116,232,2024-10-21,Card
5745,1025,664,1,572,572,2024-08-20,Card
5746,1498,326,4,422,1688,2024-05-20,Card
5747,920,932,1,476,476,2024-10-29,Card
5748,1501,27,2,598,1196,2024-09-07,COD
5749,1949,1424,4,364,1456,2024-10-05,UPI
5750,13,453,1,396,396,2024-08-09,Card
5751,1572,201,4,454,1816,2024-08-30,Card
5752,1349,1789,3,435,1305,2024-01-25,COD
5753,826,284,1,493,493,2024-06-10,COD
5754,1996,302,4,108,432,2024-01-02,COD
5755,218,305,3,527,1581,2025-01-13,Card
5756,1784,273,3,554,1662,2024-12-29,COD
5757,1823,584,1,353,353,2025-04-29,Card
5758,753,501,4,300,1200,2024-12-16,Card
5759,412,786,1,195,195,2024-12-30,COD
5760,1575,84,3,485,1455,2024-03-25,Card
5761,1977,1291,4,306,1224,2024-03-18,UPI
5762,1341,1559,4,328,1312,2024-07-27,COD
5763,1665,93,2,423,846,2024-11-10,COD
5764,32,554,1,256,256,2024-05-21,UPI
5765,103,1007,4,208,832,2024-06-15,UPI
5766,1656,699,4,114,456,2025-05-09,Card
5767,973,459,4,140,560,2024-10-04,UPI
5768,237,314,4,455,1820,2024-10-03,Card
5769,1826,1803,4,254,1016,2024-03-23,Card
5770,1472,594,3,402,1206,2025-03-20,UPI
5771,44,1050,1,203,203,2024-10-24,UPI
5772,549,897,1,561,561,2024-11-27,UPI
5773,1025,1413,1,490,490,2025-04-28,Card
5774,1064,424,3,513,1539,2024-06-22,UPI
5775,726,1103,1,427,427,2024-02-27,COD
5776,1011,483,1,187,187,2025-01-30,UPI
5777,576,36,1,365,365,2024-09-16,COD
5778,85,1070,2,215,430,2024-09-27,COD
5779,905,1967,1,164,164,2024-03-01,COD
5780,1626,448,4,118,472,2024-01-13,COD
5781,1938,1314,3,454,1362,2025-03-15,COD
5782,1867,531,4,166,664,2025-01-18,Card
5783,1643,387,2,490,980,2025-01-18,UPI
5784,572,1945,2,417,834,2025-02-11,Card
5785,1117,113,3,304,912,2024-01-21,UPI
5786,929,1430,1,428,428,2024-11-05,UPI
5787,1297,1985,3,452,1356,2025-01-31,COD
5788,1311,1187,2,105,210,2025-05-05,UPI
5789,1697,664,3,572,1716,2024-05-06,UPI
5790,1495,913,3,355,1065,2025-02-28,UPI
5791,1196,1286,2,270,540,2024-02-29,Card
5792,1813,182,2,330,660,2025-02-09,COD
5793,815,1749,4,100,400,2024-01-03,UPI
5794,821,868,1,594,594,2024-12-20,Card
5795,820,220,4,562,2248,2024-04-18,Card
5796,676,117,3,499,1497,2024-03-01,Card
5797,1521,1993,1,255,255,2024-04-30,Card
5798,1155,1615,4,240,960,2025-03-20,COD
5799,1053,301,4,297,1188,2024-09-13,COD
5800,1356,443,1,206,206,2024-02-20,UPI
5801,116,1000,4,305,1220,2024-12-14,UPI
5802,1569,52,2,164,328,2024-02-02,Card
5803,11,1356,2,579,1158,2024-01-24,Card
5804,1757,74,2,413,826,2025-02-18,UPI
5805,1683,1358,1,222,222,2025-05-09,Card
5806,1703,1945,1,417,417,2024-04-16,UPI
5807,1571,1879,4,374,1496,2024-01-25,COD
5808,282,1337,1,328,328,2024-07-13,Card
5809,238,78,1,486,486,2025-04-01,UPI
5810,983,1245,4,274,1096,2025-02-14,UPI
5811,7,206,1,387,387,2025-04-14,UPI
5812,1740,442,1,216,216,2024-12-02,COD
5813,1417,1728,3,508,1524,2024-06-27,Card
5814,912,350,4,264,1056,2024-12-08,UPI
5815,1987,1933,3,468,1404,2024-11-19,UPI
5816,941,1604,2,378,756,2024-10-06,UPI
5817,496,516,2,529,1058,2024-08-08,UPI
5818,1984,63,4,128,512,2025-01-10,COD
5819,1653,583,3,338,1014,2024-06-20,Card
5820,636,1320,3,463,1389,2024-05-30,Card
5821,791,755,3,467,1401,2024-12-16,Card
5822,1214,259,4,289,1156,2024-04-02,COD
5823,1034,1939,2,446,892,2024-01-29,COD
5824,451,860,1,301,301,2024-11-01,COD
5825,1271,61,3,480,1440,2025-01-08,COD
5826,105,1909,1,122,122,2024-09-03,COD
5827,1484,619,2,519,1038,2024-01-07,UPI
5828,494,1517,3,209,627,2024-05-24,Card
5829,100,223,1,426,426,2024-09-25,Card
5830,1133,1378,2,404,808,2024-08-26,Card
5831,1182,810,1,193,193,2024-07-25,UPI
5832,1442,362,3,355,1065,2024-07-05,Card
5833,1427,614,2,181,362,2024-05-01,UPI
5834,876,1749,2,100,200,2024-02-24,COD
5835,445,935,4,582,2328,2024-08-03,COD
5836,1957,1358,1,222,222,2024-12-03,UPI
5837,153,1094,3,204,612,2024-12-30,COD
5838,1556,1836,1,550,550,2024-08-23,COD
5839,825,1714,1,153,153,2024-06-27,Card
5840,25,1171,1,477,477,2024-06-04,COD
5841,1145,510,3,374,1122,2024-10-26,UPI
5842,1524,1508,4,526,2104,2024-07-16,Card
5843,282,499,4,220,880,2024-08-14,UPI
5844,1074,1892,4,206,824,2024-05-05,UPI
5845,1249,1500,3,329,987,2024-01-22,Card
5846,945,362,3,355,1065,2024-12-21,COD
5847,675,1048,2,347,694,2024-11-23,Card
5848,1783,270,4,303,1212,2024-06-05,Card
5849,1740,607,2,263,526,2024-09-17,Card
5850,1722,1275,3,263,789,2024-08-31,UPI
5851,1298,1872,4,347,1388,2025-05-15,COD
5852,471,252,1,537,537,2025-04-12,COD
5853,1431,1864,2,221,442,2025-02-18,Card
5854,783,1974,1,498,498,2025-04-14,COD
5855,136,1764,1,381,381,2024-01-26,COD
5856,164,612,4,184,736,2025-01-23,UPI
5857,72,15,1,452,452,2025-03-18,COD
5858,1045,1932,3,197,591,2024-10-19,COD
5859,228,713,1,200,200,2025-05-08,UPI
5860,908,1023,2,344,688,2024-12-19,COD
5861,1348,415,3,394,1182,2025-02-03,Card
5862,895,1707,4,312,1248,2024-03-21,COD
5863,933,546,4,567,2268,2024-02-02,Card
5864,1663,185,1,360,360,2024-11-21,COD
5865,443,1376,1,148,148,2024-06-19,COD
5866,534,1853,1,165,165,2025-05-15,COD
5867,1612,248,2,123,246,2025-03-20,UPI
5868,862,1700,2,486,972,2024-07-22,UPI
5869,909,659,4,254,1016,2024-01-08,COD
5870,579,1300,3,538,1614,2025-05-02,Card
5871,44,817,2,320,640,2024-04-08,UPI
5872,95,1792,4,241,964,2025-04-19,UPI
5873,1165,1501,4,417,1668,2025-03-04,COD
5874,449,1978,1,250,250,2024-06-08,UPI
5875,937,6,2,133,266,2025-02-08,Card
5876,599,1788,3,362,1086,2024-12-19,Card
5877,31,1741,4,590,2360,2024-02-10,COD
5878,1137,143,1,356,356,2024-03-05,Card
5879,102,508,1,567,567,2024-01-12,Card
5880,612,1917,4,494,1976,2024-11-06,UPI
5881,710,1074,4,377,1508,2024-04-12,COD
5882,876,941,1,434,434,2024-08-05,UPI
5883,438,157,1,413,413,2024-10-02,COD
5884,1124,1582,4,104,416,2024-05-01,UPI
5885,1756,1953,3,321,963,2024-10-24,UPI
5886,1262,773,2,412,824,2024-06-29,COD
5887,716,1047,3,423,1269,2024-04-27,COD
5888,222,795,2,321,642,2025-04-13,UPI
5889,487,778,3,563,1689,2024-04-30,COD
5890,845,1301,2,331,662,2024-01-23,Card
5891,295,1002,3,189,567,2024-07-18,COD
5892,1731,727,1,357,357,2025-03-08,Card
5893,1100,59,2,468,936,2024-04-09,UPI
5894,405,1561,4,523,2092,2025-03-11,Card
5895,101,181,1,168,168,2025-01-18,Card
5896,299,497,3,270,810,2024-09-14,COD
5897,1500,764,3,548,1644,2024-10-01,COD
5898,1514,942,4,261,1044,2024-10-07,COD
5899,443,898,1,505,505,2024-05-06,COD
5900,30,1599,4,600,2400,2024-06-05,Card
5901,1569,1422,2,285,570,2025-01-26,Card
5902,1389,1194,2,324,648,2024-03-30,COD
5903,1180,579,2,400,800,2024-10-06,Card
5904,274,727,3,357,1071,2024-01-19,Card
5905,1578,1568,4,376,1504,2025-01-27,Card
5906,731,1072,1,191,191,2025-04-06,COD
5907,785,1094,4,204,816,2025-04-02,COD
5908,1415,1568,4,376,1504,2024-12-07,UPI
5909,117,634,2,261,522,2024-11-17,COD
5910,26,1918,2,560,1120,2025-01-16,UPI
5911,1276,449,4,464,1856,2024-03-24,UPI
5912,1150,1504,1,414,414,2025-04-13,UPI
5913,1199,1750,1,203,203,2024-12-15,UPI
5914,1896,273,3,554,1662,2024-07-14,UPI
5915,597,452,3,356,1068,2024-08-29,UPI
5916,149,1091,4,474,1896,2025-04-11,UPI
5917,1772,1609,1,472,472,2025-01-11,Card
5918,1210,1775,2,517,1034,2024-12-15,UPI
5919,1186,383,2,226,452,2024-05-29,UPI
5920,1363,294,4,569,2276,2024-01-21,UPI
5921,996,1580,1,318,318,2024-06-02,Card
5922,823,910,1,513,513,2024-04-16,UPI
5923,1762,653,3,233,699,2024-01-07,Card
5924,333,1648,3,270,810,2024-03-08,COD
5925,817,1759,4,502,2008,2024-10-16,COD
5926,60,165,4,258,1032,2025-01-19,COD
5927,1386,1823,4,409,1636,2024-07-27,COD
5928,443,516,1,529,529,2024-03-29,COD
5929,1772,1726,1,338,338,2024-05-26,UPI
5930,1874,1669,3,206,618,2025-02-22,UPI
5931,1852,1089,1,561,561,2025-03-01,Card
5932,97,1818,3,583,1749,2024-09-16,COD
5933,1633,1306,2,571,1142,2024-03-21,COD
5934,239,265,4,139,556,2024-01-15,UPI
5935,33,788,1,199,199,2024-06-17,Card
5936,1152,1551,3,318,954,2024-02-11,Card
5937,1819,804,4,228,912,2024-02-15,UPI
5938,1608,1755,1,270,270,2024-04-13,COD
5939,141,823,4,128,512,2024-02-20,COD
5940,5,1069,3,163,489,2024-10-30,Card
5941,1093,698,1,286,286,2024-12-08,Card
5942,1990,1861,4,559,2236,2024-02-20,COD
5943,1265,257,1,422,422,2024-09-09,UPI
5944,1637,752,3,109,327,2024-05-22,UPI
5945,25,1886,1,189,189,2024-10-15,COD
5946,1536,944,4,102,408,2025-02-08,COD
5947,1417,253,1,159,159,2025-04-18,Card
5948,1389,1139,3,496,1488,2024-06-15,COD
5949,975,567,2,100,200,2024-04-23,Card
5950,1770,1223,4,244,976,2024-07-17,Card
5951,389,729,4,391,1564,2024-06-22,Card
5952,1816,1995,3,462,1386,2024-10-06,COD
5953,735,596,2,519,1038,2025-04-26,Card
5954,1881,1066,1,310,310,2025-03-15,Card
5955,1241,610,2,414,828,2024-04-15,COD
5956,793,692,1,239,239,2024-05-24,COD
5957,370,314,2,455,910,2024-09-28,COD
5958,1170,1537,4,388,1552,2024-05-14,Card
5959,170,744,2,419,838,2025-05-03,UPI
5960,215,476,1,338,338,2024-10-10,UPI
5961,976,1983,1,382,382,2024-02-06,Card
5962,767,203,3,303,909,2024-01-27,Card
5963,444,996,1,149,149,2025-05-06,COD
5964,1384,800,1,296,296,2024-08-26,Card
5965,759,214,4,484,1936,2024-08-02,UPI
5966,913,55,4,253,1012,2024-05-15,Card
5967,1850,715,3,521,1563,2024-03-24,COD
5968,734,421,1,570,570,2024-02-12,Card
5969,833,1815,4,280,1120,2025-02-24,Card
5970,51,830,4,133,532,2024-09-14,COD
5971,1837,1063,3,136,408,2024-08-27,COD
5972,625,692,1,239,239,2024-03-13,UPI
5973,250,1397,2,285,570,2024-12-15,COD
5974,1610,1260,4,342,1368,2024-05-04,UPI
5975,581,1151,2,259,518,2024-07-13,COD
5976,1463,1483,1,219,219,2025-01-07,UPI
5977,104,1907,3,474,1422,2025-01-03,COD
5978,1911,1481,3,193,579,2024-03-29,UPI
5979,1650,185,1,360,360,2025-03-09,COD
5980,1002,1519,2,198,396,2024-12-06,UPI
5981,1824,1677,1,591,591,2024-06-21,Card
5982,1891,1016,4,321,1284,2024-05-16,Card
5983,1443,611,2,435,870,2024-04-27,COD
5984,165,1004,1,244,244,2024-07-20,COD
5985,1031,1265,1,147,147,2024-05-05,Card
5986,1874,1819,3,461,1383,2025-04-15,Card
5987,1405,646,3,308,924,2024-09-12,Card
5988,14,64,2,325,650,2024-04-21,UPI
5989,1449,1701,2,526,1052,2024-01-23,Card
5990,1191,371,4,193,772,2024-10-09,UPI
5991,464,1050,3,203,609,2025-03-03,UPI
5992,112,1347,4,129,516,2024-07-07,Card
5993,1554,1645,1,571,571,2024-09-25,COD
5994,1061,1552,2,488,976,2024-12-02,Card
5995,1951,1195,4,106,424,2024-02-02,Card
5996,1588,1712,1,588,588,2024-03-02,UPI
5997,1324,400,2,152,304,2024-12-08,UPI
5998,1585,483,2,187,374,2024-08-11,COD
5999,157,1924,3,179,537,2025-02-08,COD
6000,1947,1512,2,302,604,2025-01-24,Card
6001,1641,1156,4,443,1772,2024-12-12,Card
6002,19,1756,1,242,242,2024-12-28,COD
6003,1783,1803,3,254,762,2024-07-09,Card
6004,1249,1594,1,143,143,2025-05-04,COD
6005,1763,1773,4,202,808,2024-03-28,Card
6006,1427,1629,2,339,678,2024-12-18,COD
6007,689,1811,1,296,296,2025-04-24,COD
6008,88,330,2,578,1156,2025-02-21,Card
6009,88,1318,2,469,938,2025-01-23,UPI
6010,1623,1133,3,271,813,2024-01-02,UPI
6011,939,892,1,272,272,2025-01-06,UPI
6012,1983,788,4,199,796,2024-03-19,Card
6013,1467,1925,1,230,230,2025-02-11,Card
6014,453,525,4,270,1080,2024-02-03,COD
6015,44,1474,2,395,790,2024-06-23,COD
6016,1171,1042,1,520,520,2025-01-30,COD
6017,52,1243,2,199,398,2024-08-09,UPI
6018,1450,323,2,438,876,2024-09-06,UPI
6019,334,25,2,559,1118,2024-01-06,Card
6020,184,952,1,418,418,2025-03-28,Card
6021,1671,1099,4,277,1108,2024-04-10,COD
6022,407,1883,2,149,298,2024-05-17,COD
6023,1590,1541,1,401,401,2025-04-21,Card
6024,1175,1778,4,252,1008,2024-01-14,Card
6025,878,1412,1,325,325,2024-03-27,Card
6026,2,1874,4,482,1928,2024-06-11,COD
6027,266,1136,2,342,684,2025-04-14,Card
6028,50,920,3,202,606,2024-09-19,Card
6029,1167,1806,2,146,292,2024-08-15,UPI
6030,950,470,2,215,430,2024-10-02,Card
6031,1494,1732,2,482,964,2024-03-19,Card
6032,605,1457,1,591,591,2024-04-28,Card
6033,1325,1312,2,401,802,2024-01-10,Card
6034,1920,952,1,418,418,2025-02-08,UPI
6035,1028,133,1,483,483,2024-09-16,COD
6036,1736,1484,4,565,2260,2025-01-12,UPI
6037,1248,156,3,185,555,2025-03-05,UPI
6038,339,181,3,168,504,2024-06-21,COD
6039,1366,1540,4,135,540,2024-12-01,COD
6040,1150,1301,4,331,1324,2024-01-02,COD
6041,608,1709,3,117,351,2024-08-31,UPI
6042,213,1415,1,518,518,2024-02-10,UPI
6043,1637,453,3,396,1188,2025-03-30,Card
6044,1843,1203,4,137,548,2024-10-27,Card
6045,229,1230,3,523,1569,2024-09-25,Card
6046,1579,1985,2,452,904,2024-04-05,COD
6047,1758,294,3,569,1707,2025-02-11,UPI
6048,1879,432,4,172,688,2024-02-15,UPI
6049,842,1179,4,598,2392,2025-05-08,COD
6050,1853,1539,1,435,435,2024-11-20,COD
6051,230,974,1,173,173,2025-01-17,COD
6052,503,220,1,562,562,2024-11-11,Card
6053,1623,1771,1,466,466,2024-02-01,COD
6054,1859,435,1,499,499,2024-03-21,UPI
6055,1906,347,4,136,544,2024-01-31,UPI
6056,1200,1366,4,239,956,2025-03-15,Card
6057,1831,349,4,165,660,2024-08-22,UPI
6058,123,1127,4,449,1796,2024-07-25,Card
6059,1938,1728,1,508,508,2025-01-19,Card
6060,953,1385,2,185,370,2024-07-19,UPI
6061,1342,885,4,172,688,2024-07-30,UPI
6062,1278,324,3,138,414,2024-12-31,Card
6063,550,963,1,573,573,2025-04-07,Card
6064,373,1790,2,156,312,2024-03-14,COD
6065,552,692,3,239,717,2025-01-05,Card
6066,1929,646,2,308,616,2024-03-25,UPI
6067,1323,1663,4,270,1080,2024-07-31,Card
6068,618,627,1,400,400,2024-11-29,COD
6069,842,137,2,462,924,2024-01-19,UPI
6070,1616,1312,2,401,802,2025-01-16,COD
6071,69,860,1,301,301,2025-04-18,COD
6072,1548,1194,3,324,972,2025-01-10,UPI
6073,39,1573,2,132,264,2025-04-02,UPI
6074,225,322,4,311,1244,2024-11-10,COD
6075,233,654,3,272,816,2025-04-10,COD
6076,1158,1583,1,358,358,2024-12-17,Card
6077,1627,1065,3,535,1605,2025-05-03,COD
6078,287,526,2,163,326,2024-06-28,UPI
6079,1140,979,2,116,232,2024-11-13,UPI
6080,619,38,1,520,520,2025-05-09,UPI
6081,985,1930,2,276,552,2024-09-11,COD
6082,1341,847,1,514,514,2024-04-18,COD
6083,896,1027,2,595,1190,2025-04-03,UPI
6084,481,548,4,580,2320,2025-01-15,Card
6085,944,1024,1,448,448,2024-09-08,COD
6086,418,1203,3,137,411,2024-07-31,Card
6087,877,137,4,462,1848,2024-05-15,UPI
6088,473,1814,2,515,1030,2025-03-31,COD
6089,996,493,4,421,1684,2024-08-17,Card
6090,1448,895,1,481,481,2024-10-13,COD
6091,759,620,4,365,1460,2025-04-29,COD
6092,1232,1507,1,599,599,2025-05-12,COD
6093,1371,1176,2,403,806,2024-11-13,COD
6094,60,226,1,368,368,2025-04-08,COD
6095,1677,368,2,320,640,2024-10-20,UPI
6096,1975,1229,1,205,205,2024-11-27,UPI
6097,1799,594,3,402,1206,2024-03-16,UPI
6098,575,1408,1,355,355,2024-09-16,UPI
6099,112,1942,2,512,1024,2025-04-21,COD
6100,504,1588,3,464,1392,2024-12-23,Card
6101,597,1854,4,145,580,2024-05-05,UPI
6102,545,532,3,341,1023,2024-05-12,UPI
6103,1190,1358,2,222,444,2024-12-31,COD
6104,277,1696,1,444,444,2024-03-22,Card
6105,1089,1987,4,243,972,2024-08-28,UPI
6106,781,1480,2,534,1068,2025-03-06,Card
6107,302,423,1,521,521,2024-02-18,Card
6108,1806,901,1,259,259,2024-01-15,Card
6109,1246,1275,4,263,1052,2024-10-22,Card
6110,941,1820,4,351,1404,2024-06-20,Card
6111,533,1330,3,439,1317,2024-05-15,COD
6112,986,116,2,213,426,2025-02-20,UPI
6113,623,14,1,545,545,2024-09-26,COD
6114,1694,669,2,303,606,2024-08-20,COD
6115,456,87,3,425,1275,2024-09-05,UPI
6116,86,371,1,193,193,2024-10-08,UPI
6117,672,1587,4,250,1000,2024-02-29,UPI
6118,316,1169,2,478,956,2024-06-02,COD
6119,1501,1953,3,321,963,2025-03-20,UPI
6120,1975,241,2,195,390,2024-08-15,UPI
6121,1589,275,1,408,408,2024-03-03,UPI
6122,399,591,1,224,224,2024-05-20,COD
6123,814,430,4,497,1988,2025-04-30,Card
6124,220,548,3,580,1740,2024-07-26,COD
6125,372,1832,2,198,396,2024-09-10,Card
6126,173,1036,2,497,994,2025-04-30,COD
6127,1930,945,2,371,742,2024-07-24,Card
6128,799,1519,2,198,396,2024-06-02,UPI
6129,895,1947,1,195,195,2024-12-13,COD
6130,1451,762,3,108,324,2024-11-17,Card
6131,805,904,1,497,497,2024-10-27,Card
6132,378,44,1,503,503,2024-08-06,UPI
6133,1597,930,3,159,477,2025-05-13,UPI
6134,286,935,4,582,2328,2024-11-03,UPI
6135,1784,1106,3,458,1374,2024-11-09,Card
6136,651,1181,2,119,238,2024-03-09,COD
6137,1408,1607,1,293,293,2025-05-08,Card
6138,35,1826,3,313,939,2024-06-28,UPI
6139,202,379,4,289,1156,2025-01-21,UPI
6140,1746,561,3,196,588,2024-04-20,Card
6141,270,94,3,193,579,2024-12-25,Card
6142,1423,703,3,250,750,2024-04-19,Card
6143,1681,1986,3,264,792,2025-01-09,COD
6144,554,1752,4,130,520,2024-03-12,UPI
6145,1445,372,1,451,451,2024-04-10,UPI
6146,1201,1800,2,188,376,2025-03-28,Card
6147,348,518,1,556,556,2024-07-28,UPI
6148,197,1068,4,441,1764,2024-02-18,Card
6149,358,1253,1,333,333,2024-11-07,UPI
6150,839,1777,2,317,634,2024-01-14,COD
6151,1368,1905,4,239,956,2024-07-05,COD
6152,1757,1010,4,397,1588,2025-02-12,Card
6153,137,1217,4,259,1036,2024-01-20,Card
6154,1263,1103,1,427,427,2025-01-14,Card
6155,618,731,4,198,792,2024-05-25,UPI
6156,1243,1336,1,290,290,2024-12-20,UPI
6157,736,1974,4,498,1992,2024-11-25,Card
6158,816,1665,2,111,222,2024-10-19,COD
6159,392,557,1,406,406,2024-05-15,Card
6160,929,1518,2,272,544,2025-05-05,UPI
6161,203,330,1,578,578,2025-04-30,COD
6162,250,63,4,128,512,2024-09-11,UPI
6163,339,1861,1,559,559,2024-11-18,COD
6164,713,1193,2,331,662,2024-09-01,COD
6165,1814,1322,1,354,354,2024-04-10,COD
6166,1908,1141,3,186,558,2025-04-14,Card
6167,1720,1857,1,279,279,2024-08-03,COD
6168,28,858,1,368,368,2024-04-10,Card
6169,984,1092,2,587,1174,2024-03-08,Card
6170,927,920,4,202,808,2024-02-04,Card
6171,690,6,2,133,266,2024-07-23,UPI
6172,1810,822,1,267,267,2024-10-24,UPI
6173,1468,1501,3,417,1251,2024-09-11,COD
6174,1138,514,1,484,484,2024-11-21,UPI
6175,252,827,3,380,1140,2024-02-26,UPI
6176,49,1867,2,189,378,2024-10-14,COD
6177,1768,1761,2,133,266,2024-07-05,UPI
6178,1670,1431,2,120,240,2024-10-02,UPI
6179,1681,1270,3,210,630,2025-01-31,COD
6180,1893,1409,2,375,750,2024-04-29,UPI
6181,337,631,4,196,784,2024-03-31,COD
6182,1848,1084,3,499,1497,2024-11-11,UPI
6183,927,300,3,269,807,2024-02-13,Card
6184,1268,1844,1,490,490,2025-04-03,COD
6185,232,659,4,254,1016,2025-03-17,Card
6186,1432,1398,3,139,417,2024-04-24,UPI
6187,753,482,3,287,861,2024-11-25,COD
6188,1375,1552,4,488,1952,2024-02-24,UPI
6189,1207,292,2,524,1048,2024-07-30,COD
6190,1987,1122,2,273,546,2025-02-28,COD
6191,1975,1554,3,495,1485,2025-03-06,UPI
6192,908,588,2,338,676,2024-04-10,UPI
6193,1930,1895,3,169,507,2024-05-06,UPI
6194,1752,1087,1,252,252,2024-11-06,UPI
6195,1868,217,3,163,489,2024-08-24,UPI
6196,742,1732,3,482,1446,2024-01-08,UPI
6197,771,1412,1,325,325,2024-02-19,COD
6198,357,390,2,319,638,2024-09-15,Card
6199,1402,716,1,546,546,2024-10-16,COD
6200,674,1347,1,129,129,2025-02-25,Card
6201,1920,1579,2,364,728,2024-07-13,COD
6202,94,532,3,341,1023,2024-02-05,COD
6203,1882,451,2,535,1070,2025-03-27,Card
6204,1813,56,3,289,867,2024-07-27,UPI
6205,386,887,4,577,2308,2025-01-24,UPI
6206,452,1930,4,276,1104,2025-01-20,COD
6207,1673,800,2,296,592,2025-02-09,COD
6208,1675,662,3,195,585,2024-10-29,COD
6209,1869,1949,4,181,724,2024-04-19,Card
6210,319,1048,2,347,694,2024-10-29,Card
6211,932,585,3,196,588,2024-05-02,UPI
6212,1723,1312,1,401,401,2024-05-13,UPI
6213,557,810,4,193,772,2024-06-21,COD
6214,353,1000,4,305,1220,2024-01-06,COD
6215,460,1105,4,500,2000,2024-06-12,UPI
6216,835,625,4,187,748,2024-08-09,UPI
6217,1707,1688,1,123,123,2024-07-09,UPI
6218,660,1086,1,248,248,2024-04-11,COD
6219,1388,262,4,183,732,2025-02-14,Card
6220,155,77,3,460,1380,2025-04-17,UPI
6221,683,94,2,193,386,2025-05-03,UPI
6222,429,1670,3,184,552,2025-03-20,COD
6223,758,1839,4,459,1836,2024-09-10,COD
6224,344,1491,2,438,876,2025-04-06,Card
6225,1466,554,2,256,512,2025-01-04,UPI
6226,1663,211,1,424,424,2025-03-07,UPI
6227,958,566,1,185,185,2024-10-07,Card
6228,211,1858,1,587,587,2024-05-08,COD
6229,139,638,4,188,752,2024-11-19,UPI
6230,1727,1642,3,114,342,2024-02-02,COD
6231,922,985,3,340,1020,2024-09-20,COD
6232,1597,910,1,513,513,2025-02-02,Card
6233,719,1549,3,200,600,2024-05-12,Card
6234,1642,1803,1,254,254,2024-10-14,UPI
6235,190,1338,1,564,564,2025-02-24,UPI
6236,1239,1991,1,136,136,2024-01-19,COD
6237,663,280,2,308,616,2024-03-03,COD
6238,430,1169,2,478,956,2025-01-06,Card
6239,1208,185,4,360,1440,2025-04-07,Card
6240,590,1189,2,400,800,2024-05-03,COD
6241,1475,389,3,582,1746,2025-01-27,UPI
6242,837,404,2,203,406,2024-09-14,COD
6243,1933,1182,2,162,324,2025-02-17,Card
6244,1719,844,2,368,736,2024-04-08,Card
6245,1273,1129,4,579,2316,2024-01-07,UPI
6246,713,475,4,498,1992,2024-02-03,Card
6247,1982,1630,1,519,519,2025-01-12,COD
6248,1231,1155,4,339,1356,2024-01-07,COD
6249,1543,1781,3,393,1179,2024-09-12,UPI
6250,267,202,4,577,2308,2025-03-05,COD
6251,873,1846,3,508,1524,2024-12-24,Card
6252,311,1519,2,198,396,2024-06-27,UPI
6253,1785,1118,1,369,369,2024-08-19,UPI
6254,1955,1693,1,500,500,2024-07-02,Card
6255,1689,432,4,172,688,2024-10-08,COD
6256,830,1936,1,294,294,2024-02-26,Card
6257,841,701,3,218,654,2025-05-07,Card
6258,144,1632,2,431,862,2024-01-09,Card
6259,252,1059,2,349,698,2025-03-23,COD
6260,1566,1565,4,191,764,2024-07-05,Card
6261,1904,103,3,591,1773,2024-06-06,Card
6262,1709,1682,2,141,282,2024-03-09,UPI
6263,1844,1010,2,397,794,2025-04-10,COD
6264,774,746,4,118,472,2024-09-04,UPI
6265,1945,59,3,468,1404,2025-03-14,Card
6266,1670,1147,4,204,816,2024-12-09,COD
6267,53,1262,3,336,1008,2025-02-03,UPI
6268,1516,12,2,210,420,2024-05-27,UPI
6269,792,551,2,515,1030,2025-04-21,UPI
6270,521,1448,4,366,1464,2024-11-18,COD
6271,1461,1834,2,277,554,2025-03-08,UPI
6272,708,1668,1,536,536,2024-09-17,UPI
6273,1743,999,2,139,278,2025-04-13,COD
6274,205,1442,3,227,681,2024-07-11,COD
6275,802,527,4,548,2192,2025-02-26,Card
6276,1709,9,4,534,2136,2025-05-04,Card
6277,1896,1278,2,383,766,2024-01-02,Card
6278,1117,493,3,421,1263,2025-04-01,UPI
6279,1547,966,2,297,594,2024-11-13,Card
6280,83,456,2,304,608,2025-04-25,COD
6281,381,925,2,455,910,2024-01-16,UPI
6282,94,1851,4,501,2004,2024-09-15,COD
6283,303,731,3,198,594,2024-09-23,Card
6284,1189,1343,2,118,236,2024-07-15,Card
6285,569,1744,3,224,672,2025-05-02,COD
6286,986,438,4,533,2132,2025-03-17,COD
6287,27,1733,1,250,250,2025-01-13,Card
6288,930,1447,2,594,1188,2025-01-14,Card
6289,209,101,2,221,442,2025-01-04,Card
6290,691,1283,2,576,1152,2024-04-15,UPI
6291,918,1449,3,174,522,2024-06-05,COD
6292,100,921,1,369,369,2025-02-18,Card
6293,1398,1618,1,110,110,2024-04-24,Card
6294,663,349,3,165,495,2024-10-06,UPI
6295,852,1674,1,109,109,2024-03-17,UPI
6296,761,623,3,376,1128,2024-09-06,Card
6297,422,1150,3,338,1014,2024-08-04,COD
6298,461,273,2,554,1108,2025-02-24,Card
6299,1364,1895,1,169,169,2025-02-15,UPI
6300,1090,1328,1,467,467,2025-04-25,Card
6301,626,1371,3,237,711,2024-06-12,COD
6302,1897,1874,1,482,482,2025-01-12,UPI
6303,884,1435,1,551,551,2024-05-21,UPI
6304,1670,985,1,340,340,2024-06-20,COD
6305,993,1666,4,404,1616,2025-04-28,COD
6306,1844,760,3,241,723,2024-12-18,UPI
6307,1630,1535,4,483,1932,2024-08-22,UPI
6308,1728,1133,2,271,542,2024-12-29,Card
6309,789,1844,2,490,980,2025-04-15,Card
6310,716,1461,3,568,1704,2025-03-12,UPI
6311,661,1973,3,563,1689,2025-03-18,COD
6312,1838,284,4,493,1972,2024-07-28,UPI
6313,1961,208,1,574,574,2024-01-14,UPI
6314,1364,681,1,338,338,2024-12-27,Card
6315,936,58,4,241,964,2025-03-24,Card
6316,1825,1704,1,153,153,2025-04-01,UPI
6317,1584,34,2,249,498,2024-08-28,COD
6318,1060,1005,4,108,432,2024-12-16,COD
6319,1803,1601,4,385,1540,2024-10-24,Card
6320,1289,759,1,356,356,2025-02-21,COD
6321,221,1716,3,583,1749,2024-12-05,UPI
6322,14,1907,3,474,1422,2024-12-24,Card
6323,778,1188,1,494,494,2025-03-24,Card
6324,937,432,1,172,172,2025-02-18,UPI
6325,1669,93,3,423,1269,2025-02-03,Card
6326,779,1412,3,325,975,2024-10-02,COD
6327,9,612,2,184,368,2024-06-03,Card
6328,1204,1069,1,163,163,2024-09-30,COD
6329,1977,1797,1,308,308,2024-05-29,COD
6330,1782,402,2,501,1002,2024-06-30,COD
6331,1638,697,1,588,588,2025-04-02,Card
6332,1755,81,2,172,344,2024-10-22,UPI
6333,1290,789,1,427,427,2024-05-15,Card
6334,1105,1940,1,262,262,2024-06-22,COD
6335,828,359,4,358,1432,2024-02-16,Card
6336,800,102,2,267,534,2024-08-01,Card
6337,264,1142,1,377,377,2024-03-28,UPI
6338,258,1948,3,288,864,2024-11-03,UPI
6339,1028,1572,2,282,564,2024-03-04,Card
6340,139,167,2,384,768,2024-11-08,COD
6341,1935,1925,1,230,230,2024-01-29,Card
6342,1806,1973,2,563,1126,2025-03-14,COD
6343,424,1599,1,600,600,2024-02-12,Card
6344,879,959,4,499,1996,2024-10-10,Card
6345,139,1410,1,201,201,2024-01-19,Card
6346,663,1913,1,395,395,2025-02-03,UPI
6347,1041,235,1,104,104,2024-03-29,COD
6348,1141,1909,3,122,366,2025-05-01,Card
6349,998,1410,2,201,402,2024-09-28,Card
6350,1841,16,4,588,2352,2024-07-20,Card
6351,1799,1980,3,288,864,2025-04-11,COD
6352,819,523,4,379,1516,2024-12-12,Card
6353,840,925,3,455,1365,2025-02-11,COD
6354,756,861,1,390,390,2024-07-27,Card
6355,1827,735,3,559,1677,2025-02-13,Card
6356,1543,1985,1,452,452,2024-06-25,UPI
6357,1619,629,4,116,464,2024-11-21,UPI
6358,736,1874,4,482,1928,2024-10-03,COD
6359,1365,729,3,391,1173,2024-09-15,COD
6360,1226,1050,3,203,609,2024-04-18,UPI
6361,224,1417,4,116,464,2024-04-06,COD
6362,333,909,2,564,1128,2025-04-23,COD
6363,789,1914,2,104,208,2025-04-10,Card
6364,1709,1525,4,316,1264,2024-11-09,Card
6365,293,786,1,195,195,2024-05-27,Card
6366,13,884,1,124,124,2024-10-08,Card
6367,1303,1952,1,292,292,2024-03-30,COD
6368,553,1086,2,248,496,2024-06-26,Card
6369,419,1011,2,489,978,2025-03-12,COD
6370,21,1763,1,293,293,2024-03-26,COD
6371,958,1215,2,345,690,2024-10-14,UPI
6372,1810,1876,2,136,272,2024-03-05,COD
6373,675,127,1,258,258,2025-01-09,Card
6374,1727,1362,1,551,551,2024-04-17,UPI
6375,1172,1547,4,240,960,2025-01-18,UPI
6376,1844,145,2,488,976,2024-02-28,UPI
6377,1030,839,3,380,1140,2024-03-10,UPI
6378,202,1500,1,329,329,2024-11-19,COD
6379,644,707,3,163,489,2025-01-31,UPI
6380,296,1959,1,545,545,2025-04-05,Card
6381,21,1987,1,243,243,2024-07-05,COD
6382,1153,65,2,106,212,2024-01-30,Card
6383,1840,1500,3,329,987,2024-12-04,UPI
6384,772,1592,2,357,714,2024-03-01,COD
6385,467,181,4,168,672,2024-11-14,COD
6386,1814,365,4,476,1904,2024-04-16,Card
6387,1231,127,2,258,516,2024-05-26,UPI
6388,1587,142,1,493,493,2025-05-04,UPI
6389,775,1818,1,583,583,2024-08-24,UPI
6390,545,554,1,256,256,2025-04-16,UPI
6391,7,1322,4,354,1416,2024-04-21,UPI
6392,1329,153,2,189,378,2024-10-10,UPI
6393,1146,371,1,193,193,2024-05-16,Card
6394,92,1210,4,266,1064,2025-05-13,COD
6395,1566,1828,4,396,1584,2024-12-14,Card
6396,367,350,1,264,264,2024-10-15,Card
6397,1455,268,4,207,828,2024-01-02,Card
6398,1558,1451,1,477,477,2024-02-18,COD
6399,1806,1692,3,226,678,2024-06-19,UPI
6400,646,1313,1,594,594,2025-01-29,COD
6401,1576,177,3,525,1575,2025-04-14,Card
6402,1905,1930,1,276,276,2024-10-22,UPI
6403,1827,236,1,229,229,2024-08-07,UPI
6404,986,596,3,519,1557,2024-02-01,Card
6405,897,1754,1,148,148,2025-05-02,Card
6406,109,1190,3,380,1140,2024-05-01,Card
6407,734,1440,3,291,873,2025-02-03,Card
6408,751,746,3,118,354,2025-02-15,Card
6409,124,1275,1,263,263,2025-01-03,UPI
6410,521,815,3,230,690,2025-03-18,UPI
6411,800,1447,3,594,1782,2025-04-24,COD
6412,1999,1888,2,595,1190,2025-05-11,UPI
6413,661,1524,1,536,536,2025-01-17,Card
6414,362,1455,1,163,163,2024-01-29,Card
6415,789,1792,1,241,241,2024-04-14,UPI
6416,16,648,4,530,2120,2024-02-17,UPI
6417,1058,748,4,497,1988,2024-08-09,COD
6418,976,1808,3,149,447,2024-03-19,COD
6419,1596,1330,1,439,439,2024-05-15,UPI
6420,1852,1389,4,339,1356,2024-02-01,COD
6421,1883,1877,1,320,320,2024-01-10,Card
6422,199,64,2,325,650,2024-12-02,UPI
6423,1235,253,4,159,636,2024-06-19,UPI
6424,467,340,4,472,1888,2025-05-05,UPI
6425,1999,1870,2,166,332,2024-09-13,COD
6426,1062,86,3,562,1686,2024-12-09,COD
6427,1862,1969,2,296,592,2024-01-24,Card
6428,501,1809,2,208,416,2025-01-31,Card
6429,1960,1157,2,589,1178,2024-07-06,COD
6430,350,462,3,435,1305,2024-10-16,UPI
6431,811,972,4,502,2008,2024-09-04,COD
6432,377,471,4,235,940,2025-04-13,UPI
6433,656,1717,4,440,1760,2024-04-30,Card
6434,1307,657,3,243,729,2024-08-05,COD
6435,945,1611,1,246,246,2024-03-24,COD
6436,230,329,4,406,1624,2025-04-01,COD
6437,1300,405,1,472,472,2025-01-25,UPI
6438,1346,985,1,340,340,2024-02-28,COD
6439,660,379,1,289,289,2025-03-22,UPI
6440,1961,1957,2,216,432,2025-03-10,COD
6441,201,385,1,203,203,2024-07-04,Card
6442,1217,1043,3,125,375,2024-04-08,COD
6443,1021,1900,2,495,990,2025-02-13,Card
6444,692,1050,2,203,406,2025-03-17,UPI
6445,1437,1162,3,267,801,2025-05-01,COD
6446,1196,805,3,354,1062,2024-04-22,COD
6447,1469,404,3,203,609,2024-03-20,COD
6448,1212,952,1,418,418,2024-02-21,UPI
6449,417,1754,3,148,444,2025-02-13,COD
6450,1955,1814,3,515,1545,2025-02-01,UPI
6451,1870,266,2,532,1064,2024-07-02,COD
6452,1135,632,3,310,930,2025-01-26,UPI
6453,1553,422,4,429,1716,2025-01-08,COD
6454,1552,1459,1,173,173,2024-02-22,COD
6455,1811,439,4,384,1536,2024-12-19,COD
6456,1279,359,4,358,1432,2024-10-29,Card
6457,715,1007,4,208,832,2024-10-14,UPI
6458,1296,1665,3,111,333,2024-11-19,UPI
6459,1112,1606,1,563,563,2024-10-15,COD
6460,1725,1875,3,226,678,2024-12-11,Card
6461,954,1773,3,202,606,2024-01-06,UPI
6462,1277,1765,4,148,592,2025-02-25,UPI
6463,1587,814,3,560,1680,2024-06-29,COD
6464,1641,425,3,159,477,2024-11-26,UPI
6465,349,846,4,596,2384,2024-08-19,Card
6466,775,886,3,103,309,2024-03-21,UPI
6467,128,1014,3,282,846,2024-12-17,Card
6468,1149,620,3,365,1095,2025-04-22,UPI
6469,506,355,4,288,1152,2024-07-26,Card
6470,457,964,3,485,1455,2024-01-01,COD
6471,1715,356,1,416,416,2024-05-27,Card
6472,1428,1555,1,454,454,2024-01-08,COD
6473,926,143,3,356,1068,2024-10-27,COD
6474,1547,20,4,517,2068,2024-03-24,UPI
6475,1990,1709,2,117,234,2024-05-16,UPI
6476,1532,987,2,269,538,2024-02-02,UPI
6477,811,463,1,127,127,2024-11-03,UPI
6478,428,1886,2,189,378,2024-09-24,COD
6479,766,1770,1,107,107,2024-03-30,Card
6480,20,888,1,116,116,2024-05-22,COD
6481,1701,1689,4,288,1152,2024-10-03,UPI
6482,1778,1772,2,220,440,2024-11-05,UPI
6483,1022,1630,3,519,1557,2025-03-29,Card
6484,510,328,2,545,1090,2024-08-12,Card
6485,1662,495,1,572,572,2024-03-27,Card
6486,1128,1429,2,124,248,2024-10-05,Card
6487,944,1427,3,392,1176,2025-05-13,UPI
6488,1109,1443,4,192,768,2025-04-18,UPI
6489,532,1995,3,462,1386,2024-11-09,Card
6490,696,1226,1,390,390,2024-07-20,COD
6491,1144,1757,3,426,1278,2024-08-04,UPI
6492,1044,1685,2,137,274,2024-07-26,COD
6493,583,914,2,150,300,2025-02-08,COD
6494,797,826,1,321,321,2024-01-13,Card
6495,4,18,3,101,303,2024-09-25,COD
6496,636,701,2,218,436,2024-07-30,COD
6497,671,151,2,472,944,2024-01-31,COD
6498,633,684,4,347,1388,2024-02-09,Card
6499,1619,1921,1,432,432,2024-11-18,Card
6500,93,1653,1,264,264,2024-09-21,COD
6501,1344,1976,4,214,856,2024-06-08,UPI
6502,1366,1246,1,120,120,2025-04-03,COD
6503,925,1003,3,259,777,2024-02-15,COD
6504,1249,88,4,142,568,2025-04-17,Card
6505,1207,1549,4,200,800,2024-11-27,Card
6506,752,1288,4,429,1716,2024-12-30,Card
6507,1826,196,1,433,433,2024-12-12,COD
6508,493,634,1,261,261,2024-03-09,Card
6509,620,560,3,111,333,2024-03-19,COD
6510,1638,1911,3,112,336,2025-02-13,Card
6511,965,1334,3,594,1782,2025-01-17,UPI
6512,1936,997,1,247,247,2024-06-12,COD
6513,1915,1269,3,594,1782,2024-04-06,COD
6514,205,623,3,376,1128,2024-09-14,COD
6515,23,531,1,166,166,2024-01-26,UPI
6516,1506,310,4,498,1992,2024-04-03,Card
6517,1057,209,4,498,1992,2024-05-17,Card
6518,1936,194,3,448,1344,2024-04-14,Card
6519,269,1919,1,128,128,2024-05-12,Card
6520,480,1878,3,102,306,2025-03-09,Card
6521,1847,198,2,190,380,2025-05-11,Card
6522,1827,154,2,288,576,2025-03-25,UPI
6523,13,930,4,159,636,2025-02-08,COD
6524,1174,1638,4,106,424,2025-02-20,UPI
6525,1424,61,2,480,960,2025-01-24,Card
6526,1008,140,4,278,1112,2024-06-03,UPI
6527,412,1358,2,222,444,2024-09-12,UPI
6528,1063,1799,1,575,575,2024-04-29,Card
6529,581,1864,2,221,442,2024-08-21,Card
6530,340,55,4,253,1012,2024-12-02,Card
6531,1851,450,4,308,1232,2025-05-06,UPI
6532,155,516,1,529,529,2024-11-29,COD
6533,1805,1047,3,423,1269,2024-12-02,UPI
6534,1229,808,3,172,516,2025-01-24,Card
6535,356,590,2,233,466,2025-04-07,UPI
6536,127,1621,3,304,912,2024-05-11,Card
6537,131,1827,2,396,792,2024-02-10,UPI
6538,99,858,4,368,1472,2025-01-06,UPI
6539,482,801,4,452,1808,2025-02-28,UPI
6540,1475,66,3,420,1260,2024-03-07,COD
6541,1931,869,1,537,537,2025-03-26,UPI
6542,1924,1670,1,184,184,2024-03-18,COD
6543,1929,1717,4,440,1760,2025-04-20,Card
6544,75,1294,1,508,508,2024-01-27,COD
6545,1447,1457,1,591,591,2025-01-25,COD
6546,907,802,4,315,1260,2025-04-17,Card
6547,1808,538,2,143,286,2024-10-09,COD
6548,1832,753,3,237,711,2024-09-24,COD
6549,1109,1174,3,545,1635,2025-05-02,Card
6550,315,1628,1,598,598,2024-03-19,UPI
6551,21,488,4,111,444,2024-08-05,Card
6552,730,398,1,574,574,2024-02-09,Card
6553,817,659,2,254,508,2025-02-04,Card
6554,1355,799,4,568,2272,2024-05-23,Card
6555,431,1909,3,122,366,2024-04-12,Card
6556,1727,1310,4,288,1152,2024-04-24,COD
6557,1092,206,1,387,387,2024-02-29,COD
6558,957,622,4,281,1124,2024-10-23,COD
6559,1872,886,3,103,309,2024-06-25,UPI
6560,1660,1584,1,146,146,2024-08-12,Card
6561,574,253,3,159,477,2024-09-14,Card
6562,1421,1236,1,397,397,2025-02-04,UPI
6563,833,1316,2,501,1002,2024-03-10,UPI
6564,572,145,1,488,488,2025-05-13,Card
6565,935,83,3,210,630,2024-08-22,COD
6566,1179,1710,3,360,1080,2024-02-11,Card
6567,1558,1114,1,299,299,2025-02-10,COD
6568,546,1076,2,147,294,2024-11-01,Card
6569,1562,467,2,565,1130,2024-08-22,COD
6570,1462,1750,1,203,203,2024-10-18,Card
6571,798,1604,2,378,756,2024-07-13,UPI
6572,877,157,1,413,413,2025-02-06,UPI
6573,740,967,1,283,283,2024-03-28,UPI
6574,1478,455,4,251,1004,2025-03-05,UPI
6575,901,1369,2,573,1146,2024-02-05,Card
6576,561,1003,3,259,777,2024-06-17,Card
6577,1241,946,1,295,295,2024-11-29,UPI
6578,1354,797,2,369,738,2024-02-25,Card
6579,426,21,3,574,1722,2025-03-07,Card
6580,1359,963,2,573,1146,2024-11-10,UPI
6581,1250,187,4,213,852,2025-03-10,UPI
6582,950,1001,2,340,680,2024-04-01,COD
6583,691,1233,3,533,1599,2024-11-18,COD
6584,610,979,1,116,116,2025-05-14,UPI
6585,48,748,3,497,1491,2024-10-10,COD
6586,1271,1474,1,395,395,2024-11-12,UPI
6587,1619,425,4,159,636,2024-11-15,Card
6588,1459,371,3,193,579,2024-01-30,UPI
6589,1210,1410,2,201,402,2025-01-11,Card
6590,318,843,3,287,861,2024-06-11,UPI
6591,1968,1794,2,329,658,2025-04-10,UPI
6592,922,890,1,192,192,2024-07-03,COD
6593,1456,226,4,368,1472,2025-02-08,COD
6594,274,1690,3,251,753,2025-05-11,Card
6595,1116,1209,2,299,598,2024-01-02,UPI
6596,292,1676,2,216,432,2024-09-14,Card
6597,1164,730,4,165,660,2024-12-14,Card
6598,1267,533,1,149,149,2024-04-20,Card
6599,717,1073,4,547,2188,2024-12-07,COD
6600,738,853,2,243,486,2025-04-16,Card
6601,573,730,2,165,330,2024-12-13,Card
6602,4,1964,1,331,331,2024-09-06,UPI
6603,1894,1509,2,321,642,2024-05-22,COD
6604,525,658,2,269,538,2025-01-19,Card
6605,1497,1205,2,516,1032,2024-01-26,UPI
6606,539,478,2,329,658,2024-05-03,UPI
6607,890,1416,2,411,822,2024-05-31,Card
6608,431,770,2,283,566,2024-04-03,COD
6609,279,1527,4,369,1476,2024-02-20,Card
6610,1128,1272,4,319,1276,2024-03-30,COD
6611,234,533,2,149,298,2024-08-12,UPI
6612,1607,949,4,448,1792,2024-08-29,Card
6613,460,1944,3,264,792,2024-08-10,Card
6614,1531,788,4,199,796,2025-01-30,COD
6615,671,1724,4,391,1564,2024-07-17,COD
6616,1526,719,3,246,738,2024-07-11,UPI
6617,1744,1366,3,239,717,2024-12-04,UPI
6618,258,836,4,125,500,2024-07-14,UPI
6619,881,1588,3,464,1392,2024-02-19,Card
6620,889,311,1,209,209,2024-01-13,UPI
6621,1520,1603,3,190,570,2024-08-20,Card
6622,1957,1090,4,552,2208,2024-04-08,UPI
6623,1711,845,3,282,846,2024-12-03,UPI
6624,1815,1511,4,534,2136,2024-10-02,UPI
6625,1056,1120,3,473,1419,2025-04-17,Card
6626,562,1310,1,288,288,2025-03-26,UPI
6627,435,1264,3,210,630,2024-12-21,UPI
6628,397,165,4,258,1032,2025-01-30,Card
6629,1788,607,1,263,263,2025-02-09,COD
6630,368,544,2,143,286,2024-10-13,UPI
6631,1264,444,1,544,544,2025-02-08,Card
6632,1976,1208,3,389,1167,2024-03-03,Card
6633,387,731,2,198,396,2024-01-01,COD
6634,62,1419,3,409,1227,2024-07-26,COD
6635,986,817,3,320,960,2025-04-29,UPI
6636,198,699,2,114,228,2024-04-16,UPI
6637,340,1899,4,186,744,2024-03-01,Card
6638,127,1621,2,304,608,2025-01-01,COD
6639,675,843,3,287,861,2024-03-09,COD
6640,1497,1219,2,391,782,2024-04-28,Card
6641,1402,690,4,313,1252,2025-04-16,COD
6642,524,532,3,341,1023,2024-06-23,COD
6643,901,1524,1,536,536,2024-06-25,Card
6644,1594,324,4,138,552,2024-03-21,UPI
6645,539,1554,1,495,495,2024-03-28,Card
6646,1998,570,2,392,784,2024-07-20,Card
6647,1965,1981,2,148,296,2025-03-17,COD
6648,855,1989,1,563,563,2024-02-28,Card
6649,176,569,3,187,561,2025-03-15,COD
6650,1081,1455,3,163,489,2024-02-21,COD
6651,9,495,3,572,1716,2024-02-13,UPI
6652,822,1136,3,342,1026,2024-07-06,UPI
6653,546,764,2,548,1096,2024-07-03,Card
6654,845,920,3,202,606,2024-05-03,Card
6655,1855,1415,4,518,2072,2025-04-11,Card
6656,1041,443,3,206,618,2025-02-16,Card
6657,216,1232,4,258,1032,2024-05-13,Card
6658,1532,6,2,133,266,2024-07-09,UPI
6659,858,1678,4,363,1452,2024-08-26,Card
6660,1740,797,4,369,1476,2024-06-23,Card
6661,41,1013,2,150,300,2024-08-17,UPI
6662,200,1780,3,239,717,2024-08-20,UPI
6663,1410,53,2,302,604,2025-05-11,UPI
6664,588,21,4,574,2296,2024-03-29,UPI
6665,14,279,1,569,569,2024-01-21,Card
6666,1675,1003,2,259,518,2025-01-25,Card
6667,581,1601,2,385,770,2025-05-10,UPI
6668,931,514,1,484,484,2024-10-04,COD
6669,844,1904,2,508,1016,2025-02-05,UPI
6670,1701,713,4,200,800,2024-04-03,UPI
6671,1496,1475,3,548,1644,2024-01-07,COD
6672,1120,899,2,507,1014,2024-08-19,COD
6673,1071,733,2,340,680,2025-01-10,COD
6674,1631,242,4,266,1064,2024-05-26,COD
6675,1923,20,4,517,2068,2024-10-06,UPI
6676,633,1310,3,288,864,2025-03-20,UPI
6677,128,415,3,394,1182,2025-03-20,COD
6678,1832,243,1,461,461,2024-12-03,Card
6679,739,1763,2,293,586,2024-06-26,Card
6680,887,1148,2,268,536,2024-01-05,UPI
6681,399,518,3,556,1668,2025-01-17,UPI
6682,720,1904,1,508,508,2024-10-31,COD
6683,1344,1430,1,428,428,2024-04-27,Card
6684,949,1586,3,363,1089,2025-03-05,Card
6685,121,747,2,328,656,2024-07-23,UPI
6686,999,754,2,221,442,2024-04-02,Card
6687,104,779,2,423,846,2024-06-17,UPI
6688,94,1750,4,203,812,2024-07-26,Card
6689,1400,1308,1,212,212,2024-06-17,UPI
6690,1629,694,1,376,376,2024-09-04,UPI
6691,1894,493,2,421,842,2024-03-26,UPI
6692,177,57,1,552,552,2024-02-25,COD
6693,1445,170,4,499,1996,2025-03-31,Card
6694,1996,66,1,420,420,2024-12-13,COD
6695,1827,927,4,291,1164,2025-05-01,Card
6696,1853,1063,1,136,136,2024-12-13,COD
6697,1550,457,1,446,446,2025-03-29,COD
6698,753,1310,1,288,288,2024-04-18,COD
6699,146,1420,1,299,299,2024-02-04,COD
6700,624,884,3,124,372,2024-04-06,UPI
6701,244,856,2,558,1116,2024-05-10,COD
6702,1245,1051,4,233,932,2024-11-13,UPI
6703,1296,1224,1,456,456,2025-04-22,COD
6704,516,269,4,106,424,2024-04-14,UPI
6705,109,432,4,172,688,2024-08-04,Card
6706,1181,510,3,374,1122,2025-03-18,Card
6707,1323,706,4,135,540,2024-11-05,Card
6708,1856,1906,2,378,756,2024-04-06,UPI
6709,1149,652,2,339,678,2024-03-15,Card
6710,618,195,4,150,600,2024-09-12,COD
6711,940,1245,3,274,822,2025-05-06,UPI
6712,661,1878,1,102,102,2024-01-18,Card
6713,964,1490,1,118,118,2024-01-27,Card
6714,455,94,4,193,772,2024-05-15,COD
6715,1004,213,3,159,477,2025-01-23,COD
6716,152,1479,1,208,208,2024-03-17,Card
6717,1193,273,1,554,554,2024-07-12,UPI
6718,113,948,3,174,522,2024-03-16,UPI
6719,93,1747,3,593,1779,2024-12-20,UPI
6720,1655,1217,1,259,259,2024-01-02,UPI
6721,230,68,1,126,126,2025-01-07,COD
6722,383,888,2,116,232,2025-05-15,COD
6723,1917,314,4,455,1820,2024-05-10,COD
6724,619,1200,4,263,1052,2024-05-04,UPI
6725,1747,141,3,538,1614,2024-08-30,COD
6726,42,1163,2,525,1050,2024-12-13,UPI
6727,718,1832,3,198,594,2024-03-14,Card
6728,1977,1080,3,124,372,2025-03-02,COD
6729,879,1418,3,408,1224,2025-02-13,UPI
6730,1412,518,1,556,556,2024-06-13,Card
6731,490,661,3,175,525,2024-12-23,COD
6732,1320,1508,1,526,526,2024-01-30,COD
6733,1750,966,4,297,1188,2025-03-07,UPI
6734,1539,626,3,425,1275,2024-07-02,UPI
6735,731,144,1,117,117,2025-04-23,Card
6736,910,1036,1,497,497,2024-01-28,UPI
6737,1756,662,3,195,585,2024-09-30,Card
6738,55,380,4,375,1500,2024-01-02,Card
6739,90,613,3,381,1143,2024-03-03,COD
6740,1412,295,1,450,450,2024-08-07,COD
6741,1360,809,3,142,426,2025-03-09,UPI
6742,529,1915,2,375,750,2025-03-15,Card
6743,987,821,4,413,1652,2024-10-07,COD
6744,202,958,2,310,620,2025-04-08,Card
6745,1195,187,4,213,852,2024-07-25,UPI
6746,1567,33,2,150,300,2024-07-03,UPI
6747,346,95,3,138,414,2024-01-23,UPI
6748,292,1572,4,282,1128,2024-04-02,Card
6749,121,509,4,349,1396,2024-10-24,UPI
6750,1015,1169,3,478,1434,2025-03-19,UPI
6751,759,552,1,504,504,2024-08-20,COD
6752,1969,269,4,106,424,2024-09-26,COD
6753,676,1919,3,128,384,2024-08-31,UPI
6754,420,343,3,345,1035,2024-01-17,Card
6755,1315,916,4,552,2208,2024-03-09,UPI
6756,497,1048,2,347,694,2025-03-09,COD
6757,932,1780,4,239,956,2024-01-10,UPI
6758,699,1113,4,404,1616,2025-05-13,COD
6759,31,1782,4,534,2136,2024-12-10,UPI
6760,1871,142,4,493,1972,2025-03-09,Card
6761,960,984,3,503,1509,2025-04-16,COD
6762,1412,295,3,450,1350,2024-05-02,Card
6763,1333,1897,4,355,1420,2024-07-31,Card
6764,1065,274,3,529,1587,2024-01-30,Card
6765,352,642,4,417,1668,2024-11-05,COD
6766,1234,531,3,166,498,2025-05-06,COD
6767,1246,1178,4,264,1056,2024-09-28,COD
6768,490,729,4,391,1564,2024-07-24,COD
6769,1901,1052,2,388,776,2024-07-20,Card
6770,1143,1649,4,141,564,2025-05-01,Card
6771,1047,1240,2,333,666,2025-03-02,UPI
6772,1465,1632,2,431,862,2024-01-14,Card
6773,1780,242,4,266,1064,2024-08-20,Card
6774,1536,1970,3,167,501,2025-04-04,COD
6775,697,82,4,207,828,2024-01-16,UPI
6776,1278,1591,3,494,1482,2024-07-27,Card
6777,1968,145,1,488,488,2024-11-29,COD
6778,1558,1895,2,169,338,2025-02-14,UPI
6779,76,971,1,316,316,2024-11-17,Card
6780,1924,640,3,521,1563,2025-03-08,Card
6781,1442,1163,4,525,2100,2024-08-08,COD
6782,259,1307,4,163,652,2025-01-13,COD
6783,1330,104,2,499,998,2025-03-13,Card
6784,1924,1657,4,195,780,2025-02-19,UPI
6785,787,1047,2,423,846,2025-04-03,COD
6786,1282,359,3,358,1074,2024-08-30,UPI
6787,1099,1872,1,347,347,2024-07-30,Card
6788,383,101,1,221,221,2024-08-20,UPI
6789,1014,1328,4,467,1868,2024-04-27,Card
6790,485,1452,2,217,434,2024-11-08,Card
6791,372,1143,3,155,465,2024-07-26,UPI
6792,439,524,1,213,213,2025-02-12,COD
6793,1079,928,2,235,470,2024-05-12,UPI
6794,455,135,3,264,792,2024-02-18,Card
6795,1376,772,2,543,1086,2024-04-15,UPI
6796,667,1489,2,374,748,2025-01-09,COD
6797,1425,613,4,381,1524,2024-04-18,Card
6798,1582,306,2,579,1158,2024-04-26,COD
6799,560,140,3,278,834,2024-09-05,Card
6800,1603,1962,3,572,1716,2024-01-22,COD
6801,467,1835,4,252,1008,2024-10-26,COD
6802,134,1446,2,361,722,2024-01-25,Card
6803,500,1932,4,197,788,2024-03-19,COD
6804,1943,396,3,515,1545,2024-02-29,Card
6805,803,1817,3,163,489,2024-06-09,Card
6806,955,1601,2,385,770,2024-08-06,COD
6807,1862,1049,4,351,1404,2024-07-08,UPI
6808,823,720,4,415,1660,2024-02-14,COD
6809,1215,446,2,170,340,2024-04-20,COD
6810,411,1809,3,208,624,2024-11-30,UPI
6811,228,977,4,304,1216,2024-07-05,Card
6812,1689,1318,3,469,1407,2024-08-24,Card
6813,1485,39,1,580,580,2024-10-07,COD
6814,958,847,2,514,1028,2025-01-15,COD
6815,111,74,4,413,1652,2024-04-08,UPI
6816,60,1122,1,273,273,2024-06-18,UPI
6817,1132,1855,3,438,1314,2025-01-22,COD
6818,218,1406,3,303,909,2025-01-04,UPI
6819,756,1713,4,183,732,2025-03-23,Card
6820,1103,1714,2,153,306,2024-07-04,COD
6821,1028,1700,1,486,486,2024-11-29,Card
6822,1362,232,2,561,1122,2024-01-05,UPI
6823,1654,1206,4,181,724,2024-06-19,COD
6824,44,942,1,261,261,2024-08-23,UPI
6825,911,1843,4,271,1084,2024-10-18,Card
6826,1907,67,1,252,252,2024-04-20,UPI
6827,1019,1167,3,227,681,2024-05-02,UPI
6828,139,1975,4,488,1952,2025-04-09,Card
6829,516,345,4,253,1012,2024-07-05,UPI
6830,27,1123,2,242,484,2025-01-23,Card
6831,289,837,3,434,1302,2025-01-17,UPI
6832,1356,1420,3,299,897,2024-07-19,COD
6833,1420,804,4,228,912,2025-04-14,Card
6834,740,433,2,596,1192,2024-08-15,Card
6835,1293,231,4,542,2168,2024-04-21,UPI
6836,1383,537,3,555,1665,2024-06-26,Card
6837,586,1761,2,133,266,2025-02-25,UPI
6838,1027,1742,4,237,948,2024-12-08,UPI
6839,411,600,1,563,563,2024-10-07,UPI
6840,1316,1527,1,369,369,2024-02-24,COD
6841,1063,1779,3,293,879,2024-04-23,UPI
6842,423,219,3,338,1014,2024-06-01,COD
6843,1483,970,1,244,244,2025-02-19,Card
6844,384,1420,4,299,1196,2024-05-23,UPI
6845,1551,1999,3,221,663,2024-08-12,Card
6846,1302,292,3,524,1572,2025-02-01,Card
6847,1951,1725,1,278,278,2024-04-28,COD
6848,1788,210,4,247,988,2024-03-05,UPI
6849,1923,943,3,288,864,2025-03-21,COD
6850,1233,1221,3,385,1155,2024-03-11,UPI
6851,254,1677,4,591,2364,2024-03-25,UPI
6852,890,949,2,448,896,2024-10-03,Card
6853,966,22,1,210,210,2024-01-02,Card
6854,983,687,3,188,564,2024-12-27,COD
6855,1767,1529,4,420,1680,2024-04-03,Card
6856,1551,1587,3,250,750,2024-06-25,Card
6857,826,1470,1,364,364,2025-03-30,COD
6858,624,1070,4,215,860,2025-03-09,UPI
6859,439,1731,1,296,296,2024-02-24,UPI
6860,424,1533,4,150,600,2024-09-27,COD
6861,520,1886,2,189,378,2024-10-14,COD
6862,1778,207,3,269,807,2025-04-13,Card
6863,1140,656,4,390,1560,2024-10-05,COD
6864,1295,1214,4,354,1416,2025-04-03,Card
6865,66,1391,4,439,1756,2024-08-02,COD
6866,1853,1405,2,474,948,2025-01-22,COD
6867,671,1754,3,148,444,2024-11-25,Card
6868,888,1455,1,163,163,2024-05-07,COD
6869,1827,1490,3,118,354,2024-05-10,COD
6870,34,239,1,277,277,2024-09-29,COD
6871,1805,818,1,478,478,2025-01-12,Card
6872,582,525,4,270,1080,2024-04-20,UPI
6873,134,1511,1,534,534,2024-08-17,UPI
6874,870,1870,3,166,498,2024-06-09,Card
6875,1861,577,4,337,1348,2024-01-15,Card
6876,323,1775,4,517,2068,2024-04-10,COD
6877,78,553,4,525,2100,2024-04-23,COD
6878,1489,1579,1,364,364,2025-04-07,Card
6879,152,1926,1,392,392,2025-03-28,UPI
6880,963,823,2,128,256,2024-02-21,Card
6881,1101,1188,2,494,988,2024-09-06,Card
6882,404,380,4,375,1500,2025-01-09,COD
6883,1793,1043,4,125,500,2024-05-14,Card
6884,533,1693,4,500,2000,2024-07-09,COD
6885,1904,1748,1,557,557,2024-04-05,COD
6886,1104,849,2,212,424,2024-05-04,COD
6887,1861,1688,3,123,369,2025-01-18,COD
6888,1146,1779,2,293,586,2024-05-07,Card
6889,1927,166,1,241,241,2024-02-19,UPI
6890,954,496,2,217,434,2024-05-26,Card
6891,1616,697,1,588,588,2025-03-14,COD
6892,323,849,1,212,212,2025-01-05,UPI
6893,1470,355,4,288,1152,2025-02-09,UPI
6894,640,718,4,227,908,2024-07-05,COD
6895,915,629,3,116,348,2024-08-20,UPI
6896,1807,1323,4,337,1348,2025-02-23,COD
6897,1721,420,1,344,344,2024-03-12,Card
6898,1017,761,2,299,598,2024-07-16,COD
6899,916,1265,4,147,588,2024-01-24,UPI
6900,1673,1729,4,420,1680,2024-08-09,UPI
6901,1688,418,4,286,1144,2024-03-21,Card
6902,1415,740,4,157,628,2024-04-05,COD
6903,600,694,3,376,1128,2024-10-08,Card
6904,132,13,1,267,267,2025-01-12,COD
6905,1036,1922,3,586,1758,2024-06-19,UPI
6906,1899,36,3,365,1095,2025-03-28,Card
6907,1469,462,2,435,870,2024-08-20,UPI
6908,1783,569,2,187,374,2024-09-16,Card
6909,1637,1552,4,488,1952,2024-02-13,COD
6910,1986,1405,3,474,1422,2024-03-11,UPI
6911,1562,1346,3,316,948,2024-01-13,COD
6912,522,292,2,524,1048,2024-07-29,Card
6913,1216,1086,4,248,992,2025-01-24,COD
6914,697,1721,4,580,2320,2025-04-14,UPI
6915,869,134,4,290,1160,2024-10-27,COD
6916,426,359,1,358,358,2024-12-05,UPI
6917,600,402,3,501,1503,2025-01-12,UPI
6918,607,1022,3,220,660,2024-09-19,Card
6919,307,450,2,308,616,2024-09-06,Card
6920,684,1753,1,515,515,2024-05-23,Card
6921,821,669,1,303,303,2025-05-01,Card
6922,1169,1639,2,354,708,2025-01-22,COD
6923,202,1175,4,537,2148,2024-01-09,COD
6924,934,1241,1,369,369,2025-05-06,Card
6925,188,1684,3,336,1008,2024-10-15,COD
6926,1862,329,3,406,1218,2024-02-12,Card
6927,305,542,4,598,2392,2024-08-02,COD
6928,618,628,4,205,820,2024-09-04,Card
6929,930,247,1,164,164,2024-03-03,UPI
6930,716,1628,2,598,1196,2025-03-11,Card
6931,1159,1814,4,515,2060,2024-02-27,COD
6932,1113,1294,2,508,1016,2024-07-03,UPI
6933,1760,447,2,598,1196,2024-01-30,UPI
6934,531,1721,4,580,2320,2025-02-10,Card
6935,972,307,2,109,218,2025-04-30,Card
6936,1904,1518,2,272,544,2025-02-25,UPI
6937,1327,131,2,293,586,2024-09-29,UPI
6938,1304,737,4,328,1312,2024-04-17,UPI
6939,692,1376,2,148,296,2024-12-04,Card
6940,1034,1009,3,471,1413,2024-07-18,Card
6941,1837,377,3,297,891,2024-03-31,Card
6942,1213,1999,4,221,884,2024-04-14,UPI
6943,344,366,1,204,204,2024-11-15,Card
6944,1508,1170,1,249,249,2024-12-29,COD
6945,1263,936,2,369,738,2025-04-11,UPI
6946,67,341,2,517,1034,2024-01-03,COD
6947,1991,983,4,107,428,2025-04-16,UPI
6948,1558,188,2,389,778,2024-05-08,COD
6949,1115,1249,3,488,1464,2024-05-14,UPI
6950,1286,1273,1,585,585,2025-01-26,COD
6951,1621,1860,2,120,240,2024-09-29,UPI
6952,481,1124,4,252,1008,2024-01-18,COD
6953,1708,584,1,353,353,2025-04-26,COD
6954,1155,1009,4,471,1884,2024-04-18,COD
6955,916,760,2,241,482,2024-05-18,COD
6956,517,104,1,499,499,2024-07-28,UPI
6957,201,506,4,243,972,2025-03-13,UPI
6958,1876,323,3,438,1314,2025-01-25,UPI
6959,712,116,4,213,852,2024-10-17,COD
6960,651,1612,3,369,1107,2024-03-17,UPI
6961,437,709,1,102,102,2025-05-01,UPI
6962,1040,1137,4,344,1376,2024-08-06,UPI
6963,1964,1100,3,443,1329,2024-08-05,UPI
6964,265,819,3,298,894,2024-01-26,Card
6965,342,1241,2,369,738,2024-10-08,Card
6966,702,1821,4,497,1988,2025-01-07,Card
6967,688,760,4,241,964,2024-12-06,Card
6968,443,1573,1,132,132,2024-02-19,COD
6969,131,1305,1,343,343,2024-01-08,UPI
6970,387,1180,1,409,409,2024-04-22,COD
6971,1043,281,2,508,1016,2024-07-30,COD
6972,931,1607,1,293,293,2024-12-30,Card
6973,1829,363,3,116,348,2024-11-27,UPI
6974,1724,556,3,188,564,2025-01-23,UPI
6975,1469,1810,2,448,896,2024-02-27,COD
6976,250,1628,2,598,1196,2024-10-16,UPI
6977,1309,1073,1,547,547,2024-05-20,COD
6978,1943,159,2,599,1198,2024-10-10,UPI
6979,1442,1423,1,221,221,2024-01-09,UPI
6980,171,512,1,319,319,2024-12-20,COD
6981,781,140,1,278,278,2024-07-31,COD
6982,1343,801,3,452,1356,2024-11-22,COD
6983,1352,924,2,528,1056,2024-09-07,COD
6984,1252,572,4,580,2320,2024-12-11,Card
6985,1007,1741,3,590,1770,2025-02-02,COD
6986,738,328,4,545,2180,2024-05-19,UPI
6987,163,1999,2,221,442,2025-04-24,UPI
6988,1803,762,3,108,324,2024-09-30,COD
6989,206,576,3,355,1065,2025-01-21,Card
6990,381,173,2,222,444,2024-07-15,COD
6991,1500,456,2,304,608,2025-05-09,COD
6992,313,1958,2,470,940,2025-01-22,COD
6993,1873,1238,1,432,432,2024-04-30,COD
6994,1797,289,3,203,609,2024-07-14,COD
6995,1637,1918,1,560,560,2024-03-11,COD
6996,249,438,2,533,1066,2024-07-20,Card
6997,1370,1963,2,531,1062,2024-08-10,Card
6998,411,1642,2,114,228,2025-05-14,Card
6999,1981,757,4,393,1572,2025-04-01,UPI
7000,1709,1468,2,477,954,2024-03-20,COD
7001,986,482,2,287,574,2024-01-09,COD
7002,896,80,4,287,1148,2024-01-05,UPI
7003,1727,689,4,261,1044,2025-02-04,COD
7004,1997,44,4,503,2012,2024-03-13,Card
7005,1049,136,2,241,482,2025-01-07,Card
7006,1553,1424,3,364,1092,2025-03-07,Card
7007,188,1755,4,270,1080,2025-05-01,Card
7008,1685,949,2,448,896,2024-03-24,Card
7009,1828,1237,4,201,804,2024-03-30,UPI
7010,159,264,4,285,1140,2024-12-06,UPI
7011,114,1453,3,515,1545,2024-08-16,Card
7012,368,1618,2,110,220,2024-11-29,Card
7013,1334,428,1,228,228,2024-10-27,UPI
7014,25,1603,4,190,760,2024-12-11,Card
7015,778,76,4,377,1508,2024-03-10,Card
7016,1327,495,3,572,1716,2025-03-15,UPI
7017,1060,1675,1,545,545,2025-01-08,UPI
7018,1355,337,1,585,585,2025-05-13,COD
7019,1361,1443,4,192,768,2024-04-10,Card
7020,293,1899,4,186,744,2025-04-21,COD
7021,59,1097,1,385,385,2024-02-16,Card
7022,1240,68,2,126,252,2024-12-28,COD
7023,1188,496,4,217,868,2024-06-19,Card
7024,376,1737,2,537,1074,2024-06-04,COD
7025,1436,1438,1,326,326,2024-06-30,COD
7026,1694,944,3,102,306,2024-10-13,COD
7027,1641,1604,3,378,1134,2025-04-05,COD
7028,59,1073,4,547,2188,2024-01-25,UPI
7029,495,1018,2,595,1190,2024-01-19,COD
7030,1331,1659,1,526,526,2024-12-06,COD
7031,808,1157,1,589,589,2025-03-01,COD
7032,637,1508,1,526,526,2024-02-02,UPI
7033,1671,983,1,107,107,2024-12-20,UPI
7034,783,1612,3,369,1107,2024-12-07,UPI
7035,212,11,2,403,806,2024-05-13,UPI
7036,1549,595,4,361,1444,2024-06-30,UPI
7037,449,1365,4,163,652,2024-08-22,Card
7038,481,138,3,189,567,2024-10-25,UPI
7039,1688,1403,4,223,892,2025-03-21,UPI
7040,777,1449,1,174,174,2024-02-12,UPI
7041,1898,1728,3,508,1524,2025-04-24,COD
7042,940,1083,1,484,484,2024-02-10,UPI
7043,1341,1381,3,548,1644,2024-07-02,COD
7044,1305,1826,4,313,1252,2024-04-04,UPI
7045,1571,619,2,519,1038,2024-02-26,Card
7046,1483,165,2,258,516,2024-08-29,COD
7047,1669,1468,1,477,477,2024-05-27,Card
7048,1713,1756,1,242,242,2024-08-29,Card
7049,432,490,1,291,291,2025-01-20,UPI
7050,125,78,3,486,1458,2025-02-06,UPI
7051,1587,905,4,466,1864,2024-04-24,UPI
7052,231,1787,4,274,1096,2024-01-06,COD
7053,1823,802,2,315,630,2024-07-13,UPI
7054,652,694,4,376,1504,2024-02-22,UPI
7055,1381,1149,3,508,1524,2025-03-25,UPI
7056,1642,630,2,425,850,2025-01-26,UPI
7057,1382,469,1,274,274,2024-07-27,Card
7058,16,1078,4,488,1952,2024-10-22,UPI
7059,718,775,3,292,876,2024-10-10,UPI
7060,1354,595,1,361,361,2025-02-23,Card
7061,1504,1671,3,191,573,2025-04-28,UPI
7062,1366,436,2,592,1184,2024-09-28,UPI
7063,17,1897,1,355,355,2024-07-08,COD
7064,334,1902,1,432,432,2024-08-23,UPI
7065,1103,1847,4,247,988,2024-08-28,UPI
7066,1654,1258,4,460,1840,2024-08-20,Card
7067,844,266,2,532,1064,2024-10-31,UPI
7068,1731,1089,3,561,1683,2025-02-08,Card
7069,751,1113,3,404,1212,2024-02-13,UPI
7070,1582,109,2,127,254,2024-02-03,UPI
7071,1677,93,3,423,1269,2025-04-25,UPI
7072,1170,1917,1,494,494,2025-01-25,UPI
7073,228,185,2,360,720,2024-04-01,UPI
7074,1540,1201,2,399,798,2024-11-08,UPI
7075,1708,1020,1,589,589,2025-05-14,UPI
7076,1017,1646,1,440,440,2024-04-01,COD
7077,1303,132,4,117,468,2024-02-27,UPI
7078,1375,868,2,594,1188,2024-05-19,COD
7079,83,1658,4,380,1520,2024-01-10,Card
7080,1385,1237,4,201,804,2024-05-26,Card
7081,105,1045,3,268,804,2025-04-16,COD
7082,1801,1366,3,239,717,2025-04-27,Card
7083,203,1211,4,134,536,2024-05-30,Card
7084,1744,1781,1,393,393,2024-01-10,COD
7085,1484,88,4,142,568,2025-03-03,Card
7086,1360,453,4,396,1584,2024-07-22,Card
7087,716,545,3,492,1476,2024-04-14,UPI
7088,428,166,4,241,964,2025-05-10,COD
7089,475,812,1,476,476,2024-02-27,Card
7090,682,1047,2,423,846,2024-11-24,Card
7091,41,686,3,106,318,2025-04-20,COD
7092,75,739,4,303,1212,2025-03-01,COD
7093,1470,1691,3,269,807,2024-09-12,COD
7094,1586,29,4,532,2128,2024-05-12,COD
7095,1731,73,3,134,402,2024-05-26,Card
7096,289,715,4,521,2084,2024-08-22,Card
7097,1726,137,4,462,1848,2025-01-01,Card
7098,960,1544,4,448,1792,2024-02-11,UPI
7099,1822,315,1,535,535,2024-11-03,Card
7100,1926,648,2,530,1060,2024-01-20,Card
7101,1481,1963,4,531,2124,2024-01-16,Card
7102,116,665,4,306,1224,2024-11-20,Card
7103,1877,1971,1,384,384,2024-12-21,COD
7104,1468,1455,2,163,326,2024-01-19,Card
7105,1934,1643,1,509,509,2024-12-01,Card
7106,1602,68,3,126,378,2025-04-13,COD
7107,612,1632,1,431,431,2025-02-25,COD
7108,693,1297,1,542,542,2024-07-17,UPI
7109,81,1400,3,543,1629,2024-12-23,UPI
7110,15,14,4,545,2180,2024-03-18,UPI
7111,1355,1338,1,564,564,2024-03-01,Card
7112,874,1218,1,440,440,2024-05-15,Card
7113,586,1835,1,252,252,2024-12-02,UPI
7114,1165,1177,4,479,1916,2024-10-24,UPI
7115,211,1815,4,280,1120,2024-06-28,COD
7116,1951,902,4,311,1244,2024-01-06,Card
7117,1143,857,1,103,103,2024-11-03,Card
7118,1829,1662,2,560,1120,2025-02-27,Card
7119,1241,1330,1,439,439,2024-10-07,COD
7120,1942,1218,1,440,440,2025-02-07,Card
7121,30,156,1,185,185,2024-03-03,COD
7122,1065,904,2,497,994,2024-07-13,Card
7123,1486,1722,4,178,712,2024-07-31,Card
7124,560,1948,1,288,288,2024-02-17,UPI
7125,558,582,2,524,1048,2024-05-07,COD
7126,1654,1927,2,573,1146,2025-01-03,Card
7127,1826,991,3,112,336,2024-03-13,Card
7128,136,1931,4,296,1184,2024-11-23,Card
7129,615,46,4,290,1160,2025-03-15,Card
7130,506,60,4,220,880,2024-11-05,UPI
7131,162,1189,4,400,1600,2024-03-27,COD
7132,1167,1877,2,320,640,2024-06-23,Card
7133,1025,495,4,572,2288,2024-10-30,COD
7134,1184,1883,1,149,149,2024-06-17,COD
7135,1008,93,1,423,423,2024-04-23,Card
7136,66,1251,1,517,517,2024-06-03,COD
7137,1626,89,1,370,370,2024-08-03,Card
7138,547,1233,2,533,1066,2025-02-01,COD
7139,1883,143,2,356,712,2025-05-13,UPI
7140,88,1101,4,476,1904,2024-04-05,UPI
7141,397,1017,4,118,472,2024-01-23,Card
7142,1652,223,3,426,1278,2024-11-29,Card
7143,387,142,1,493,493,2024-03-25,UPI
7144,899,144,3,117,351,2024-08-15,UPI
7145,1427,1626,1,222,222,2024-04-12,COD
7146,1990,1328,2,467,934,2025-04-16,UPI
7147,239,1398,2,139,278,2025-01-05,COD
7148,568,1806,1,146,146,2024-01-16,UPI
7149,789,931,1,414,414,2024-04-16,Card
7150,864,346,3,361,1083,2024-10-14,UPI
7151,367,637,4,383,1532,2024-11-13,UPI
7152,1601,295,4,450,1800,2024-08-22,UPI
7153,539,504,4,355,1420,2025-03-03,Card
7154,32,257,4,422,1688,2024-08-20,UPI
7155,1333,1675,4,545,2180,2024-09-11,COD
7156,1758,1213,3,160,480,2024-08-07,COD
7157,1746,355,3,288,864,2024-11-20,UPI
7158,1425,1521,3,347,1041,2025-04-05,Card
7159,1368,1925,2,230,460,2024-03-12,COD
7160,88,175,2,442,884,2025-02-26,COD
7161,9,1310,4,288,1152,2024-03-26,COD
7162,89,687,1,188,188,2025-01-09,COD
7163,875,1151,3,259,777,2024-11-29,COD
7164,289,1029,1,551,551,2024-10-07,COD
7165,101,1260,3,342,1026,2024-07-31,COD
7166,1051,1129,4,579,2316,2025-01-10,UPI
7167,1813,1109,4,252,1008,2024-04-02,COD
7168,1703,1609,1,472,472,2024-08-20,Card
7169,556,732,3,347,1041,2025-03-02,COD
7170,520,640,1,521,521,2024-06-26,COD
7171,316,1101,3,476,1428,2024-01-13,UPI
7172,835,967,3,283,849,2024-07-07,UPI
7173,1377,1040,4,390,1560,2025-01-29,COD
7174,259,507,1,529,529,2024-12-14,COD
7175,1101,513,2,186,372,2025-02-13,COD
7176,1147,962,2,568,1136,2024-05-22,COD
7177,1386,1821,2,497,994,2024-01-26,UPI
7178,850,1570,2,391,782,2025-04-12,Card
7179,1258,153,3,189,567,2024-01-29,Card
7180,329,1622,1,308,308,2024-05-19,UPI
7181,1714,1300,3,538,1614,2025-03-17,COD
7182,199,1380,1,132,132,2024-08-14,Card
7183,1859,1548,4,178,712,2024-10-23,UPI
7184,742,426,2,393,786,2025-03-31,UPI
7185,993,1335,1,139,139,2024-12-26,Card
7186,1506,786,3,195,585,2024-09-14,COD
7187,1942,758,3,429,1287,2024-11-18,Card
7188,392,203,1,303,303,2024-03-08,UPI
7189,1241,807,4,520,2080,2024-11-02,UPI
7190,1303,91,4,283,1132,2025-03-31,UPI
7191,1779,1601,2,385,770,2024-05-29,Card
7192,1111,1678,3,363,1089,2025-01-18,UPI
7193,858,1249,2,488,976,2025-03-31,Card
7194,1352,478,1,329,329,2024-02-19,COD
7195,533,981,2,139,278,2024-05-24,Card
7196,1096,1752,3,130,390,2024-07-24,COD
7197,819,731,1,198,198,2024-10-02,Card
7198,1978,1186,2,504,1008,2024-01-16,COD
7199,418,1455,3,163,489,2024-02-29,COD
7200,1856,1001,1,340,340,2025-02-04,UPI
7201,1300,909,4,564,2256,2024-01-02,Card
7202,596,1916,4,287,1148,2024-12-27,Card
7203,570,797,4,369,1476,2024-02-19,Card
7204,441,423,3,521,1563,2025-02-08,Card
7205,12,88,3,142,426,2024-02-10,Card
7206,96,1749,2,100,200,2024-09-28,UPI
7207,298,1825,3,542,1626,2025-03-02,COD
7208,147,1699,1,223,223,2024-09-10,UPI
7209,1232,45,4,346,1384,2025-05-13,Card
7210,1642,1310,1,288,288,2025-04-09,UPI
7211,498,133,4,483,1932,2024-09-16,UPI
7212,1428,1787,4,274,1096,2024-08-29,Card
7213,1302,830,1,133,133,2025-05-06,Card
7214,1182,981,1,139,139,2024-06-19,COD
7215,26,1213,1,160,160,2024-10-27,COD
7216,1715,1005,2,108,216,2024-06-30,COD
7217,135,291,2,503,1006,2024-08-06,UPI
7218,1283,224,3,215,645,2024-05-07,UPI
7219,1201,726,4,297,1188,2024-07-27,COD
7220,1187,1888,1,595,595,2024-02-23,COD
7221,287,1167,3,227,681,2024-10-05,COD
7222,1169,614,1,181,181,2025-01-14,UPI
7223,920,421,4,570,2280,2025-05-11,UPI
7224,258,912,1,523,523,2024-07-19,Card
7225,1723,1177,4,479,1916,2024-10-28,COD
7226,1180,1828,2,396,792,2024-03-03,Card
7227,186,1591,3,494,1482,2024-03-29,UPI
7228,164,1458,2,366,732,2025-03-01,COD
7229,943,1160,2,381,762,2024-06-28,Card
7230,1576,1167,3,227,681,2025-02-15,UPI
7231,1228,1171,4,477,1908,2025-02-13,UPI
7232,69,552,4,504,2016,2025-03-04,UPI
7233,1374,669,3,303,909,2024-02-12,Card
7234,1299,684,2,347,694,2024-11-12,UPI
7235,140,928,4,235,940,2024-03-06,Card
7236,873,139,1,456,456,2024-06-16,Card
7237,357,1884,4,580,2320,2024-10-23,UPI
7238,620,1267,4,486,1944,2024-01-01,UPI
7239,600,1928,4,446,1784,2024-08-26,UPI
7240,809,1271,1,205,205,2024-05-08,COD
7241,729,1936,4,294,1176,2025-05-11,UPI
7242,232,1216,1,561,561,2025-04-15,COD
7243,980,965,3,462,1386,2024-03-05,Card
7244,1101,1191,1,567,567,2024-02-07,Card
7245,1968,1961,2,394,788,2025-04-23,UPI
7246,1487,535,2,294,588,2025-05-12,UPI
7247,939,147,1,208,208,2024-08-06,COD
7248,467,154,1,288,288,2024-03-30,Card
7249,1491,1613,4,484,1936,2024-05-14,COD
7250,1710,1214,3,354,1062,2025-04-03,UPI
7251,87,92,3,505,1515,2024-05-18,UPI
7252,207,1770,3,107,321,2024-02-29,COD
7253,1088,1140,4,465,1860,2024-08-19,Card
7254,1001,131,3,293,879,2024-08-21,Card
7255,932,1933,1,468,468,2025-01-12,Card
7256,1125,1641,3,274,822,2024-07-13,Card
7257,18,1006,3,383,1149,2024-02-04,COD
7258,756,671,3,294,882,2025-01-13,Card
7259,228,279,2,569,1138,2025-05-05,UPI
7260,1322,1923,3,162,486,2024-01-03,Card
7261,696,753,2,237,474,2025-04-10,UPI
7262,367,1496,4,171,684,2025-04-13,COD
7263,525,1044,1,539,539,2024-10-07,COD
7264,965,658,4,269,1076,2024-12-17,COD
7265,1687,395,2,393,786,2024-06-20,Card
7266,923,942,4,261,1044,2024-03-13,Card
7267,1804,1882,3,377,1131,2024-07-09,Card
7268,1857,1674,2,109,218,2025-05-03,UPI
7269,323,1487,1,188,188,2024-10-31,COD
7270,1305,1903,1,572,572,2024-03-04,Card
7271,350,950,3,159,477,2025-04-06,COD
7272,173,911,3,133,399,2024-08-01,COD
7273,1491,6,1,133,133,2024-04-11,COD
7274,483,1446,3,361,1083,2025-02-05,UPI
7275,1246,1227,3,513,1539,2024-11-02,Card
7276,1182,1754,4,148,592,2024-06-17,COD
7277,431,1484,3,565,1695,2025-01-01,COD
7278,1824,1922,4,586,2344,2024-12-20,Card
7279,1471,346,3,361,1083,2024-12-26,COD
7280,546,1553,4,323,1292,2025-03-24,UPI
7281,1258,1521,1,347,347,2024-05-31,COD
7282,268,27,4,598,2392,2024-10-29,UPI
7283,1520,1775,4,517,2068,2024-05-24,UPI
7284,1663,1276,1,573,573,2024-09-08,UPI
7285,893,1140,1,465,465,2024-11-04,Card
7286,909,97,2,346,692,2024-07-11,Card
7287,1301,419,2,279,558,2024-08-07,UPI
7288,1508,321,4,317,1268,2024-03-16,COD
7289,1620,203,4,303,1212,2024-03-16,UPI
7290,1223,1997,4,553,2212,2024-12-14,UPI
7291,1301,1958,1,470,470,2025-04-24,Card
7292,1309,1538,1,131,131,2025-02-01,Card
7293,323,1226,3,390,1170,2024-08-16,COD
7294,671,1606,2,563,1126,2024-06-12,Card
7295,1937,1497,2,574,1148,2024-03-04,Card
7296,75,1884,2,580,1160,2024-03-25,Card
7297,1252,1197,2,204,408,2024-05-11,UPI
7298,443,1198,1,453,453,2024-04-22,COD
7299,1016,516,1,529,529,2024-07-19,COD
7300,1225,1788,2,362,724,2024-12-27,UPI
7301,1990,788,4,199,796,2024-06-29,UPI
7302,1910,1902,3,432,1296,2024-08-22,COD
7303,946,1947,2,195,390,2025-02-08,COD
7304,1718,1858,3,587,1761,2024-07-10,UPI
7305,110,221,4,222,888,2024-07-28,COD
7306,1946,1748,2,557,1114,2024-01-09,COD
7307,586,1760,1,415,415,2024-09-29,COD
7308,357,223,4,426,1704,2025-04-01,Card
7309,665,437,4,313,1252,2024-07-02,Card
7310,199,427,1,349,349,2025-02-16,Card
7311,1867,1466,1,117,117,2024-09-01,UPI
7312,736,394,1,479,479,2024-12-01,COD
7313,1476,1054,1,253,253,2025-01-16,Card
7314,1714,1571,1,370,370,2024-01-29,Card
7315,1674,522,3,285,855,2024-01-17,UPI
7316,522,1707,4,312,1248,2025-05-13,Card
7317,832,1158,2,559,1118,2025-04-23,UPI
7318,266,1147,4,204,816,2024-05-06,COD
7319,1272,903,1,111,111,2025-01-10,UPI
7320,1223,481,2,211,422,2025-01-24,Card
7321,1932,1785,2,137,274,2025-01-27,COD
7322,1730,488,2,111,222,2024-04-29,COD
7323,1966,863,1,166,166,2025-02-28,Card
7324,728,1586,2,363,726,2024-03-15,COD
7325,1725,322,1,311,311,2024-03-25,Card
7326,1968,1410,2,201,402,2025-02-05,UPI
7327,1326,1762,4,396,1584,2024-10-22,Card
7328,886,904,2,497,994,2024-06-11,Card
7329,1780,1935,2,505,1010,2025-04-10,UPI
7330,718,538,1,143,143,2024-09-22,COD
7331,1441,664,4,572,2288,2024-05-08,COD
7332,373,76,1,377,377,2024-10-25,Card
7333,1634,1610,3,180,540,2024-10-10,COD
7334,1729,832,3,418,1254,2024-07-05,COD
7335,826,1012,1,575,575,2024-01-28,UPI
7336,1527,1281,2,564,1128,2025-03-02,UPI
7337,1586,432,2,172,344,2024-07-15,COD
7338,1501,762,3,108,324,2025-02-01,COD
7339,1228,302,2,108,216,2024-02-26,COD
7340,488,414,4,586,2344,2025-01-02,Card
7341,1204,1465,1,418,418,2024-12-18,UPI
7342,290,1440,3,291,873,2025-03-22,Card
7343,1447,1271,4,205,820,2024-07-20,UPI
7344,828,992,1,102,102,2024-09-30,COD
7345,1176,840,4,331,1324,2025-01-06,Card
7346,828,1649,4,141,564,2024-05-27,UPI
7347,206,1700,1,486,486,2025-03-28,UPI
7348,256,1724,4,391,1564,2024-10-11,COD
7349,150,369,2,296,592,2024-07-26,Card
7350,1577,260,2,222,444,2025-03-03,COD
7351,218,778,1,563,563,2024-01-16,Card
7352,1764,1323,3,337,1011,2024-01-04,Card
7353,769,926,1,301,301,2024-09-19,UPI
7354,1088,375,4,502,2008,2025-04-27,UPI
7355,18,1549,1,200,200,2024-08-10,COD
7356,1893,645,2,171,342,2024-08-03,UPI
7357,1428,1675,3,545,1635,2024-03-10,COD
7358,42,478,2,329,658,2024-04-04,Card
7359,741,891,3,120,360,2024-07-31,COD
7360,1162,1194,2,324,648,2024-06-09,COD
7361,567,1829,3,304,912,2024-07-25,Card
7362,1779,1212,1,556,556,2025-03-07,Card
7363,194,821,2,413,826,2024-12-22,COD
7364,435,410,1,331,331,2025-02-24,UPI
7365,1924,1947,2,195,390,2025-01-20,COD
7366,689,754,3,221,663,2024-02-23,Card
7367,1431,1764,1,381,381,2024-11-27,COD
7368,954,69,1,262,262,2024-12-23,Card
7369,518,1339,1,410,410,2024-09-14,UPI
7370,1399,1933,4,468,1872,2024-04-05,UPI
7371,1488,1767,1,252,252,2024-12-14,UPI
7372,334,1256,3,146,438,2024-11-19,Card
7373,973,154,1,288,288,2025-03-19,COD
7374,1504,975,4,504,2016,2024-02-05,UPI
7375,1006,1022,1,220,220,2024-09-28,UPI
7376,1112,1833,2,484,968,2024-08-04,COD
7377,1277,1260,2,342,684,2025-01-05,UPI
7378,562,1533,3,150,450,2024-06-22,COD
7379,1470,322,3,311,933,2025-05-12,COD
7380,687,1294,4,508,2032,2025-04-14,COD
7381,1399,1805,1,259,259,2024-09-08,COD
7382,1395,915,4,478,1912,2024-09-24,Card
7383,1902,246,3,352,1056,2024-06-09,UPI
7384,776,485,3,514,1542,2024-06-30,COD
7385,717,873,1,332,332,2025-02-15,Card
7386,1885,1126,2,582,1164,2024-11-10,UPI
7387,769,246,3,352,1056,2024-01-21,UPI
7388,1895,1919,1,128,128,2024-10-12,UPI
7389,1734,975,4,504,2016,2025-04-20,COD
7390,286,90,3,137,411,2025-03-17,Card
7391,1513,1065,3,535,1605,2025-04-12,COD
7392,695,1608,2,186,372,2024-07-22,Card
7393,999,1134,1,263,263,2024-01-04,UPI
7394,696,1097,3,385,1155,2024-02-28,COD
7395,854,1787,1,274,274,2024-12-25,UPI
7396,415,675,1,140,140,2025-04-13,Card
7397,944,1414,4,103,412,2025-03-19,COD
7398,412,1688,1,123,123,2025-01-23,UPI
7399,597,1654,4,449,1796,2024-08-12,Card
7400,114,1590,2,107,214,2025-03-30,Card
7401,991,1356,3,579,1737,2024-05-01,COD
7402,1930,827,1,380,380,2025-05-14,COD
7403,362,967,4,283,1132,2025-03-16,Card
7404,524,65,2,106,212,2024-09-24,UPI
7405,1789,441,3,335,1005,2025-01-29,COD
7406,1883,96,2,155,310,2024-08-18,Card
7407,1081,32,1,192,192,2024-03-17,UPI
7408,372,137,2,462,924,2025-02-11,COD
7409,1552,1623,3,348,1044,2025-05-08,UPI
7410,757,1091,3,474,1422,2024-04-14,UPI
7411,618,842,1,431,431,2024-08-01,Card
7412,774,862,2,421,842,2024-01-17,Card
7413,1443,132,2,117,234,2024-01-03,COD
7414,809,72,4,285,1140,2024-03-20,COD
7415,287,1661,4,367,1468,2024-12-10,Card
7416,923,1279,4,149,596,2025-02-20,COD
7417,1500,1452,2,217,434,2024-05-19,COD
7418,19,64,4,325,1300,2024-03-28,UPI
7419,935,1857,4,279,1116,2024-07-19,UPI
7420,1614,864,4,242,968,2024-12-10,Card
7421,163,1959,1,545,545,2024-01-29,UPI
7422,1430,1307,3,163,489,2024-05-01,Card
7423,244,1719,2,276,552,2024-04-13,COD
7424,760,972,2,502,1004,2024-05-06,UPI
7425,1077,1854,2,145,290,2024-10-11,COD
7426,402,1822,1,263,263,2025-03-26,COD
7427,1009,639,1,160,160,2024-05-15,COD
7428,430,1845,4,292,1168,2024-01-10,Card
7429,544,1614,3,419,1257,2025-04-02,COD
7430,1163,1790,4,156,624,2024-04-09,UPI
7431,344,133,4,483,1932,2024-11-11,Card
7432,749,939,4,205,820,2024-08-28,COD
7433,158,401,3,373,1119,2024-12-14,Card
7434,37,952,2,418,836,2024-04-15,UPI
7435,1420,161,3,198,594,2024-09-17,COD
7436,1011,1100,4,443,1772,2024-05-08,COD
7437,1804,1620,2,239,478,2024-08-29,COD
7438,687,638,4,188,752,2025-01-26,UPI
7439,1669,1285,3,569,1707,2024-03-15,UPI
7440,966,526,4,163,652,2024-11-28,COD
7441,1773,1249,3,488,1464,2024-07-12,Card
7442,450,1398,2,139,278,2024-12-11,Card
7443,1100,1747,2,593,1186,2025-05-07,UPI
7444,601,659,1,254,254,2024-06-03,UPI
7445,1456,315,1,535,535,2024-01-07,UPI
7446,1093,873,1,332,332,2025-05-12,COD
7447,164,1175,2,537,1074,2024-12-24,UPI
7448,1306,1938,2,186,372,2024-09-08,COD
7449,650,563,1,425,425,2024-08-22,Card
7450,984,1169,1,478,478,2024-02-20,Card
7451,6,1906,2,378,756,2024-02-27,UPI
7452,655,990,2,530,1060,2024-10-30,UPI
7453,1796,1810,1,448,448,2024-11-02,Card
7454,266,38,2,520,1040,2024-07-02,UPI
7455,736,1455,3,163,489,2024-02-05,COD
7456,587,1784,1,287,287,2024-01-20,UPI
7457,646,1714,2,153,306,2025-02-10,COD
7458,1771,494,3,146,438,2024-12-12,Card
7459,501,11,2,403,806,2024-05-11,UPI
7460,121,287,1,119,119,2024-10-25,UPI
7461,1577,1764,2,381,762,2024-09-21,UPI
7462,1692,1784,3,287,861,2024-04-04,COD
7463,1891,397,4,185,740,2024-06-05,Card
7464,1373,44,3,503,1509,2024-01-01,UPI
7465,44,1051,2,233,466,2024-06-27,UPI
7466,1506,1365,1,163,163,2024-04-09,COD
7467,56,511,1,235,235,2024-05-10,COD
7468,432,1075,2,222,444,2024-10-20,Card
7469,1800,564,4,124,496,2024-09-10,Card
7470,1252,1982,4,242,968,2025-02-27,COD
7471,1197,761,3,299,897,2024-11-26,Card
7472,1041,439,4,384,1536,2024-05-26,COD
7473,898,419,3,279,837,2025-01-18,UPI
7474,1302,923,3,181,543,2024-11-06,UPI
7475,1489,121,3,354,1062,2025-02-23,UPI
7476,954,884,1,124,124,2024-04-03,Card
7477,1408,1243,2,199,398,2025-01-07,UPI
7478,599,1761,4,133,532,2024-03-30,COD
7479,16,1553,4,323,1292,2025-02-05,COD
7480,190,1775,1,517,517,2024-08-31,UPI
7481,1567,1167,2,227,454,2025-05-06,COD
7482,1272,1290,3,359,1077,2024-11-17,Card
7483,1305,47,4,338,1352,2025-02-02,Card
7484,328,846,3,596,1788,2024-09-25,COD
7485,94,1301,4,331,1324,2024-12-13,COD
7486,1652,117,1,499,499,2024-07-03,COD
7487,228,1958,3,470,1410,2024-10-13,UPI
7488,1515,1870,1,166,166,2024-02-02,COD
7489,951,573,1,361,361,2025-01-14,COD
7490,695,1748,4,557,2228,2025-01-12,COD
7491,956,1516,1,268,268,2024-03-06,UPI
7492,1710,1407,4,434,1736,2025-01-25,UPI
7493,1574,709,4,102,408,2024-01-21,Card
7494,1727,724,1,489,489,2024-08-25,UPI
7495,780,753,3,237,711,2024-09-06,COD
7496,313,360,4,430,1720,2025-01-04,Card
7497,445,847,2,514,1028,2025-03-24,COD
7498,834,1754,4,148,592,2024-05-10,Card
7499,769,190,4,368,1472,2024-12-20,Card
7500,265,1169,4,478,1912,2024-04-09,UPI
7501,1699,1245,2,274,548,2024-01-10,COD
7502,1132,1055,1,138,138,2024-09-20,UPI
7503,1776,325,1,514,514,2025-01-24,Card
7504,607,379,3,289,867,2024-12-12,Card
7505,1918,1400,3,543,1629,2024-12-31,Card
7506,824,14,3,545,1635,2024-10-10,COD
7507,270,1157,4,589,2356,2024-11-10,Card
7508,1263,1831,2,542,1084,2024-06-19,COD
7509,1991,653,2,233,466,2025-02-05,COD
7510,987,1368,3,423,1269,2024-04-18,Card
7511,1325,392,1,514,514,2025-02-20,COD
7512,618,950,4,159,636,2024-09-07,Card
7513,1586,1530,2,421,842,2024-08-31,Card
7514,1372,1,4,261,1044,2024-11-16,UPI
7515,989,173,1,222,222,2024-12-15,Card
7516,1657,1195,4,106,424,2025-01-14,UPI
7517,871,152,1,355,355,2025-05-07,UPI
7518,1145,768,1,597,597,2024-01-16,UPI
7519,762,631,2,196,392,2024-11-30,COD
7520,589,1555,2,454,908,2024-10-16,Card
7521,1816,144,3,117,351,2024-11-10,COD
7522,1548,1862,2,494,988,2024-10-31,Card
7523,1878,1436,4,390,1560,2024-08-31,COD
7524,867,317,4,200,800,2025-01-05,Card
7525,1512,1592,2,357,714,2024-03-17,Card
7526,788,1260,4,342,1368,2024-10-04,UPI
7527,647,1102,1,217,217,2025-01-18,Card
7528,1433,975,3,504,1512,2024-04-25,UPI
7529,1816,1633,2,237,474,2024-01-03,Card
7530,835,581,1,313,313,2024-05-08,UPI
7531,1897,1021,1,197,197,2024-09-28,COD
7532,904,1800,2,188,376,2024-12-28,UPI
7533,1329,797,2,369,738,2024-01-30,Card
7534,952,157,2,413,826,2025-03-19,Card
7535,1452,1124,1,252,252,2024-01-14,UPI
7536,191,1412,3,325,975,2025-05-03,UPI
7537,483,70,3,422,1266,2024-11-05,COD
7538,613,1812,2,202,404,2024-11-06,Card
7539,1774,434,3,149,447,2024-03-07,UPI
7540,1489,710,2,167,334,2025-04-19,COD
7541,335,1105,1,500,500,2024-11-22,COD
7542,592,1371,4,237,948,2025-01-30,Card
7543,1665,816,2,293,586,2025-03-10,UPI
7544,255,913,4,355,1420,2024-12-29,Card
7545,1864,1544,3,448,1344,2024-08-17,Card
7546,1721,476,4,338,1352,2024-06-18,Card
7547,1903,1160,4,381,1524,2024-05-02,UPI
7548,17,1565,2,191,382,2024-01-20,UPI
7549,1626,265,4,139,556,2024-04-05,UPI
7550,532,1388,2,172,344,2024-08-04,COD
7551,1424,1504,1,414,414,2024-11-29,UPI
7552,634,341,2,517,1034,2025-02-06,UPI
7553,126,561,1,196,196,2025-01-13,Card
7554,1559,236,1,229,229,2025-01-03,UPI
7555,1082,1597,2,151,302,2025-01-08,Card
7556,806,320,1,277,277,2024-05-18,Card
7557,1566,1342,4,436,1744,2024-11-29,COD
7558,1506,674,2,452,904,2024-02-20,Card
7559,989,549,1,158,158,2024-07-18,UPI
7560,887,484,4,436,1744,2024-05-27,COD
7561,675,161,3,198,594,2024-11-13,COD
7562,318,882,4,161,644,2025-01-13,Card
7563,44,441,1,335,335,2025-03-25,Card
7564,466,785,2,243,486,2024-09-09,Card
7565,1829,17,1,496,496,2025-05-14,Card
7566,279,127,3,258,774,2025-02-24,COD
7567,1450,1898,1,482,482,2024-05-03,Card
7568,871,1286,3,270,810,2025-03-17,Card
7569,748,1280,4,117,468,2025-01-10,UPI
7570,1636,364,2,435,870,2024-04-18,COD
7571,416,734,2,593,1186,2024-04-24,Card
7572,1614,1005,3,108,324,2024-01-06,UPI
7573,1571,596,1,519,519,2024-11-11,COD
7574,762,700,4,503,2012,2024-05-03,UPI
7575,566,827,4,380,1520,2024-04-02,UPI
7576,1283,975,2,504,1008,2024-02-16,UPI
7577,560,1325,1,163,163,2025-01-15,UPI
7578,260,1042,4,520,2080,2024-12-08,COD
7579,1514,1690,2,251,502,2024-06-14,Card
7580,813,109,4,127,508,2024-07-28,COD
7581,471,288,2,102,204,2024-09-22,COD
7582,804,1796,3,146,438,2024-06-06,COD
7583,620,1324,2,539,1078,2025-01-14,UPI
7584,1922,458,2,229,458,2024-01-04,COD
7585,1746,128,1,572,572,2025-01-01,COD
7586,359,490,4,291,1164,2024-05-18,COD
7587,1605,1616,4,245,980,2025-02-07,COD
7588,302,1871,2,344,688,2024-02-16,UPI
7589,1197,939,1,205,205,2024-01-28,Card
7590,1684,979,1,116,116,2024-11-26,COD
7591,70,1902,3,432,1296,2025-04-16,Card
7592,219,1685,1,137,137,2025-03-18,COD
7593,388,1214,4,354,1416,2024-02-08,COD
7594,445,946,2,295,590,2025-03-17,Card
7595,1927,1747,3,593,1779,2024-08-05,COD
7596,72,978,1,365,365,2024-02-07,Card
7597,1897,953,4,490,1960,2024-05-28,COD
7598,124,1735,2,437,874,2024-06-21,UPI
7599,1578,270,3,303,909,2024-11-10,UPI
7600,895,1955,1,244,244,2024-04-07,Card
7601,53,206,2,387,774,2024-09-21,UPI
7602,1139,1758,2,575,1150,2024-05-13,Card
7603,667,581,3,313,939,2024-08-14,COD
7604,308,1358,1,222,222,2024-10-02,UPI
7605,883,1962,3,572,1716,2024-10-27,COD
7606,1733,711,3,559,1677,2024-08-12,UPI
7607,1084,214,1,484,484,2024-07-08,UPI
7608,1236,269,4,106,424,2024-05-07,Card
7609,1071,455,3,251,753,2024-01-31,UPI
7610,1150,849,4,212,848,2024-08-20,UPI
7611,723,231,3,542,1626,2025-01-25,COD
7612,154,22,2,210,420,2024-05-14,Card
7613,28,1645,1,571,571,2025-03-29,Card
7614,119,1097,1,385,385,2024-07-25,Card
7615,358,1454,3,455,1365,2024-04-01,Card
7616,1005,271,1,588,588,2024-09-06,UPI
7617,1810,629,1,116,116,2024-11-12,UPI
7618,1611,1342,3,436,1308,2024-10-02,Card
7619,203,557,1,406,406,2025-02-08,COD
7620,1389,1642,1,114,114,2024-03-30,Card
7621,1022,262,2,183,366,2024-07-14,COD
7622,798,1242,3,178,534,2024-03-30,Card
7623,1363,25,1,559,559,2025-01-22,UPI
7624,439,828,2,474,948,2025-02-27,COD
7625,753,1254,3,202,606,2024-04-26,Card
7626,1293,363,4,116,464,2024-05-20,Card
7627,1796,1484,2,565,1130,2025-02-27,COD
7628,17,1436,2,390,780,2025-02-16,COD
7629,403,957,2,212,424,2025-01-21,UPI
7630,598,1924,4,179,716,2024-01-16,COD
7631,425,158,3,505,1515,2025-03-21,UPI
7632,1846,1651,3,467,1401,2024-04-06,Card
7633,922,1359,4,227,908,2025-04-22,Card
7634,867,1273,1,585,585,2024-04-30,COD
7635,671,1066,3,310,930,2024-07-15,UPI
7636,1727,393,4,220,880,2025-05-13,COD
7637,301,1148,1,268,268,2024-06-11,UPI
7638,1857,1518,2,272,544,2024-09-13,COD
7639,532,1149,3,508,1524,2025-05-11,Card
7640,717,136,1,241,241,2025-05-10,COD
7641,1961,1157,3,589,1767,2025-01-15,Card
7642,36,656,2,390,780,2024-02-18,Card
7643,324,259,2,289,578,2024-02-26,COD
7644,683,931,1,414,414,2024-03-13,COD
7645,1834,1496,3,171,513,2025-04-12,UPI
7646,590,1961,3,394,1182,2024-04-11,UPI
7647,1130,486,1,382,382,2025-03-23,Card
7648,493,1698,3,521,1563,2024-11-25,COD
7649,1863,1993,2,255,510,2024-08-13,UPI
7650,429,1322,1,354,354,2024-02-17,Card
7651,1815,317,2,200,400,2024-05-18,UPI
7652,45,377,1,297,297,2025-02-02,COD
7653,515,1080,3,124,372,2025-04-04,COD
7654,214,1794,4,329,1316,2025-05-13,COD
7655,1048,1133,3,271,813,2024-11-03,Card
7656,250,1490,3,118,354,2024-06-30,UPI
7657,68,676,1,391,391,2024-05-08,Card
7658,812,496,2,217,434,2024-11-15,UPI
7659,292,1062,4,453,1812,2024-03-16,Card
7660,1804,887,1,577,577,2025-02-18,Card
7661,74,531,4,166,664,2024-08-30,UPI
7662,1059,1235,2,218,436,2024-12-26,COD
7663,1834,1342,2,436,872,2024-01-10,COD
7664,117,1363,4,326,1304,2024-01-20,UPI
7665,1550,1325,3,163,489,2025-02-21,Card
7666,1344,1943,4,206,824,2024-06-18,COD
7667,919,197,2,555,1110,2024-08-16,Card
7668,1777,876,1,390,390,2024-04-08,UPI
7669,1891,207,4,269,1076,2024-01-28,COD
7670,1888,1042,2,520,1040,2025-01-30,UPI
7671,1105,1129,1,579,579,2024-09-19,UPI
7672,240,1533,1,150,150,2025-02-07,Card
7673,1922,495,1,572,572,2024-05-11,COD
7674,1912,1377,1,557,557,2024-05-14,UPI
7675,56,133,1,483,483,2024-03-24,COD
7676,1952,890,2,192,384,2024-02-29,Card
7677,544,284,1,493,493,2024-04-07,COD
7678,784,480,1,318,318,2024-12-01,UPI
7679,835,240,4,379,1516,2024-05-08,UPI
7680,290,684,2,347,694,2024-05-12,UPI
7681,1374,320,2,277,554,2024-12-01,COD
7682,1230,1230,3,523,1569,2024-03-14,COD
7683,374,841,3,317,951,2024-09-14,UPI
7684,738,654,1,272,272,2024-09-26,UPI
7685,1367,1213,2,160,320,2024-07-12,Card
7686,438,741,4,184,736,2024-07-01,Card
7687,1967,464,3,426,1278,2024-02-07,UPI
7688,657,1426,4,338,1352,2025-04-22,COD
7689,134,1504,4,414,1656,2024-05-05,COD
7690,1492,1442,1,227,227,2024-06-15,UPI
7691,792,830,3,133,399,2024-06-05,COD
7692,240,1999,4,221,884,2025-03-19,UPI
7693,1465,1497,1,574,574,2025-01-30,Card
7694,1974,678,2,159,318,2024-01-06,UPI
7695,622,685,4,300,1200,2024-09-21,UPI
7696,581,1871,3,344,1032,2024-01-16,Card
7697,1049,180,4,459,1836,2024-05-23,COD
7698,1414,1709,2,117,234,2024-06-11,Card
7699,121,283,3,426,1278,2024-10-19,COD
7700,88,1679,1,572,572,2024-10-06,UPI
7701,1671,1485,4,277,1108,2024-02-13,COD
7702,408,1965,4,367,1468,2024-01-19,UPI
7703,1574,664,4,572,2288,2025-03-04,COD
7704,1116,1741,1,590,590,2024-04-24,UPI
7705,1707,1157,1,589,589,2024-01-24,Card
7706,326,1711,2,328,656,2024-02-20,UPI
7707,560,834,2,485,970,2025-03-29,COD
7708,710,59,3,468,1404,2025-03-25,Card
7709,198,1526,1,600,600,2024-06-09,COD
7710,1571,1010,1,397,397,2025-05-06,COD
7711,385,1082,3,270,810,2024-08-09,COD
7712,1543,1909,4,122,488,2024-04-27,UPI
7713,854,97,3,346,1038,2025-05-13,COD
7714,1660,1194,2,324,648,2025-04-08,Card
7715,974,1007,2,208,416,2024-02-13,Card
7716,340,1663,2,270,540,2024-04-03,UPI
7717,537,1937,4,151,604,2024-09-04,COD
7718,1012,582,1,524,524,2024-03-23,COD
7719,1446,1660,2,600,1200,2024-03-14,COD
7720,248,1522,4,319,1276,2025-01-13,Card
7721,904,1918,4,560,2240,2024-05-21,UPI
7722,283,1099,2,277,554,2024-11-26,Card
7723,1094,151,3,472,1416,2024-08-20,COD
7724,526,64,4,325,1300,2025-02-13,UPI
7725,1239,150,1,489,489,2024-01-05,COD
7726,1870,1303,2,561,1122,2025-05-01,COD
7727,850,1027,4,595,2380,2025-01-04,COD
7728,1066,986,1,188,188,2025-02-11,Card
7729,1167,616,4,141,564,2024-09-03,UPI
7730,1082,497,2,270,540,2025-03-14,Card
7731,514,586,4,198,792,2025-03-08,COD
7732,1543,795,2,321,642,2024-05-03,Card
7733,1032,711,4,559,2236,2024-07-25,COD
7734,424,851,2,598,1196,2024-08-29,COD
7735,1320,1565,1,191,191,2024-05-23,COD
7736,36,465,2,264,528,2025-03-01,COD
7737,1075,676,2,391,782,2024-09-14,UPI
7738,1012,1320,1,463,463,2024-06-15,COD
7739,22,746,4,118,472,2025-04-25,UPI
7740,1103,922,4,207,828,2024-08-11,COD
7741,313,1399,3,541,1623,2024-06-18,Card
7742,936,404,1,203,203,2024-09-24,COD
7743,326,1950,1,497,497,2024-06-10,Card
7744,690,1367,2,420,840,2024-04-22,Card
7745,1890,986,3,188,564,2024-12-01,COD
7746,1789,1425,3,430,1290,2024-07-05,UPI
7747,192,929,1,595,595,2024-09-10,COD
7748,1229,414,1,586,586,2024-01-26,UPI
7749,284,1103,3,427,1281,2024-06-26,Card
7750,480,1452,4,217,868,2024-12-10,COD
7751,1024,392,4,514,2056,2024-11-23,COD
7752,1071,1191,2,567,1134,2025-04-25,UPI
7753,1052,828,4,474,1896,2025-01-14,COD
7754,970,1027,2,595,1190,2024-05-25,COD
7755,11,1872,4,347,1388,2025-02-09,UPI
7756,613,291,4,503,2012,2025-04-24,COD
7757,987,1242,3,178,534,2024-05-02,UPI
7758,617,760,4,241,964,2025-03-25,Card
7759,1141,679,1,414,414,2024-03-18,UPI
7760,1890,511,3,235,705,2024-06-24,COD
7761,947,41,1,377,377,2024-03-29,COD
7762,494,117,1,499,499,2024-06-22,UPI
7763,1891,1423,4,221,884,2024-05-09,Card
7764,1742,1338,2,564,1128,2024-06-24,COD
7765,1774,1160,2,381,762,2025-03-31,COD
7766,1962,653,4,233,932,2025-02-16,COD
7767,294,1761,4,133,532,2024-04-17,Card
7768,412,1392,4,395,1580,2025-05-04,Card
7769,1345,271,4,588,2352,2025-03-25,UPI
7770,1907,1563,4,248,992,2024-12-24,COD
7771,381,1193,1,331,331,2024-03-20,Card
7772,1858,376,2,212,424,2025-05-07,Card
7773,1779,1906,4,378,1512,2024-05-01,Card
7774,224,20,4,517,2068,2024-07-29,COD
7775,775,711,2,559,1118,2025-02-06,COD
7776,911,814,4,560,2240,2024-01-28,UPI
7777,1443,1728,3,508,1524,2024-08-04,COD
7778,1235,648,4,530,2120,2024-04-07,Card
7779,461,311,2,209,418,2024-03-21,COD
7780,967,1935,3,505,1515,2024-03-04,UPI
7781,1366,1962,2,572,1144,2024-11-17,COD
7782,614,1224,1,456,456,2024-06-03,UPI
7783,1309,48,4,343,1372,2024-06-06,Card
7784,821,604,3,367,1101,2025-04-05,UPI
7785,1082,469,1,274,274,2024-06-16,Card
7786,646,929,1,595,595,2025-02-24,Card
7787,744,776,1,123,123,2025-01-12,UPI
7788,1375,634,4,261,1044,2024-12-08,UPI
7789,338,1062,1,453,453,2024-08-19,Card
7790,1331,1511,4,534,2136,2025-02-17,Card
7791,936,1571,4,370,1480,2024-04-05,UPI
7792,1666,287,1,119,119,2025-04-17,Card
7793,1945,1083,4,484,1936,2024-12-27,COD
7794,1809,1751,1,476,476,2025-03-15,UPI
7795,126,986,4,188,752,2024-09-14,UPI
7796,522,381,3,582,1746,2024-12-19,UPI
7797,1376,910,1,513,513,2024-03-09,COD
7798,236,1198,2,453,906,2024-07-27,UPI
7799,354,518,3,556,1668,2024-09-13,UPI
7800,1881,1345,2,534,1068,2024-09-14,Card
7801,1845,83,1,210,210,2025-02-06,COD
7802,1499,1377,3,557,1671,2024-10-10,UPI
7803,1204,1279,4,149,596,2025-01-22,UPI
7804,1585,1276,2,573,1146,2024-08-24,Card
7805,707,1997,4,553,2212,2024-01-16,COD
7806,1831,739,1,303,303,2025-05-07,Card
7807,49,1293,2,434,868,2025-01-03,Card
7808,181,289,4,203,812,2024-12-28,Card
7809,1417,1633,3,237,711,2024-10-31,COD
7810,1359,838,3,214,642,2024-03-11,UPI
7811,1109,1598,1,350,350,2025-04-11,COD
7812,1540,36,3,365,1095,2024-02-05,UPI
7813,1537,1436,1,390,390,2024-08-06,COD
7814,1976,276,1,431,431,2024-07-19,UPI
7815,606,1103,4,427,1708,2024-08-21,COD
7816,1278,800,2,296,592,2024-11-18,COD
7817,436,1599,2,600,1200,2025-04-01,Card
7818,562,222,4,340,1360,2024-09-13,COD
7819,922,1537,2,388,776,2024-10-01,Card
7820,1017,1483,3,219,657,2024-04-07,Card
7821,1070,390,4,319,1276,2025-05-13,Card
7822,698,1344,1,306,306,2025-03-11,COD
7823,932,1070,3,215,645,2025-03-18,Card
7824,162,579,4,400,1600,2024-09-19,COD
7825,1930,1132,2,386,772,2025-01-25,UPI
7826,1355,1375,1,366,366,2024-08-15,Card
7827,1357,992,2,102,204,2024-04-04,UPI
7828,326,1419,3,409,1227,2024-04-19,Card
7829,610,1067,3,235,705,2025-01-20,COD
7830,588,984,1,503,503,2024-12-18,UPI
7831,1969,701,4,218,872,2024-06-07,COD
7832,1141,1210,3,266,798,2024-01-16,UPI
7833,387,1231,1,199,199,2024-03-17,UPI
7834,1110,797,2,369,738,2024-11-06,COD
7835,427,467,4,565,2260,2024-07-19,COD
7836,916,718,3,227,681,2024-07-06,UPI
7837,673,239,4,277,1108,2024-10-08,COD
7838,715,1699,2,223,446,2024-03-05,UPI
7839,179,259,1,289,289,2024-01-17,UPI
7840,1159,1539,4,435,1740,2024-08-02,UPI
7841,1655,53,1,302,302,2024-10-24,Card
7842,651,1783,4,254,1016,2024-09-12,UPI
7843,1224,1997,4,553,2212,2025-01-20,COD
7844,559,1056,3,548,1644,2025-03-27,COD
7845,1563,1217,3,259,777,2024-05-10,Card
7846,1878,1433,2,562,1124,2024-10-20,COD
7847,1145,380,3,375,1125,2025-04-04,Card
7848,1174,480,4,318,1272,2024-07-29,Card
7849,1298,1612,1,369,369,2025-04-28,UPI
7850,1657,89,1,370,370,2024-10-25,Card
7851,1674,606,3,241,723,2024-11-15,UPI
7852,1636,1748,4,557,2228,2025-02-26,Card
7853,1006,1840,1,359,359,2024-10-07,COD
7854,1849,738,3,358,1074,2024-12-21,COD
7855,698,984,2,503,1006,2024-01-22,COD
7856,1249,1091,4,474,1896,2024-11-06,UPI
7857,1088,871,2,596,1192,2024-07-26,UPI
7858,901,1843,3,271,813,2024-11-19,COD
7859,970,896,4,384,1536,2024-03-30,COD
7860,251,1825,4,542,2168,2024-02-28,COD
7861,1241,461,1,261,261,2025-04-09,Card
7862,1164,579,3,400,1200,2024-07-29,COD
7863,1029,1285,3,569,1707,2024-03-18,UPI
7864,240,1534,1,530,530,2024-04-29,UPI
7865,1875,1401,1,325,325,2024-04-18,COD
7866,771,1666,1,404,404,2025-03-25,COD
7867,869,56,2,289,578,2025-04-07,COD
7868,936,1710,4,360,1440,2024-10-12,COD
7869,931,1484,1,565,565,2025-04-05,UPI
7870,1385,714,4,530,2120,2025-03-30,Card
7871,944,914,4,150,600,2024-05-03,UPI
7872,1041,339,4,197,788,2024-01-30,COD
7873,1408,929,1,595,595,2024-08-23,COD
7874,1853,1955,1,244,244,2024-06-11,UPI
7875,1879,1898,1,482,482,2024-10-24,Card
7876,1585,1764,3,381,1143,2025-04-05,Card
7877,1361,763,3,492,1476,2025-02-16,UPI
7878,1977,398,2,574,1148,2024-01-01,COD
7879,1429,557,1,406,406,2024-11-07,Card
7880,1036,13,4,267,1068,2025-01-19,Card
7881,502,1503,1,406,406,2025-02-27,UPI
7882,518,808,4,172,688,2024-06-05,COD
7883,1607,1022,1,220,220,2025-05-04,Card
7884,740,1100,2,443,886,2024-01-31,UPI
7885,88,1174,4,545,2180,2024-06-02,Card
7886,217,1571,4,370,1480,2024-09-26,COD
7887,1368,1480,3,534,1602,2024-09-22,COD
7888,1708,1628,4,598,2392,2024-06-08,UPI
7889,1095,497,2,270,540,2024-02-07,UPI
7890,322,1795,3,364,1092,2025-02-15,Card
7891,1031,922,4,207,828,2025-03-23,UPI
7892,905,1731,3,296,888,2024-07-01,COD
7893,1294,1260,4,342,1368,2024-02-18,COD
7894,1331,1278,1,383,383,2024-09-28,UPI
7895,1333,896,3,384,1152,2025-01-27,UPI
7896,1717,1777,2,317,634,2024-05-17,COD
7897,1440,1418,1,408,408,2024-10-18,Card
7898,1421,1397,1,285,285,2024-03-10,Card
7899,945,1926,4,392,1568,2024-06-18,Card
7900,306,138,3,189,567,2024-05-14,UPI
7901,1501,47,3,338,1014,2025-03-20,COD
7902,981,337,4,585,2340,2024-12-26,COD
7903,1915,1315,4,488,1952,2024-01-28,Card
7904,440,270,4,303,1212,2024-06-12,COD
7905,1731,1055,4,138,552,2025-04-12,COD
7906,385,217,1,163,163,2024-04-10,COD
7907,1859,596,2,519,1038,2025-05-08,COD
7908,1430,681,4,338,1352,2024-01-13,COD
7909,541,214,2,484,968,2024-11-05,UPI
7910,1666,1642,4,114,456,2025-03-12,UPI
7911,257,331,3,583,1749,2024-03-13,COD
7912,1926,1777,1,317,317,2024-12-22,COD
7913,701,1914,1,104,104,2025-04-20,UPI
7914,505,1561,3,523,1569,2024-05-16,Card
7915,1820,830,2,133,266,2025-05-13,Card
7916,771,1771,2,466,932,2024-06-25,COD
7917,600,139,2,456,912,2024-09-23,COD
7918,906,122,4,301,1204,2024-04-23,Card
7919,333,80,4,287,1148,2025-03-23,UPI
7920,573,1382,2,546,1092,2024-08-05,UPI
7921,504,149,4,191,764,2024-12-14,COD
7922,1336,324,4,138,552,2024-05-29,Card
7923,115,1946,4,151,604,2024-10-02,UPI
7924,1072,1577,4,366,1464,2024-05-14,UPI
7925,48,1172,4,433,1732,2025-02-28,UPI
7926,195,369,3,296,888,2024-12-07,Card
7927,1937,1831,1,542,542,2024-08-29,COD
7928,366,1186,2,504,1008,2024-03-21,Card
7929,1726,1883,1,149,149,2024-04-23,UPI
7930,1945,127,4,258,1032,2024-01-15,Card
7931,236,501,3,300,900,2024-05-13,Card
7932,368,802,3,315,945,2025-04-24,UPI
7933,1454,955,3,214,642,2024-08-24,Card
7934,1626,1788,2,362,724,2025-01-12,Card
7935,1814,692,3,239,717,2024-09-10,UPI
7936,1472,373,3,596,1788,2024-08-18,Card
7937,1364,97,4,346,1384,2025-05-02,UPI
7938,354,709,3,102,306,2025-04-21,UPI
7939,890,811,4,273,1092,2025-02-11,COD
7940,1711,775,1,292,292,2024-06-23,UPI
7941,1367,344,2,102,204,2025-02-09,COD
7942,1305,1426,2,338,676,2024-09-20,COD
7943,810,111,2,554,1108,2025-03-26,Card
7944,677,1089,4,561,2244,2025-01-28,COD
7945,118,1862,3,494,1482,2024-07-01,UPI
7946,1856,462,4,435,1740,2024-06-02,UPI
7947,862,1359,1,227,227,2024-02-19,COD
7948,736,1513,4,218,872,2025-01-05,UPI
7949,1550,1238,4,432,1728,2025-02-01,Card
7950,919,1384,1,539,539,2025-04-03,COD
7951,692,1186,3,504,1512,2025-01-17,COD
7952,295,1672,4,200,800,2025-04-04,COD
7953,1318,1377,4,557,2228,2024-08-08,UPI
7954,1831,847,2,514,1028,2024-05-31,COD
7955,1201,1259,2,267,534,2024-01-25,UPI
7956,1903,259,3,289,867,2024-04-25,Card
7957,1680,1947,3,195,585,2024-04-17,COD
7958,1016,487,1,418,418,2024-06-21,COD
7959,1887,1239,4,594,2376,2024-12-26,UPI
7960,562,1676,3,216,648,2024-09-09,Card
7961,1268,460,1,581,581,2025-05-09,COD
7962,987,1317,1,290,290,2024-08-16,Card
7963,70,55,4,253,1012,2024-05-20,COD
7964,784,226,1,368,368,2024-09-29,COD
7965,525,714,2,530,1060,2024-08-30,Card
7966,892,1558,2,124,248,2024-07-28,Card
7967,967,1354,1,399,399,2025-03-09,COD
7968,1832,1850,1,469,469,2025-04-22,Card
7969,1503,36,1,365,365,2024-03-16,Card
7970,1104,1436,2,390,780,2024-09-12,UPI
7971,19,1265,2,147,294,2024-03-23,Card
7972,635,1522,2,319,638,2024-05-22,COD
7973,983,1115,1,385,385,2025-04-03,COD
7974,1249,225,1,599,599,2025-03-21,Card
7975,273,1010,4,397,1588,2024-04-17,COD
7976,280,1544,4,448,1792,2025-04-04,UPI
7977,1530,524,1,213,213,2025-02-26,COD
7978,1035,276,4,431,1724,2024-06-01,UPI
7979,860,1241,1,369,369,2025-05-01,Card
7980,369,1166,4,588,2352,2025-03-03,COD
7981,156,376,3,212,636,2024-10-04,Card
7982,1384,1127,4,449,1796,2025-03-03,UPI
7983,1355,1388,2,172,344,2024-12-09,Card
7984,1373,1384,4,539,2156,2024-04-11,Card
7985,388,1046,1,172,172,2025-03-30,COD
7986,774,766,3,251,753,2024-11-20,Card
7987,1962,1842,4,581,2324,2024-01-20,COD
7988,1427,529,3,359,1077,2025-01-11,UPI
7989,1591,553,3,525,1575,2024-08-10,UPI
7990,1210,1804,2,421,842,2024-10-12,COD
7991,1160,788,4,199,796,2024-07-10,UPI
7992,1280,1993,1,255,255,2024-12-01,UPI
7993,1659,545,4,492,1968,2025-03-30,Card
7994,222,1067,1,235,235,2024-12-11,UPI
7995,483,321,2,317,634,2024-08-08,COD
7996,115,394,1,479,479,2024-02-02,COD
7997,346,1046,3,172,516,2024-03-05,COD
7998,1617,1490,1,118,118,2024-04-16,COD
7999,1629,1741,1,590,590,2024-06-16,COD
8000,434,81,1,172,172,2024-11-30,Card
8001,432,386,4,323,1292,2024-08-26,COD
8002,445,1737,3,537,1611,2024-08-01,UPI
8003,692,1991,1,136,136,2024-09-16,COD
8004,596,203,4,303,1212,2024-01-18,COD
8005,420,351,3,343,1029,2024-04-01,UPI
8006,798,507,2,529,1058,2024-04-25,COD
8007,722,1972,3,423,1269,2024-05-11,UPI
8008,1929,110,2,200,400,2025-03-07,COD
8009,1587,1868,1,511,511,2024-01-02,UPI
8010,759,223,2,426,852,2024-12-15,UPI
8011,959,520,3,296,888,2024-10-11,COD
8012,942,607,1,263,263,2024-01-07,Card
8013,949,881,1,124,124,2025-04-22,Card
8014,4,1507,3,599,1797,2024-10-05,Card
8015,85,341,4,517,2068,2024-02-09,UPI
8016,150,1739,4,253,1012,2024-03-21,Card
8017,372,631,4,196,784,2024-03-22,Card
8018,1232,1303,3,561,1683,2025-02-16,Card
8019,956,327,1,424,424,2024-11-24,UPI
8020,785,403,3,468,1404,2024-11-30,Card
8021,1547,1002,3,189,567,2024-11-04,Card
8022,5,263,1,242,242,2024-06-24,COD
8023,1145,458,3,229,687,2024-01-04,UPI
8024,580,1416,3,411,1233,2024-12-26,UPI
8025,1855,1770,3,107,321,2025-05-04,UPI
8026,1820,1582,4,104,416,2025-03-03,COD
8027,1182,1479,1,208,208,2025-03-22,UPI
8028,1687,757,2,393,786,2025-02-01,UPI
8029,1190,1397,2,285,570,2024-02-27,COD
8030,711,1077,1,325,325,2024-05-18,COD
8031,431,16,4,588,2352,2024-03-30,Card
8032,132,1921,4,432,1728,2024-01-15,COD
8033,1641,1799,1,575,575,2025-05-09,Card
8034,924,1782,4,534,2136,2025-04-03,Card
8035,1898,138,4,189,756,2025-01-01,UPI
8036,1072,1378,3,404,1212,2024-07-27,UPI
8037,275,1548,4,178,712,2025-02-17,Card
8038,1052,1912,3,430,1290,2024-06-05,Card
8039,510,1874,3,482,1446,2024-09-10,UPI
8040,839,885,4,172,688,2024-03-13,Card
8041,374,696,4,244,976,2025-01-13,UPI
8042,1228,412,4,321,1284,2024-04-24,COD
8043,1190,1646,1,440,440,2024-11-09,COD
8044,1381,1274,1,101,101,2025-03-07,UPI
8045,1083,1640,1,170,170,2024-03-29,UPI
8046,1091,444,3,544,1632,2025-01-22,UPI
8047,1517,1656,4,161,644,2024-06-09,COD
8048,778,219,3,338,1014,2024-01-24,COD
8049,1228,1106,2,458,916,2024-09-26,UPI
8050,1056,14,1,545,545,2025-01-09,COD
8051,976,558,2,233,466,2024-02-15,UPI
8052,1828,780,1,345,345,2024-10-12,UPI
8053,502,1370,1,164,164,2024-12-20,UPI
8054,1821,1358,1,222,222,2024-11-13,UPI
8055,276,309,1,327,327,2024-10-31,COD
8056,1260,1246,3,120,360,2024-10-03,COD
8057,785,339,3,197,591,2024-08-04,Card
8058,868,1066,3,310,930,2024-06-07,COD
8059,113,1019,1,273,273,2024-07-23,UPI
8060,669,590,4,233,932,2025-03-30,UPI
8061,1875,1915,3,375,1125,2024-06-07,UPI
8062,92,1520,2,540,1080,2024-05-22,COD
8063,576,713,1,200,200,2024-01-07,Card
8064,532,560,1,111,111,2024-12-16,Card
8065,1183,928,2,235,470,2025-03-20,UPI
8066,460,1803,2,254,508,2024-02-28,UPI
8067,1856,680,3,211,633,2024-12-03,UPI
8068,532,1058,3,286,858,2024-12-04,UPI
8069,979,1094,2,204,408,2024-03-05,Card
8070,14,1933,2,468,936,2024-03-19,COD
8071,407,433,3,596,1788,2025-02-11,Card
8072,19,633,2,448,896,2024-08-05,COD
8073,1234,464,4,426,1704,2025-02-07,Card
8074,331,1117,3,551,1653,2024-09-27,UPI
8075,1817,439,2,384,768,2024-01-24,Card
8076,1624,578,1,498,498,2024-03-09,COD
8077,130,1522,4,319,1276,2025-05-11,Card
8078,663,1031,2,348,696,2024-03-29,UPI
8079,1154,147,1,208,208,2025-04-27,COD
8080,1992,940,4,447,1788,2024-01-03,COD
8081,1371,1324,3,539,1617,2024-11-20,UPI
8082,914,1215,1,345,345,2024-03-29,COD
8083,427,1487,3,188,564,2024-10-27,COD
8084,1229,537,3,555,1665,2024-08-10,UPI
8085,1623,932,2,476,952,2024-10-11,COD
8086,1737,701,2,218,436,2025-05-02,Card
8087,1253,1554,1,495,495,2024-01-17,COD
8088,1431,321,4,317,1268,2024-09-12,UPI
8089,688,942,2,261,522,2024-07-24,COD
8090,33,1645,2,571,1142,2024-05-27,COD
8091,1705,1565,1,191,191,2024-10-26,UPI
8092,1433,239,1,277,277,2024-12-30,UPI
8093,1755,1725,1,278,278,2024-03-04,UPI
8094,1319,339,4,197,788,2024-07-23,COD
8095,1233,793,4,124,496,2025-04-04,COD
8096,660,613,3,381,1143,2024-12-05,COD
8097,63,322,1,311,311,2024-01-16,UPI
8098,1547,1633,4,237,948,2024-05-11,COD
8099,611,395,2,393,786,2024-03-05,Card
8100,1647,259,3,289,867,2025-05-06,COD
8101,1292,6,2,133,266,2025-02-03,Card
8102,258,1034,2,303,606,2024-03-07,COD
8103,899,440,2,179,358,2025-01-17,Card
8104,43,839,3,380,1140,2024-08-17,UPI
8105,1104,1449,2,174,348,2024-01-04,Card
8106,553,335,2,265,530,2025-04-08,COD
8107,364,1981,2,148,296,2024-01-03,Card
8108,1480,1208,2,389,778,2024-03-14,Card
8109,1203,1325,1,163,163,2024-10-30,COD
8110,548,257,3,422,1266,2025-05-13,Card
8111,1000,252,2,537,1074,2024-07-12,Card
8112,273,1864,2,221,442,2025-05-10,Card
8113,43,1402,4,290,1160,2024-05-02,COD
8114,67,69,3,262,786,2024-02-20,COD
8115,720,365,2,476,952,2024-05-05,UPI
8116,66,1211,4,134,536,2024-11-02,UPI
8117,803,1376,2,148,296,2025-01-07,Card
8118,1818,156,1,185,185,2024-04-15,UPI
8119,718,753,2,237,474,2024-01-02,COD
8120,906,701,4,218,872,2024-12-09,COD
8121,1538,129,1,495,495,2024-10-01,COD
8122,640,746,4,118,472,2025-04-01,COD
8123,1541,301,3,297,891,2024-09-14,UPI
8124,1508,1672,4,200,800,2024-05-26,UPI
8125,564,1501,2,417,834,2025-03-10,Card
8126,893,1144,1,135,135,2025-04-01,Card
8127,1670,1088,4,584,2336,2025-02-14,COD
8128,57,1272,2,319,638,2024-07-02,COD
8129,1633,876,3,390,1170,2024-07-16,UPI
8130,107,331,1,583,583,2025-03-04,COD
8131,107,1553,3,323,969,2024-05-31,COD
8132,1102,46,1,290,290,2024-01-11,COD
8133,1342,1543,2,385,770,2025-02-11,Card
8134,1647,164,2,559,1118,2024-01-13,Card
8135,1743,677,3,281,843,2025-05-04,UPI
8136,532,1882,3,377,1131,2024-10-26,Card
8137,334,893,2,525,1050,2024-02-07,COD
8138,1107,1871,2,344,688,2024-02-25,COD
8139,1760,1054,1,253,253,2024-05-22,UPI
8140,506,1539,1,435,435,2025-01-12,Card
8141,1617,953,3,490,1470,2024-12-20,Card
8142,1133,1435,4,551,2204,2024-04-18,UPI
8143,1171,1548,4,178,712,2025-03-26,COD
8144,1818,63,2,128,256,2024-08-09,COD
8145,1403,1995,3,462,1386,2024-01-16,Card
8146,1917,616,1,141,141,2024-04-14,COD
8147,801,587,4,534,2136,2024-05-23,COD
8148,450,1394,4,289,1156,2025-05-15,COD
8149,417,451,4,535,2140,2024-11-23,Card
8150,1410,997,3,247,741,2024-04-24,UPI
8151,1446,65,4,106,424,2024-10-09,COD
8152,1660,461,1,261,261,2024-02-03,COD
8153,1396,143,4,356,1424,2024-03-28,COD
8154,302,984,4,503,2012,2025-02-06,Card
8155,1851,1295,3,438,1314,2025-01-09,UPI
8156,927,861,4,390,1560,2024-09-27,UPI
8157,1125,225,1,599,599,2025-04-13,Card
8158,727,9,2,534,1068,2025-03-29,Card
8159,617,952,2,418,836,2025-01-23,COD
8160,934,1912,1,430,430,2024-02-14,Card
8161,825,195,4,150,600,2024-02-01,Card
8162,828,1132,4,386,1544,2024-01-04,Card
8163,1822,611,1,435,435,2024-12-22,UPI
8164,1397,1732,3,482,1446,2025-03-30,COD
8165,293,1133,3,271,813,2024-01-17,Card
8166,621,839,2,380,760,2024-04-13,UPI
8167,642,1246,2,120,240,2024-02-11,Card
8168,1920,1556,3,458,1374,2024-03-09,Card
8169,957,1162,4,267,1068,2025-02-18,Card
8170,14,653,3,233,699,2024-10-12,Card
8171,1842,290,2,414,828,2025-03-04,COD
8172,1629,283,2,426,852,2025-04-24,COD
8173,1638,1882,4,377,1508,2024-10-23,Card
8174,721,1920,4,288,1152,2024-09-25,Card
8175,751,1058,1,286,286,2025-03-21,UPI
8176,1216,1672,3,200,600,2024-07-03,Card
8177,720,1933,2,468,936,2024-09-15,Card
8178,1704,236,2,229,458,2025-04-19,Card
8179,1864,1886,1,189,189,2024-12-17,UPI
8180,975,1463,3,335,1005,2024-02-29,COD
8181,776,238,1,467,467,2024-07-21,Card
8182,379,1073,3,547,1641,2024-08-09,UPI
8183,512,243,3,461,1383,2025-02-25,COD
8184,1168,1113,1,404,404,2025-03-21,UPI
8185,1373,1245,2,274,548,2024-02-12,Card
8186,65,1690,4,251,1004,2024-07-28,Card
8187,547,672,4,216,864,2025-04-10,COD
8188,77,999,4,139,556,2024-08-15,Card
8189,553,1189,2,400,800,2024-09-03,Card
8190,970,485,1,514,514,2024-03-19,Card
8191,252,592,1,467,467,2024-07-19,COD
8192,299,1229,1,205,205,2025-03-01,COD
8193,240,588,1,338,338,2024-08-24,Card
8194,611,1602,2,532,1064,2024-11-19,Card
8195,1214,1662,4,560,2240,2024-09-08,UPI
8196,1247,355,3,288,864,2024-11-11,UPI
8197,1860,947,4,245,980,2024-11-18,Card
8198,490,1119,2,230,460,2025-01-20,COD
8199,1834,1300,3,538,1614,2024-09-28,UPI
8200,234,1001,1,340,340,2025-03-14,Card
8201,1295,1568,4,376,1504,2024-12-01,UPI
8202,725,668,2,370,740,2024-06-25,UPI
8203,727,1160,3,381,1143,2024-04-05,UPI
8204,121,285,1,145,145,2024-10-12,Card
8205,89,913,2,355,710,2024-10-22,Card
8206,31,1083,4,484,1936,2024-08-19,COD
8207,1770,277,2,483,966,2024-12-26,Card
8208,780,126,2,450,900,2025-02-05,Card
8209,479,1370,4,164,656,2024-12-11,Card
8210,1627,969,2,279,558,2025-05-14,Card
8211,923,1584,2,146,292,2024-06-29,UPI
8212,358,1258,1,460,460,2024-06-22,Card
8213,818,1517,1,209,209,2024-11-28,Card
8214,1201,12,2,210,420,2024-06-29,UPI
8215,218,134,4,290,1160,2024-12-13,Card
8216,1635,1598,1,350,350,2025-03-28,UPI
8217,443,1813,3,323,969,2024-10-19,UPI
8218,1981,917,3,262,786,2025-01-10,UPI
8219,1691,74,3,413,1239,2024-07-03,Card
8220,1290,1028,1,504,504,2025-03-06,UPI
8221,122,1695,3,201,603,2025-03-12,UPI
8222,1034,1025,1,302,302,2024-08-13,COD
8223,585,1261,2,232,464,2024-01-12,COD
8224,1732,349,2,165,330,2024-07-18,COD
8225,1375,1756,2,242,484,2024-10-07,Card
8226,1546,222,1,340,340,2024-01-23,COD
8227,1530,74,4,413,1652,2024-05-02,COD
8228,424,839,4,380,1520,2024-12-23,UPI
8229,1382,1435,2,551,1102,2024-07-30,Card
8230,1063,1829,2,304,608,2024-03-04,UPI
8231,274,1084,3,499,1497,2024-01-06,Card
8232,1089,247,4,164,656,2024-10-17,COD
8233,1866,844,1,368,368,2024-05-14,COD
8234,1620,746,1,118,118,2024-08-08,Card
8235,1812,1798,4,413,1652,2024-07-17,Card
8236,305,1466,1,117,117,2024-04-06,COD
8237,1766,318,4,165,660,2024-10-18,Card
8238,926,688,4,219,876,2025-04-10,Card
8239,1754,1619,1,514,514,2024-01-13,UPI
8240,1340,370,4,132,528,2024-01-15,Card
8241,1811,263,1,242,242,2024-09-26,UPI
8242,766,852,4,453,1812,2024-05-24,Card
8243,703,182,4,330,1320,2025-04-04,UPI
8244,415,648,2,530,1060,2024-12-26,Card
8245,902,104,4,499,1996,2024-12-15,COD
8246,118,323,2,438,876,2025-02-04,Card
8247,917,166,2,241,482,2024-05-02,Card
8248,1034,65,1,106,106,2025-02-25,COD
8249,778,277,3,483,1449,2024-08-26,UPI
8250,15,1787,1,274,274,2024-09-09,UPI
8251,1553,1306,3,571,1713,2024-11-22,COD
8252,895,853,3,243,729,2024-01-25,COD
8253,68,1452,2,217,434,2024-09-18,COD
8254,1520,560,4,111,444,2024-02-07,Card
8255,1760,1173,4,169,676,2024-04-10,COD
8256,620,996,3,149,447,2025-04-19,UPI
8257,1342,490,2,291,582,2024-09-07,UPI
8258,1034,1265,1,147,147,2025-05-14,Card
8259,242,1131,1,108,108,2024-02-22,UPI
8260,832,492,1,133,133,2025-04-30,UPI
8261,755,123,1,358,358,2024-02-05,Card
8262,627,369,3,296,888,2024-10-17,UPI
8263,835,1076,2,147,294,2024-07-04,Card
8264,1356,1630,2,519,1038,2025-05-01,Card
8265,1178,140,3,278,834,2024-01-28,UPI
8266,63,1298,3,174,522,2025-02-22,UPI
8267,1864,154,1,288,288,2025-03-15,Card
8268,625,313,4,388,1552,2024-04-11,COD
8269,712,1953,4,321,1284,2024-11-14,COD
8270,671,1235,3,218,654,2024-03-26,UPI
8271,1690,1733,3,250,750,2024-12-27,UPI
8272,869,23,2,494,988,2024-10-30,COD
8273,773,1379,3,397,1191,2025-01-08,COD
8274,1761,510,2,374,748,2024-10-16,COD
8275,1155,1715,3,254,762,2025-02-20,UPI
8276,1951,660,4,232,928,2024-07-17,COD
8277,1451,1036,4,497,1988,2025-01-14,COD
8278,1231,343,1,345,345,2024-01-02,COD
8279,953,1638,1,106,106,2024-02-02,COD
8280,1444,211,1,424,424,2025-03-28,Card
8281,906,795,4,321,1284,2024-02-03,UPI
8282,1927,1714,1,153,153,2025-02-10,Card
8283,1388,1084,4,499,1996,2024-12-21,COD
8284,151,253,2,159,318,2024-12-11,Card
8285,135,894,1,330,330,2025-03-04,UPI
8286,667,765,2,477,954,2024-01-23,UPI
8287,1842,1846,2,508,1016,2024-06-05,COD
8288,1936,1692,3,226,678,2024-06-05,UPI
8289,233,1322,1,354,354,2024-04-18,Card
8290,1614,1405,3,474,1422,2024-01-24,Card
8291,1093,72,4,285,1140,2025-02-16,Card
8292,546,799,2,568,1136,2024-02-08,COD
8293,1717,1823,1,409,409,2025-03-12,UPI
8294,496,534,2,299,598,2024-03-20,UPI
8295,896,1790,1,156,156,2024-12-23,UPI
8296,472,1624,4,125,500,2024-01-29,UPI
8297,121,819,3,298,894,2025-02-21,Card
8298,169,931,2,414,828,2024-11-15,Card
8299,839,1916,4,287,1148,2024-01-09,COD
8300,108,926,3,301,903,2024-12-16,COD
8301,1319,756,3,444,1332,2024-08-30,Card
8302,1228,267,4,301,1204,2025-01-23,UPI
8303,1339,174,2,409,818,2025-04-08,Card
8304,290,1380,3,132,396,2024-10-28,Card
8305,17,1916,2,287,574,2024-10-08,COD
8306,1051,839,4,380,1520,2024-11-14,COD
8307,118,213,4,159,636,2024-08-09,Card
8308,1331,1471,2,430,860,2024-01-21,COD
8309,751,686,3,106,318,2024-11-18,Card
8310,1514,1285,4,569,2276,2024-06-07,Card
8311,287,758,1,429,429,2024-02-23,Card
8312,156,1134,1,263,263,2024-08-12,UPI
8313,210,42,4,543,2172,2025-01-30,UPI
8314,96,1350,3,570,1710,2025-03-03,Card
8315,1165,270,4,303,1212,2024-04-09,COD
8316,872,1346,3,316,948,2025-04-21,UPI
8317,1759,481,2,211,422,2025-01-09,Card
8318,1608,908,2,519,1038,2024-09-05,UPI
8319,925,1053,4,332,1328,2024-01-19,Card
8320,1790,699,4,114,456,2025-04-23,Card
8321,1793,752,3,109,327,2024-11-04,Card
8322,997,1180,3,409,1227,2024-09-09,COD
8323,1517,1436,3,390,1170,2024-10-27,UPI
8324,1413,1340,1,510,510,2024-09-07,COD
8325,768,779,3,423,1269,2024-05-09,UPI
8326,1589,902,2,311,622,2024-12-24,UPI
8327,816,1350,1,570,570,2024-10-24,COD
8328,1263,394,1,479,479,2025-04-14,COD
8329,393,266,1,532,532,2024-06-30,Card
8330,231,838,1,214,214,2024-01-09,Card
8331,1921,978,2,365,730,2024-07-28,Card
8332,281,1379,4,397,1588,2024-12-11,Card
8333,1808,916,1,552,552,2025-01-09,UPI
8334,92,131,2,293,586,2025-02-27,COD
8335,862,1146,1,168,168,2024-12-25,Card
8336,1217,484,2,436,872,2025-04-10,COD
8337,1643,639,4,160,640,2024-07-05,COD
8338,1371,1072,3,191,573,2025-04-26,COD
8339,1476,1663,3,270,810,2025-05-12,COD
8340,1071,1762,2,396,792,2024-08-04,UPI
8341,1509,511,1,235,235,2024-12-31,Card
8342,866,493,2,421,842,2025-03-19,Card
8343,1811,868,2,594,1188,2024-05-03,UPI
8344,1283,393,2,220,440,2024-08-17,Card
8345,949,39,2,580,1160,2024-01-16,COD
8346,1900,1534,4,530,2120,2024-06-20,Card
8347,380,1102,3,217,651,2024-04-12,Card
8348,574,1128,4,504,2016,2024-03-17,COD
8349,1077,54,1,218,218,2024-10-01,COD
8350,1306,1337,3,328,984,2025-05-01,UPI
8351,119,313,4,388,1552,2024-06-20,COD
8352,1106,1046,3,172,516,2024-12-18,COD
8353,303,1174,1,545,545,2025-02-14,Card
8354,797,1237,1,201,201,2025-02-10,Card
8355,1952,895,1,481,481,2024-01-04,UPI
8356,1684,1858,1,587,587,2024-05-29,Card
8357,1898,582,1,524,524,2024-05-09,COD
8358,1564,1891,4,580,2320,2024-09-23,UPI
8359,1651,1324,3,539,1617,2024-09-15,Card
8360,1357,36,2,365,730,2025-03-19,UPI
8361,1474,1954,4,205,820,2025-03-29,UPI
8362,1021,1336,2,290,580,2024-06-24,UPI
8363,776,1590,3,107,321,2024-03-12,UPI
8364,1593,661,3,175,525,2024-09-17,UPI
8365,621,737,2,328,656,2025-01-25,Card
8366,1850,962,3,568,1704,2024-09-29,COD
8367,1163,1660,4,600,2400,2024-11-14,COD
8368,960,1498,4,393,1572,2024-12-12,UPI
8369,364,115,1,548,548,2024-10-28,COD
8370,1510,1833,3,484,1452,2025-02-06,Card
8371,298,1157,4,589,2356,2024-07-03,Card
8372,799,799,1,568,568,2024-07-30,Card
8373,42,814,2,560,1120,2024-01-17,COD
8374,843,1078,4,488,1952,2025-04-08,Card
8375,1033,1600,3,410,1230,2024-01-04,Card
8376,270,110,2,200,400,2025-04-04,COD
8377,1973,163,1,319,319,2024-01-30,Card
8378,1953,658,4,269,1076,2024-09-12,COD
8379,884,1460,1,278,278,2025-01-11,UPI
8380,1404,1889,2,262,524,2025-04-09,UPI
8381,1901,1720,1,398,398,2024-01-09,Card
8382,1223,1072,4,191,764,2024-09-03,Card
8383,748,1980,4,288,1152,2025-03-17,Card
8384,310,559,4,519,2076,2024-05-25,Card
8385,963,724,4,489,1956,2024-07-07,Card
8386,1106,1350,2,570,1140,2024-04-06,Card
8387,210,1183,3,544,1632,2025-04-16,COD
8388,387,892,1,272,272,2024-12-29,Card
8389,1540,1090,1,552,552,2024-09-23,COD
8390,979,568,4,565,2260,2025-02-13,UPI
8391,1900,349,3,165,495,2024-07-31,Card
8392,1996,29,3,532,1596,2025-02-16,UPI
8393,189,661,2,175,350,2024-07-10,Card
8394,651,420,4,344,1376,2024-01-17,COD
8395,1695,1299,4,296,1184,2024-07-11,UPI
8396,876,1958,2,470,940,2024-08-30,UPI
8397,790,468,4,545,2180,2025-02-15,COD
8398,1610,1789,4,435,1740,2024-10-21,COD
8399,1220,1238,2,432,864,2024-10-03,Card
8400,1606,685,4,300,1200,2025-03-19,Card
8401,518,1044,2,539,1078,2024-01-20,COD
8402,641,972,3,502,1506,2025-02-09,Card
8403,133,178,2,114,228,2024-12-29,Card
8404,1269,558,2,233,466,2025-04-06,Card
8405,994,442,2,216,432,2024-07-20,UPI
8406,1683,114,2,344,688,2024-11-24,Card
8407,1247,129,2,495,990,2025-04-05,UPI
8408,1674,1761,4,133,532,2024-02-16,Card
8409,176,259,3,289,867,2024-08-25,Card
8410,1336,190,1,368,368,2024-01-30,Card
8411,1549,453,4,396,1584,2025-02-26,Card
8412,1927,695,4,353,1412,2025-01-02,UPI
8413,42,1462,3,563,1689,2024-01-04,UPI
8414,960,1016,1,321,321,2024-02-14,Card
8415,622,77,4,460,1840,2024-04-23,Card
8416,167,979,2,116,232,2025-05-01,Card
8417,351,1669,2,206,412,2025-03-27,Card
8418,1748,1766,4,430,1720,2024-10-14,COD
8419,246,983,2,107,214,2024-05-11,COD
8420,1956,959,1,499,499,2024-10-11,Card
8421,17,992,2,102,204,2025-02-03,UPI
8422,589,1471,3,430,1290,2025-01-08,UPI
8423,1518,1378,2,404,808,2024-04-12,Card
8424,1434,633,2,448,896,2024-09-10,UPI
8425,1257,1317,3,290,870,2024-04-21,UPI
8426,1693,1483,1,219,219,2024-01-13,UPI
8427,1055,1204,2,375,750,2024-04-02,Card
8428,212,99,1,398,398,2024-02-01,Card
8429,996,1,4,261,1044,2025-05-07,UPI
8430,673,1262,3,336,1008,2025-02-11,COD
8431,1972,638,2,188,376,2024-02-02,Card
8432,729,1067,2,235,470,2025-05-06,COD
8433,777,1459,2,173,346,2024-07-27,UPI
8434,969,1845,4,292,1168,2025-05-11,Card
8435,1384,1143,1,155,155,2024-03-19,COD
8436,21,35,1,202,202,2024-02-06,UPI
8437,243,1870,3,166,498,2024-12-28,Card
8438,1937,976,2,405,810,2024-08-03,Card
8439,601,1680,1,219,219,2025-01-16,Card
8440,1741,1150,3,338,1014,2025-03-28,COD
8441,919,1900,3,495,1485,2025-04-27,COD
8442,1180,1632,1,431,431,2024-05-31,COD
8443,1621,670,3,574,1722,2025-04-17,COD
8444,831,585,2,196,392,2025-03-06,COD
8445,1589,1568,2,376,752,2024-09-08,COD
8446,665,571,1,598,598,2024-03-03,Card
8447,544,394,3,479,1437,2025-03-18,Card
8448,729,404,3,203,609,2024-10-14,COD
8449,1772,435,1,499,499,2024-08-08,Card
8450,1163,1731,3,296,888,2024-09-01,UPI
8451,1955,1492,4,110,440,2024-03-30,UPI
8452,503,401,3,373,1119,2024-08-01,Card
8453,209,679,4,414,1656,2025-04-02,Card
8454,565,362,4,355,1420,2025-04-04,UPI
8455,7,1804,3,421,1263,2024-03-15,Card
8456,1734,1659,3,526,1578,2025-02-28,COD
8457,1612,970,3,244,732,2025-04-20,COD
8458,72,29,1,532,532,2024-05-18,COD
8459,1695,1580,2,318,636,2024-02-20,COD
8460,830,872,3,572,1716,2024-04-16,COD
8461,910,1877,2,320,640,2024-08-13,Card
8462,1250,1783,3,254,762,2024-06-27,COD
8463,1621,231,1,542,542,2024-09-29,COD
8464,1186,1581,2,495,990,2025-01-25,COD
8465,693,1706,2,445,890,2024-09-16,UPI
8466,1070,827,2,380,760,2024-10-26,COD
8467,877,1689,2,288,576,2024-10-17,UPI
8468,480,1302,3,429,1287,2025-01-04,Card
8469,1860,1909,2,122,244,2024-09-09,COD
8470,142,1654,2,449,898,2024-01-12,Card
8471,168,1404,4,230,920,2024-10-31,UPI
8472,1577,251,4,467,1868,2025-01-03,UPI
8473,166,228,1,396,396,2024-04-21,Card
8474,1547,537,1,555,555,2024-01-01,COD
8475,30,575,3,585,1755,2024-11-11,Card
8476,1668,1152,2,499,998,2025-01-10,COD
8477,327,1975,1,488,488,2024-06-12,COD
8478,1559,1557,4,163,652,2024-08-15,UPI
8479,1961,1598,1,350,350,2024-07-19,Card
8480,263,631,4,196,784,2024-04-28,UPI
8481,208,432,4,172,688,2025-03-13,UPI
8482,72,281,3,508,1524,2024-12-24,UPI
8483,839,206,1,387,387,2024-01-21,UPI
8484,49,579,2,400,800,2024-03-10,COD
8485,1765,1420,1,299,299,2024-10-11,Card
8486,1329,657,4,243,972,2024-02-23,COD
8487,1872,35,3,202,606,2024-09-16,UPI
8488,1419,706,2,135,270,2024-10-30,Card
8489,1773,1205,1,516,516,2024-11-28,UPI
8490,992,189,4,400,1600,2024-01-06,COD
8491,1911,155,1,591,591,2024-02-24,COD
8492,1965,255,3,246,738,2024-06-16,UPI
8493,676,21,4,574,2296,2024-03-24,UPI
8494,795,293,3,406,1218,2024-12-24,Card
8495,83,470,1,215,215,2025-03-01,UPI
8496,1552,997,2,247,494,2024-01-03,Card
8497,215,2,4,442,1768,2024-04-23,COD
8498,1368,1816,1,420,420,2024-04-29,Card
8499,330,22,1,210,210,2025-01-03,Card
8500,549,922,2,207,414,2024-01-19,Card
8501,287,1935,3,505,1515,2024-12-04,UPI
8502,1013,1756,3,242,726,2025-03-31,Card
8503,1765,1620,3,239,717,2025-02-07,UPI
8504,320,1205,2,516,1032,2024-11-07,UPI
8505,844,183,3,599,1797,2025-05-05,UPI
8506,1259,1557,1,163,163,2024-09-03,COD
8507,956,371,1,193,193,2024-08-27,Card
8508,247,1790,2,156,312,2024-10-06,Card
8509,417,230,2,167,334,2024-08-23,COD
8510,1717,1602,2,532,1064,2024-05-06,UPI
8511,424,756,4,444,1776,2025-01-01,UPI
8512,42,664,1,572,572,2025-04-26,UPI
8513,620,1690,2,251,502,2024-07-22,Card
8514,313,212,2,453,906,2024-09-29,COD
8515,1494,1105,3,500,1500,2024-10-02,COD
8516,243,1836,3,550,1650,2024-02-27,UPI
8517,1302,383,3,226,678,2024-08-18,COD
8518,464,1663,4,270,1080,2024-07-17,COD
8519,1357,1885,4,242,968,2025-05-04,COD
8520,107,1703,3,135,405,2024-06-21,COD
8521,193,840,1,331,331,2025-03-01,UPI
8522,458,711,3,559,1677,2024-11-29,Card
8523,629,1764,1,381,381,2025-03-20,Card
8524,887,1853,2,165,330,2024-05-04,COD
8525,6,813,4,327,1308,2024-08-14,UPI
8526,1833,249,3,271,813,2025-01-10,UPI
8527,1887,1007,1,208,208,2024-11-24,UPI
8528,686,1337,2,328,656,2024-06-06,Card
8529,1767,1896,3,189,567,2024-07-21,Card
8530,1015,1568,1,376,376,2024-11-16,COD
8531,97,1857,1,279,279,2024-09-16,COD
8532,34,523,3,379,1137,2025-03-28,UPI
8533,1712,857,4,103,412,2024-09-29,Card
8534,1232,1539,4,435,1740,2024-11-05,Card
8535,145,1961,1,394,394,2024-08-18,Card
8536,706,1574,2,419,838,2024-03-16,Card
8537,885,160,4,450,1800,2024-03-10,COD
8538,1043,1882,4,377,1508,2024-11-28,UPI
8539,868,606,2,241,482,2024-05-26,COD
8540,1902,722,2,176,352,2025-04-19,Card
8541,1124,1170,2,249,498,2024-06-29,Card
8542,725,1104,2,472,944,2025-01-04,COD
8543,1076,706,3,135,405,2024-03-10,UPI
8544,176,490,2,291,582,2024-06-12,Card
8545,1880,1666,1,404,404,2024-12-08,COD
8546,303,1012,4,575,2300,2024-04-10,COD
8547,550,1653,1,264,264,2024-10-25,Card
8548,1029,1000,3,305,915,2024-03-04,COD
8549,1565,1929,1,276,276,2024-06-22,Card
8550,1150,1938,3,186,558,2024-11-08,Card
8551,99,236,4,229,916,2024-08-04,Card
8552,1111,1269,1,594,594,2024-01-30,UPI
8553,641,1596,1,132,132,2024-03-16,UPI
8554,1903,1096,1,508,508,2024-03-18,COD
8555,957,138,1,189,189,2024-01-16,Card
8556,1477,1467,3,253,759,2024-11-24,COD
8557,1207,533,3,149,447,2024-10-09,Card
8558,412,666,3,465,1395,2024-08-21,COD
8559,351,761,2,299,598,2024-06-27,COD
8560,733,1303,2,561,1122,2024-08-03,Card
8561,1472,1779,2,293,586,2024-07-27,UPI
8562,1849,161,4,198,792,2024-10-03,COD
8563,23,1534,1,530,530,2024-11-02,Card
8564,392,1545,2,164,328,2025-02-28,UPI
8565,1963,868,1,594,594,2024-11-29,Card
8566,190,1736,3,473,1419,2024-09-08,UPI
8567,635,202,1,577,577,2024-05-07,COD
8568,1441,239,4,277,1108,2025-01-19,Card
8569,782,1612,2,369,738,2024-01-27,UPI
8570,302,587,3,534,1602,2024-05-04,Card
8571,1487,744,2,419,838,2025-03-04,UPI
8572,248,518,2,556,1112,2025-05-04,COD
8573,1905,72,2,285,570,2024-07-28,Card
8574,1623,1423,1,221,221,2025-03-20,COD
8575,493,1313,4,594,2376,2024-12-26,COD
8576,1371,1305,4,343,1372,2024-03-20,Card
8577,1381,517,2,244,488,2024-08-28,UPI
8578,185,489,3,482,1446,2024-12-31,Card
8579,1786,1329,3,363,1089,2024-07-16,UPI
8580,689,604,2,367,734,2025-01-14,UPI
8581,908,1884,3,580,1740,2024-01-08,UPI
8582,1542,1824,2,225,450,2025-02-24,COD
8583,1754,1099,4,277,1108,2024-03-27,Card
8584,1997,225,4,599,2396,2024-07-27,COD
8585,1703,1572,3,282,846,2024-04-14,COD
8586,771,1474,4,395,1580,2024-07-19,COD
8587,981,1734,1,267,267,2024-10-31,Card
8588,308,1543,3,385,1155,2025-02-04,Card
8589,1376,867,4,425,1700,2025-02-05,COD
8590,1335,1959,1,545,545,2025-03-22,COD
8591,721,173,1,222,222,2024-01-20,UPI
8592,1870,380,3,375,1125,2025-05-12,Card
8593,531,1336,1,290,290,2025-03-06,Card
8594,36,1933,3,468,1404,2024-11-12,UPI
8595,815,1360,1,415,415,2024-03-05,UPI
8596,1027,1191,4,567,2268,2025-03-18,COD
8597,484,1999,4,221,884,2025-02-23,Card
8598,1433,1708,3,520,1560,2024-05-08,COD
8599,663,43,4,262,1048,2024-03-18,UPI
8600,1245,1461,4,568,2272,2025-04-27,UPI
8601,1813,352,1,174,174,2024-07-23,UPI
8602,1769,1956,1,357,357,2024-10-15,Card
8603,1197,1390,3,567,1701,2025-02-02,COD
8604,1142,655,4,132,528,2024-10-23,COD
8605,815,53,1,302,302,2025-03-12,COD
8606,263,102,1,267,267,2024-12-11,COD
8607,1063,908,3,519,1557,2025-05-02,Card
8608,1734,1749,3,100,300,2024-10-16,UPI
8609,532,3,4,230,920,2024-01-18,COD
8610,1530,1742,1,237,237,2024-06-13,UPI
8611,1822,318,3,165,495,2024-05-03,Card
8612,1180,379,4,289,1156,2024-11-24,COD
8613,873,409,1,338,338,2024-07-30,Card
8614,739,956,4,530,2120,2024-05-09,COD
8615,997,1794,1,329,329,2024-10-21,UPI
8616,1710,865,2,123,246,2024-09-16,COD
8617,1657,1736,3,473,1419,2025-04-16,UPI
8618,254,1668,1,536,536,2024-12-18,COD
8619,1854,1097,4,385,1540,2025-01-07,Card
8620,1910,408,2,528,1056,2025-01-03,COD
8621,1316,27,3,598,1794,2024-12-04,Card
8622,103,1171,2,477,954,2024-06-19,Card
8623,1635,1648,4,270,1080,2024-11-09,COD
8624,1491,1876,3,136,408,2024-10-03,UPI
8625,1187,1194,4,324,1296,2024-11-28,COD
8626,87,239,3,277,831,2024-01-03,COD
8627,1789,1009,3,471,1413,2024-02-17,UPI
8628,1199,1086,1,248,248,2025-01-08,UPI
8629,1103,37,2,106,212,2025-02-10,COD
8630,1409,1486,1,291,291,2025-03-20,COD
8631,547,190,3,368,1104,2024-10-12,UPI
8632,917,950,4,159,636,2024-01-15,Card
8633,1497,999,4,139,556,2024-02-01,Card
8634,1391,240,1,379,379,2025-04-09,Card
8635,1507,532,2,341,682,2024-08-03,COD
8636,203,1833,4,484,1936,2024-05-17,COD
8637,77,1023,3,344,1032,2024-11-08,COD
8638,915,836,2,125,250,2025-01-18,Card
8639,200,524,3,213,639,2024-02-05,COD
8640,689,1456,2,469,938,2025-05-01,UPI
8641,1009,437,2,313,626,2024-08-24,UPI
8642,812,669,1,303,303,2024-11-22,Card
8643,930,1212,4,556,2224,2025-04-12,Card
8644,455,1629,3,339,1017,2024-01-01,UPI
8645,647,201,1,454,454,2024-08-02,COD
8646,1056,875,4,587,2348,2024-04-26,Card
8647,1555,584,3,353,1059,2024-01-26,COD
8648,1943,1140,4,465,1860,2024-07-23,UPI
8649,194,1428,3,576,1728,2025-05-10,UPI
8650,473,1379,1,397,397,2024-02-24,COD
8651,1313,1840,3,359,1077,2024-10-19,COD
8652,1735,523,4,379,1516,2024-05-25,COD
8653,1355,213,4,159,636,2024-05-01,UPI
8654,1104,83,3,210,630,2025-02-05,COD
8655,806,984,1,503,503,2024-02-01,Card
8656,654,739,1,303,303,2024-10-21,Card
8657,1986,85,4,573,2292,2025-02-24,COD
8658,133,6,3,133,399,2024-04-29,UPI
8659,1391,172,4,561,2244,2024-10-06,UPI
8660,432,453,3,396,1188,2024-06-08,Card
8661,826,1526,2,600,1200,2024-07-02,UPI
8662,1213,577,2,337,674,2024-10-21,Card
8663,764,1033,2,152,304,2024-10-04,UPI
8664,879,1057,4,347,1388,2024-09-03,COD
8665,146,1958,3,470,1410,2024-09-28,COD
8666,375,519,2,203,406,2024-02-22,COD
8667,1392,271,2,588,1176,2024-01-09,COD
8668,510,21,1,574,574,2024-09-28,COD
8669,1001,1397,1,285,285,2024-11-06,UPI
8670,361,29,3,532,1596,2024-06-20,COD
8671,1104,1929,1,276,276,2025-01-20,UPI
8672,615,795,4,321,1284,2025-01-31,Card
8673,56,521,2,187,374,2024-03-08,UPI
8674,1498,120,4,408,1632,2024-10-05,UPI
8675,1716,314,1,455,455,2025-04-11,UPI
8676,1930,1904,4,508,2032,2024-03-13,UPI
8677,754,1285,1,569,569,2024-04-20,COD
8678,1964,171,3,372,1116,2024-09-09,COD
8679,1811,1566,4,223,892,2024-04-11,UPI
8680,1719,1936,4,294,1176,2025-02-03,UPI
8681,193,735,3,559,1677,2024-11-10,COD
8682,955,1243,4,199,796,2024-10-02,UPI
8683,234,1965,4,367,1468,2024-04-07,COD
8684,493,1950,2,497,994,2025-01-11,COD
8685,479,1846,4,508,2032,2024-10-17,UPI
8686,962,945,1,371,371,2024-04-17,COD
8687,865,928,4,235,940,2024-08-07,UPI
8688,613,928,4,235,940,2025-01-09,UPI
8689,840,1709,4,117,468,2025-02-01,COD
8690,1377,154,1,288,288,2024-02-27,COD
8691,694,990,1,530,530,2024-08-15,UPI
8692,1130,1649,4,141,564,2024-02-17,UPI
8693,1740,658,1,269,269,2025-04-28,UPI
8694,18,837,2,434,868,2024-12-05,COD
8695,1420,789,2,427,854,2024-02-28,UPI
8696,1805,1921,2,432,864,2025-04-07,Card
8697,1926,1119,1,230,230,2024-09-16,UPI
8698,577,1652,4,482,1928,2025-05-10,UPI
8699,1040,542,4,598,2392,2025-02-27,UPI
8700,31,1459,4,173,692,2024-01-21,Card
8701,491,1908,1,373,373,2024-12-30,UPI
8702,1469,342,4,210,840,2024-10-22,Card
8703,1395,775,4,292,1168,2024-08-18,Card
8704,1014,56,2,289,578,2025-03-06,Card
8705,211,1028,4,504,2016,2024-01-08,UPI
8706,441,1748,1,557,557,2024-03-05,Card
8707,68,1742,2,237,474,2024-03-20,UPI
8708,1480,1346,4,316,1264,2024-09-13,UPI
8709,498,1879,1,374,374,2024-04-10,Card
8710,921,923,4,181,724,2025-04-05,COD
8711,178,840,2,331,662,2024-08-14,COD
8712,1602,1123,1,242,242,2024-09-23,COD
8713,409,1126,2,582,1164,2024-11-22,Card
8714,82,1767,2,252,504,2025-01-18,Card
8715,915,503,2,233,466,2024-10-16,COD
8716,870,872,4,572,2288,2025-04-29,Card
8717,1783,734,2,593,1186,2024-06-30,Card
8718,736,1854,2,145,290,2024-04-30,COD
8719,723,1835,2,252,504,2024-05-21,COD
8720,1817,1447,1,594,594,2024-08-16,COD
8721,388,34,3,249,747,2024-01-20,Card
8722,835,1691,2,269,538,2024-12-24,Card
8723,1406,779,2,423,846,2025-04-02,Card
8724,1959,1291,3,306,918,2024-12-11,UPI
8725,747,234,2,178,356,2025-03-25,COD
8726,1735,876,3,390,1170,2025-03-10,COD
8727,916,557,2,406,812,2024-12-11,Card
8728,419,566,2,185,370,2025-03-02,UPI
8729,71,1427,3,392,1176,2024-05-01,UPI
8730,1739,953,2,490,980,2025-02-26,COD
8731,1477,44,1,503,503,2024-08-28,Card
8732,1889,1652,1,482,482,2024-05-28,UPI
8733,156,1721,3,580,1740,2025-04-18,UPI
8734,38,1746,4,142,568,2024-06-05,COD
8735,1879,47,3,338,1014,2025-04-15,Card
8736,483,158,1,505,505,2024-12-24,Card
8737,263,170,4,499,1996,2024-11-16,UPI
8738,1540,1301,1,331,331,2024-11-11,COD
8739,1681,350,3,264,792,2024-11-16,COD
8740,1392,306,2,579,1158,2024-03-21,UPI
8741,436,1353,4,590,2360,2024-05-22,UPI
8742,1056,803,4,116,464,2024-11-30,Card
8743,1013,962,4,568,2272,2024-12-01,Card
8744,442,1432,3,263,789,2025-03-18,UPI
8745,156,1870,4,166,664,2024-03-15,UPI
8746,331,1051,2,233,466,2024-02-12,UPI
8747,1792,1676,3,216,648,2025-04-07,COD
8748,1030,1293,4,434,1736,2024-10-16,UPI
8749,1586,643,1,191,191,2024-10-18,COD
8750,1730,1713,2,183,366,2024-10-31,Card
8751,1798,607,1,263,263,2025-02-17,COD
8752,64,1308,1,212,212,2024-09-16,Card
8753,1236,287,1,119,119,2025-03-24,UPI
8754,662,1936,3,294,882,2024-03-13,UPI
8755,1704,1036,4,497,1988,2024-11-27,COD
8756,206,1304,2,477,954,2024-11-09,UPI
8757,1054,591,2,224,448,2025-04-06,COD
8758,627,215,4,167,668,2024-08-28,COD
8759,139,1799,4,575,2300,2024-12-31,Card
8760,1368,1374,4,497,1988,2024-05-31,UPI
8761,1464,1254,4,202,808,2024-02-19,UPI
8762,1544,1640,4,170,680,2024-10-05,UPI
8763,855,555,3,313,939,2024-01-12,Card
8764,538,464,4,426,1704,2024-11-13,UPI
8765,1575,293,3,406,1218,2024-12-28,Card
8766,532,1943,1,206,206,2024-12-27,Card
8767,780,1260,2,342,684,2024-11-27,COD
8768,843,1360,2,415,830,2024-04-14,UPI
8769,332,1288,2,429,858,2025-04-30,UPI
8770,1440,191,1,486,486,2025-01-27,UPI
8771,1369,1763,1,293,293,2024-09-25,UPI
8772,506,749,4,553,2212,2025-04-19,Card
8773,1482,1759,1,502,502,2024-02-19,Card
8774,1462,1542,1,506,506,2024-10-22,UPI
8775,629,1406,1,303,303,2024-02-21,COD
8776,1928,1563,3,248,744,2024-07-13,UPI
8777,1002,1612,2,369,738,2024-12-23,COD
8778,720,237,2,380,760,2024-10-25,Card
8779,706,489,4,482,1928,2025-01-02,COD
8780,487,1276,2,573,1146,2025-01-01,UPI
8781,1158,1884,1,580,580,2024-03-18,Card
8782,1466,1048,3,347,1041,2025-03-21,Card
8783,443,438,2,533,1066,2025-04-12,COD
8784,765,1971,3,384,1152,2024-06-15,Card
8785,1672,1898,2,482,964,2024-06-21,COD
8786,1880,644,4,379,1516,2024-08-01,UPI
8787,386,577,1,337,337,2024-02-01,Card
8788,1093,1361,1,438,438,2025-03-07,COD
8789,1549,720,3,415,1245,2025-02-03,COD
8790,733,533,2,149,298,2025-01-05,Card
8791,954,23,3,494,1482,2024-02-13,COD
8792,178,1696,3,444,1332,2024-11-27,UPI
8793,156,52,2,164,328,2024-11-16,COD
8794,640,1108,2,524,1048,2025-01-04,UPI
8795,901,204,2,565,1130,2024-08-02,UPI
8796,1350,1481,3,193,579,2025-04-09,COD
8797,76,761,3,299,897,2024-09-17,Card
8798,682,1046,2,172,344,2024-12-20,UPI
8799,1071,1549,3,200,600,2024-03-22,UPI
8800,973,333,2,291,582,2024-12-12,COD
8801,447,1280,4,117,468,2024-08-23,Card
8802,791,1735,3,437,1311,2024-06-13,UPI
8803,1274,1689,1,288,288,2024-02-15,Card
8804,1536,1034,2,303,606,2025-01-20,COD
8805,1927,645,2,171,342,2025-03-10,UPI
8806,2,1131,3,108,324,2024-08-04,Card
8807,647,813,1,327,327,2025-03-27,COD
8808,92,1986,4,264,1056,2024-11-21,UPI
8809,825,387,4,490,1960,2024-07-01,Card
8810,1968,155,2,591,1182,2025-01-30,COD
8811,239,147,1,208,208,2025-04-28,UPI
8812,1839,966,3,297,891,2024-09-21,COD
8813,1686,1235,2,218,436,2024-12-05,UPI
8814,1150,869,2,537,1074,2024-12-15,UPI
8815,395,313,1,388,388,2024-11-28,UPI
8816,1411,1426,4,338,1352,2024-12-14,UPI
8817,772,1948,3,288,864,2024-11-23,UPI
8818,537,1835,4,252,1008,2024-08-11,COD
8819,419,590,1,233,233,2024-08-02,UPI
8820,785,999,2,139,278,2024-12-09,Card
8821,1112,891,3,120,360,2024-01-30,Card
8822,1432,840,4,331,1324,2025-04-19,UPI
8823,643,1125,1,572,572,2024-02-02,UPI
8824,1101,193,2,340,680,2024-01-22,UPI
8825,565,1753,2,515,1030,2024-09-05,COD
8826,507,986,1,188,188,2024-07-30,UPI
8827,1254,1812,1,202,202,2024-09-13,UPI
8828,24,140,2,278,556,2024-09-23,Card
8829,1128,536,1,482,482,2024-11-19,UPI
8830,44,521,3,187,561,2024-09-15,UPI
8831,987,1104,4,472,1888,2024-05-03,Card
8832,1293,1839,4,459,1836,2024-11-14,COD
8833,167,359,3,358,1074,2024-05-12,COD
8834,648,678,1,159,159,2025-05-04,Card
8835,1241,790,1,198,198,2025-01-30,UPI
8836,954,1591,2,494,988,2024-01-19,Card
8837,339,1408,2,355,710,2024-10-07,Card
8838,843,66,1,420,420,2025-03-08,UPI
8839,1754,1659,2,526,1052,2024-03-16,Card
8840,998,512,1,319,319,2025-04-10,Card
8841,1570,42,3,543,1629,2024-07-23,COD
8842,843,1251,4,517,2068,2024-12-21,UPI
8843,1640,1842,1,581,581,2024-02-18,COD
8844,1166,389,4,582,2328,2025-05-10,COD
8845,1547,1419,1,409,409,2025-02-19,UPI
8846,2000,1283,2,576,1152,2025-05-11,COD
8847,7,1019,2,273,546,2025-05-08,Card
8848,310,892,4,272,1088,2025-04-21,COD
8849,1583,33,1,150,150,2024-05-29,Card
8850,279,1286,2,270,540,2024-08-03,COD
8851,1899,634,1,261,261,2024-03-04,Card
8852,295,934,3,517,1551,2024-01-06,Card
8853,955,1045,4,268,1072,2024-11-28,Card
8854,169,745,2,242,484,2025-03-22,COD
8855,1533,1499,1,498,498,2024-02-01,Card
8856,130,1491,3,438,1314,2024-12-14,Card
8857,1425,1604,3,378,1134,2024-01-14,Card
8858,1681,591,3,224,672,2024-02-12,COD
8859,1351,1282,2,126,252,2024-02-18,Card
8860,1927,1133,4,271,1084,2024-09-19,UPI
8861,1645,1670,2,184,368,2025-03-07,COD
8862,1321,1000,2,305,610,2024-09-02,COD
8863,1689,1092,4,587,2348,2024-09-14,Card
8864,1088,1804,1,421,421,2024-10-12,Card
8865,216,125,2,186,372,2024-07-24,Card
8866,1512,284,4,493,1972,2024-08-25,UPI
8867,154,1093,2,496,992,2024-12-01,Card
8868,289,1819,3,461,1383,2024-05-10,Card
8869,1687,467,3,565,1695,2024-05-20,UPI
8870,1649,77,1,460,460,2024-09-28,UPI
8871,1053,538,2,143,286,2024-12-28,Card
8872,396,718,4,227,908,2024-11-21,Card
8873,333,1050,3,203,609,2024-09-26,UPI
8874,908,1174,4,545,2180,2024-07-03,Card
8875,1990,612,3,184,552,2024-04-26,COD
8876,474,117,4,499,1996,2024-09-16,UPI
8877,766,1953,1,321,321,2024-04-23,COD
8878,1388,1529,2,420,840,2024-08-31,UPI
8879,95,1625,1,503,503,2024-10-02,Card
8880,1650,487,2,418,836,2024-05-16,Card
8881,608,293,2,406,812,2025-01-07,COD
8882,877,567,3,100,300,2024-05-01,UPI
8883,200,488,1,111,111,2024-10-15,UPI
8884,652,1488,4,341,1364,2025-05-10,Card
8885,1171,1467,4,253,1012,2024-12-29,COD
8886,1013,1627,4,221,884,2024-06-16,Card
8887,118,962,4,568,2272,2024-09-08,COD
8888,1494,382,3,231,693,2025-03-21,Card
8889,781,1298,3,174,522,2024-11-25,COD
8890,463,155,4,591,2364,2025-02-05,UPI
8891,428,198,3,190,570,2024-11-17,Card
8892,824,1286,1,270,270,2024-08-13,Card
8893,417,322,1,311,311,2024-05-26,UPI
8894,525,631,3,196,588,2024-06-17,UPI
8895,362,1378,3,404,1212,2025-03-27,COD
8896,1520,1295,2,438,876,2024-05-01,UPI
8897,161,402,2,501,1002,2024-08-06,UPI
8898,324,1548,1,178,178,2025-05-13,UPI
8899,581,604,1,367,367,2024-07-29,Card
8900,1817,969,2,279,558,2025-01-17,Card
8901,945,1482,1,335,335,2024-08-07,UPI
8902,1060,1336,4,290,1160,2024-08-13,Card
8903,347,838,2,214,428,2025-05-13,UPI
8904,1900,382,4,231,924,2024-08-11,Card
8905,1660,415,4,394,1576,2024-04-04,UPI
8906,63,1466,4,117,468,2024-09-08,Card
8907,1150,382,1,231,231,2024-12-28,COD
8908,1330,960,2,229,458,2024-08-01,COD
8909,1890,1966,1,512,512,2025-05-11,COD
8910,1122,253,1,159,159,2024-10-26,Card
8911,428,578,1,498,498,2024-05-17,UPI
8912,1900,194,2,448,896,2024-09-19,COD
8913,1211,1181,1,119,119,2025-03-30,Card
8914,1033,1686,2,337,674,2025-04-03,COD
8915,35,1145,1,125,125,2025-04-24,Card
8916,967,612,4,184,736,2024-12-28,Card
8917,1785,662,3,195,585,2025-02-24,Card
8918,1463,1967,2,164,328,2024-10-28,UPI
8919,778,589,4,491,1964,2024-06-06,Card
8920,490,127,2,258,516,2024-03-01,UPI
8921,827,106,1,325,325,2024-01-20,UPI
8922,773,1513,4,218,872,2024-01-05,COD
8923,491,1780,3,239,717,2024-10-18,COD
8924,1996,803,1,116,116,2024-03-11,UPI
8925,787,1533,1,150,150,2024-12-11,UPI
8926,1872,752,3,109,327,2024-12-09,UPI
8927,1327,1208,1,389,389,2024-09-09,UPI
8928,394,1378,3,404,1212,2024-05-02,Card
8929,389,1189,2,400,800,2024-02-14,Card
8930,380,926,3,301,903,2024-03-04,COD
8931,1192,136,4,241,964,2024-02-21,COD
8932,1831,1096,2,508,1016,2024-10-24,UPI
8933,441,1383,2,437,874,2024-03-01,UPI
8934,1103,165,4,258,1032,2024-01-07,Card
8935,23,1203,3,137,411,2024-08-31,UPI
8936,1198,232,3,561,1683,2024-11-29,Card
8937,920,857,4,103,412,2024-09-03,UPI
8938,1285,281,4,508,2032,2025-05-14,UPI
8939,632,1779,1,293,293,2025-01-14,UPI
8940,1407,523,2,379,758,2024-01-24,Card
8941,606,1070,1,215,215,2024-09-01,Card
8942,949,989,1,496,496,2024-04-13,COD
8943,620,1077,4,325,1300,2024-07-11,Card
8944,1355,452,4,356,1424,2024-03-12,COD
8945,15,1450,1,220,220,2024-09-13,COD
8946,1282,1684,2,336,672,2024-04-24,Card
8947,256,203,3,303,909,2025-04-11,Card
8948,228,505,3,349,1047,2024-09-10,Card
8949,1190,213,4,159,636,2025-03-03,UPI
8950,250,872,3,572,1716,2024-03-01,Card
8951,482,302,1,108,108,2024-02-16,Card
8952,1470,1074,2,377,754,2024-04-25,UPI
8953,966,394,1,479,479,2025-01-25,UPI
8954,261,16,1,588,588,2024-10-06,COD
8955,1229,1052,3,388,1164,2024-04-05,COD
8956,1710,402,1,501,501,2025-05-02,Card
8957,1204,590,1,233,233,2024-07-02,COD
8958,1643,60,1,220,220,2024-02-29,Card
8959,10,735,1,559,559,2024-02-07,UPI
8960,1546,762,4,108,432,2024-05-31,UPI
8961,961,1534,4,530,2120,2024-06-01,Card
8962,435,54,2,218,436,2024-07-20,COD
8963,12,1154,4,343,1372,2024-08-18,COD
8964,1925,563,2,425,850,2024-08-17,UPI
8965,509,1944,4,264,1056,2024-04-30,UPI
8966,1928,1383,4,437,1748,2025-04-03,UPI
8967,1187,224,3,215,645,2025-05-15,UPI
8968,260,695,1,353,353,2024-06-10,Card
8969,135,1172,3,433,1299,2024-08-11,COD
8970,1128,865,1,123,123,2025-02-21,Card
8971,282,969,3,279,837,2025-02-13,UPI
8972,116,905,1,466,466,2024-07-22,Card
8973,54,1261,2,232,464,2025-02-07,COD
8974,1583,498,4,224,896,2025-04-29,Card
8975,123,799,4,568,2272,2024-08-05,UPI
8976,1961,804,2,228,456,2024-01-05,COD
8977,1233,221,2,222,444,2025-04-24,COD
8978,1780,1038,3,367,1101,2025-01-14,UPI
8979,1077,484,1,436,436,2024-02-29,Card
8980,47,190,3,368,1104,2024-12-07,COD
8981,699,1460,2,278,556,2024-07-10,UPI
8982,1432,597,1,516,516,2024-06-16,UPI
8983,94,1879,3,374,1122,2024-07-13,UPI
8984,1394,711,2,559,1118,2024-06-24,Card
8985,656,932,1,476,476,2025-01-27,UPI
8986,1835,1176,4,403,1612,2025-03-30,UPI
8987,474,1492,3,110,330,2024-05-03,Card
8988,495,1248,1,206,206,2024-04-04,UPI
8989,320,672,3,216,648,2025-03-01,UPI
8990,1973,1312,4,401,1604,2024-01-31,COD
8991,1025,388,4,264,1056,2024-02-01,COD
8992,797,1478,3,307,921,2025-02-03,Card
8993,995,163,3,319,957,2024-08-01,UPI
8994,1305,1395,4,260,1040,2025-02-17,Card
8995,1580,462,1,435,435,2024-05-29,Card
8996,1078,766,2,251,502,2024-01-17,COD
8997,592,259,3,289,867,2024-12-03,UPI
8998,912,638,3,188,564,2024-05-22,COD
8999,1084,1880,4,265,1060,2024-02-26,COD
9000,692,23,2,494,988,2024-03-24,Card
9001,676,383,4,226,904,2024-03-14,Card
9002,1156,1709,1,117,117,2024-08-17,COD
9003,1763,1792,3,241,723,2024-05-04,COD
9004,19,1601,4,385,1540,2024-01-09,COD
9005,566,1900,4,495,1980,2024-03-05,Card
9006,811,998,3,588,1764,2024-08-13,UPI
9007,1788,684,2,347,694,2024-11-01,UPI
9008,1353,1111,3,231,693,2024-09-25,UPI
9009,1179,827,3,380,1140,2024-10-23,COD
9010,1610,1794,1,329,329,2024-09-18,Card
9011,617,466,2,171,342,2025-01-22,UPI
9012,478,1439,1,552,552,2024-04-29,COD
9013,1759,1187,2,105,210,2025-05-14,COD
9014,1134,377,1,297,297,2025-03-06,Card
9015,1990,1103,2,427,854,2024-03-05,UPI
9016,507,1849,3,598,1794,2024-10-31,COD
9017,1877,1360,2,415,830,2024-10-15,Card
9018,1374,516,2,529,1058,2025-01-09,COD
9019,1143,970,3,244,732,2024-03-01,UPI
9020,457,637,2,383,766,2024-10-01,COD
9021,1825,404,1,203,203,2024-12-17,COD
9022,626,1220,4,276,1104,2025-03-15,UPI
9023,367,1037,3,135,405,2024-01-07,UPI
9024,1044,1191,4,567,2268,2025-01-13,UPI
9025,1871,97,3,346,1038,2025-01-12,COD
9026,1867,1246,4,120,480,2024-04-02,Card
9027,575,1696,4,444,1776,2024-08-11,Card
9028,1534,1623,4,348,1392,2024-01-08,UPI
9029,1966,604,4,367,1468,2024-06-13,UPI
9030,898,1884,2,580,1160,2024-09-03,Card
9031,1836,1658,4,380,1520,2024-04-04,Card
9032,1534,1851,4,501,2004,2024-03-09,COD
9033,335,1837,3,439,1317,2024-09-22,Card
9034,1029,1540,3,135,405,2025-02-08,UPI
9035,823,1916,4,287,1148,2024-03-19,UPI
9036,1398,1565,2,191,382,2025-03-28,UPI
9037,1943,203,2,303,606,2025-02-26,UPI
9038,576,1293,1,434,434,2024-09-10,Card
9039,579,1538,4,131,524,2024-07-18,UPI
9040,500,224,2,215,430,2025-01-29,UPI
9041,1166,1176,1,403,403,2024-12-03,UPI
9042,1894,847,3,514,1542,2025-04-04,UPI
9043,1689,1460,3,278,834,2025-03-03,UPI
9044,1722,751,1,208,208,2024-10-13,COD
9045,1497,1453,4,515,2060,2024-01-13,UPI
9046,666,1826,1,313,313,2024-01-01,UPI
9047,1938,594,3,402,1206,2025-01-08,COD
9048,926,254,3,144,432,2024-08-10,Card
9049,1623,1667,4,312,1248,2025-02-07,Card
9050,75,1446,1,361,361,2024-09-21,UPI
9051,1864,695,4,353,1412,2024-11-17,COD
9052,717,1156,2,443,886,2024-08-13,Card
9053,1123,412,4,321,1284,2024-11-06,COD
9054,380,470,4,215,860,2024-02-24,UPI
9055,1506,1429,2,124,248,2025-03-28,COD
9056,1129,1588,4,464,1856,2024-06-07,Card
9057,1884,496,4,217,868,2024-08-07,UPI
9058,1963,1025,3,302,906,2024-07-05,COD
9059,259,1119,3,230,690,2024-08-07,Card
9060,1009,996,3,149,447,2024-05-02,Card
9061,1979,773,2,412,824,2024-08-19,UPI
9062,1835,819,2,298,596,2024-09-12,COD
9063,1619,1523,1,289,289,2025-04-18,Card
9064,1655,1598,3,350,1050,2024-04-25,UPI
9065,1859,310,1,498,498,2024-02-13,Card
9066,1558,339,1,197,197,2024-01-27,Card
9067,1940,276,1,431,431,2024-05-17,UPI
9068,1164,1826,2,313,626,2024-12-07,Card
9069,816,841,2,317,634,2025-03-09,UPI
9070,497,855,2,433,866,2024-04-25,COD
9071,1730,1486,2,291,582,2025-01-19,Card
9072,1774,161,1,198,198,2025-02-25,UPI
9073,1796,1832,3,198,594,2024-03-17,Card
9074,548,1333,3,306,918,2025-04-29,UPI
9075,1448,608,2,294,588,2025-03-27,UPI
9076,953,523,3,379,1137,2024-02-22,UPI
9077,1744,413,3,294,882,2025-04-21,Card
9078,346,203,2,303,606,2024-08-28,Card
9079,863,1673,4,215,860,2024-11-04,COD
9080,693,1287,2,266,532,2024-11-14,UPI
9081,586,509,1,349,349,2024-01-25,COD
9082,1542,227,1,513,513,2025-05-15,UPI
9083,72,1040,4,390,1560,2024-05-02,COD
9084,1139,784,4,413,1652,2025-02-06,COD
9085,1931,1310,4,288,1152,2024-04-25,UPI
9086,141,510,2,374,748,2024-07-12,Card
9087,744,80,2,287,574,2024-05-16,COD
9088,497,463,3,127,381,2024-11-26,Card
9089,648,1143,2,155,310,2024-04-20,Card
9090,1896,63,1,128,128,2024-04-02,Card
9091,904,1427,1,392,392,2024-06-29,COD
9092,655,238,1,467,467,2025-01-22,COD
9093,1939,968,3,558,1674,2025-04-17,COD
9094,455,1430,2,428,856,2024-09-16,Card
9095,1543,1369,1,573,573,2025-05-12,UPI
9096,1085,1397,3,285,855,2025-02-19,Card
9097,299,418,4,286,1144,2024-03-22,Card
9098,990,163,2,319,638,2024-02-22,UPI
9099,881,342,4,210,840,2025-01-20,Card
9100,562,10,1,467,467,2024-04-05,Card
9101,1498,1277,3,464,1392,2024-07-19,COD
9102,1005,851,1,598,598,2025-04-26,COD
9103,1267,1285,2,569,1138,2024-12-23,Card
9104,744,1953,2,321,642,2024-03-27,Card
9105,907,1499,3,498,1494,2024-11-21,Card
9106,1168,1689,2,288,576,2024-11-26,UPI
9107,1277,156,2,185,370,2024-03-22,Card
9108,1175,1086,1,248,248,2025-05-10,COD
9109,1682,1235,2,218,436,2024-08-20,UPI
9110,967,1816,4,420,1680,2024-05-26,UPI
9111,1036,1415,2,518,1036,2024-03-10,Card
9112,1373,857,3,103,309,2024-11-16,UPI
9113,1010,983,4,107,428,2024-02-22,COD
9114,1546,1785,3,137,411,2024-09-02,UPI
9115,1374,182,4,330,1320,2025-05-12,COD
9116,596,1561,3,523,1569,2024-08-16,Card
9117,1282,1309,2,131,262,2025-03-23,COD
9118,1828,1938,4,186,744,2024-08-30,UPI
9119,1618,1461,1,568,568,2024-04-27,Card
9120,1607,927,4,291,1164,2025-03-12,Card
9121,254,655,3,132,396,2024-02-16,Card
9122,382,207,2,269,538,2024-03-04,Card
9123,1064,1544,1,448,448,2025-01-17,UPI
9124,1377,1204,3,375,1125,2025-02-22,UPI
9125,1980,812,2,476,952,2024-01-31,Card
9126,1925,452,2,356,712,2024-02-16,Card
9127,1033,1013,2,150,300,2024-03-21,COD
9128,1470,122,2,301,602,2024-04-13,COD
9129,58,1993,3,255,765,2024-01-09,COD
9130,1028,1984,4,193,772,2024-07-14,Card
9131,1574,1364,1,358,358,2025-04-09,UPI
9132,747,1781,3,393,1179,2025-01-08,Card
9133,243,296,4,587,2348,2024-01-25,UPI
9134,675,322,1,311,311,2024-09-20,UPI
9135,1602,1855,2,438,876,2024-11-07,COD
9136,1518,1611,4,246,984,2024-05-12,UPI
9137,1655,60,3,220,660,2024-05-15,UPI
9138,223,1998,1,482,482,2024-02-04,Card
9139,873,62,3,179,537,2024-09-17,UPI
9140,186,1616,2,245,490,2024-03-26,COD
9141,1431,525,2,270,540,2025-03-25,UPI
9142,1288,967,2,283,566,2025-05-11,UPI
9143,97,1607,3,293,879,2024-09-13,Card
9144,1862,741,4,184,736,2025-03-15,UPI
9145,1103,1586,4,363,1452,2024-07-17,Card
9146,569,1920,1,288,288,2025-01-18,Card
9147,700,768,3,597,1791,2024-01-05,Card
9148,1039,1191,3,567,1701,2025-04-10,COD
9149,1393,1870,4,166,664,2024-01-03,COD
9150,924,213,2,159,318,2024-06-24,COD
9151,1878,390,3,319,957,2024-03-25,UPI
9152,1850,708,2,554,1108,2025-01-22,COD
9153,700,1517,3,209,627,2024-01-28,UPI
9154,649,646,2,308,616,2024-06-05,Card
9155,1102,1105,2,500,1000,2024-04-24,COD
9156,1763,1926,2,392,784,2024-11-08,COD
9157,190,632,3,310,930,2024-01-18,Card
9158,1083,854,1,575,575,2025-01-03,UPI
9159,582,312,4,489,1956,2024-08-14,Card
9160,96,527,4,548,2192,2024-01-10,Card
9161,1451,1679,3,572,1716,2024-09-30,UPI
9162,1429,1833,4,484,1936,2024-10-22,Card
9163,1983,411,2,427,854,2025-05-02,COD
9164,607,1493,3,581,1743,2025-01-19,COD
9165,990,946,3,295,885,2025-03-07,Card
9166,1412,436,3,592,1776,2025-03-02,UPI
9167,1147,464,3,426,1278,2024-12-06,COD
9168,1530,117,4,499,1996,2024-03-13,COD
9169,17,960,1,229,229,2024-07-13,Card
9170,1881,4,1,197,197,2024-02-12,Card
9171,1983,1787,2,274,548,2024-10-13,UPI
9172,1288,1736,2,473,946,2024-11-16,Card
9173,1808,705,3,250,750,2024-08-18,UPI
9174,132,1084,3,499,1497,2025-05-13,Card
9175,1901,149,3,191,573,2025-04-25,COD
9176,691,644,2,379,758,2024-12-19,UPI
9177,1814,59,4,468,1872,2025-03-22,Card
9178,366,784,1,413,413,2024-12-02,Card
9179,838,1110,1,488,488,2024-03-09,UPI
9180,1075,1728,4,508,2032,2024-02-22,UPI
9181,25,181,2,168,336,2024-01-17,UPI
9182,1345,462,1,435,435,2024-07-29,UPI
9183,704,228,4,396,1584,2024-07-07,COD
9184,847,739,4,303,1212,2024-07-25,UPI
9185,1514,1697,1,287,287,2025-01-11,UPI
9186,3,1742,4,237,948,2024-08-15,UPI
9187,1456,33,3,150,450,2024-04-26,COD
9188,1599,1190,4,380,1520,2024-09-24,Card
9189,24,73,4,134,536,2024-07-14,Card
9190,1410,434,1,149,149,2025-02-05,Card
9191,141,1005,4,108,432,2024-12-21,Card
9192,1843,935,3,582,1746,2024-12-14,Card
9193,754,629,3,116,348,2024-12-27,Card
9194,515,233,4,166,664,2025-02-20,COD
9195,1492,1375,1,366,366,2025-03-28,UPI
9196,565,1170,2,249,498,2025-02-04,Card
9197,1143,1919,4,128,512,2024-09-01,COD
9198,424,488,1,111,111,2024-12-16,Card
9199,1221,50,3,344,1032,2025-03-27,COD
9200,101,488,2,111,222,2024-02-08,Card
9201,238,1865,1,488,488,2025-02-06,Card
9202,1007,389,2,582,1164,2025-02-19,COD
9203,827,1852,1,376,376,2025-04-10,COD
9204,1977,1126,3,582,1746,2024-06-02,UPI
9205,883,1996,1,245,245,2024-08-28,Card
9206,163,1200,2,263,526,2025-02-02,COD
9207,1965,1494,4,548,2192,2025-02-01,COD
9208,1374,92,1,505,505,2024-09-27,Card
9209,686,1655,2,512,1024,2024-07-18,COD
9210,1372,838,4,214,856,2024-03-21,COD
9211,326,1384,1,539,539,2024-10-12,Card
9212,1880,1627,2,221,442,2025-02-09,UPI
9213,1439,33,2,150,300,2024-08-10,UPI
9214,19,1161,1,431,431,2024-12-15,Card
9215,74,25,4,559,2236,2024-08-12,UPI
9216,1868,123,1,358,358,2024-03-08,UPI
9217,413,300,4,269,1076,2024-07-19,Card
9218,962,1710,3,360,1080,2024-12-15,UPI
9219,1052,1513,1,218,218,2024-10-15,UPI
9220,758,1605,4,545,2180,2024-04-24,COD
9221,1268,1390,2,567,1134,2025-05-07,UPI
9222,670,1196,4,494,1976,2024-05-11,UPI
9223,1510,1238,1,432,432,2024-10-31,UPI
9224,210,767,1,253,253,2024-04-11,UPI
9225,414,1634,1,564,564,2024-04-14,COD
9226,1727,535,4,294,1176,2025-02-01,COD
9227,32,1266,3,492,1476,2025-01-19,UPI
9228,1696,1415,2,518,1036,2024-05-19,Card
9229,1579,1532,4,528,2112,2024-12-01,COD
9230,872,1173,1,169,169,2024-10-05,Card
9231,1679,813,2,327,654,2024-04-28,Card
9232,1563,1109,4,252,1008,2024-03-10,COD
9233,1965,1930,1,276,276,2024-01-25,COD
9234,1038,290,2,414,828,2025-04-27,COD
9235,1106,755,2,467,934,2024-07-21,UPI
9236,1641,1609,1,472,472,2024-03-05,COD
9237,1059,1643,2,509,1018,2024-05-19,UPI
9238,644,862,3,421,1263,2024-03-14,COD
9239,461,461,4,261,1044,2024-08-01,Card
9240,1070,1753,3,515,1545,2024-02-14,Card
9241,1953,1959,2,545,1090,2024-09-18,UPI
9242,545,827,2,380,760,2024-05-04,UPI
9243,387,701,3,218,654,2024-04-19,COD
9244,1868,138,1,189,189,2025-01-31,UPI
9245,22,54,1,218,218,2025-04-24,UPI
9246,1230,969,4,279,1116,2024-02-29,Card
9247,65,598,1,479,479,2025-01-15,COD
9248,149,1188,4,494,1976,2024-02-20,Card
9249,1569,523,2,379,758,2025-01-08,Card
9250,1723,1310,2,288,576,2024-08-10,UPI
9251,780,996,4,149,596,2025-02-14,Card
9252,360,283,1,426,426,2024-01-10,UPI
9253,336,692,2,239,478,2025-03-05,UPI
9254,364,169,3,426,1278,2024-12-27,UPI
9255,588,1689,2,288,576,2024-12-17,UPI
9256,739,1766,4,430,1720,2024-04-30,UPI
9257,26,1866,3,298,894,2025-03-05,Card
9258,1690,1177,1,479,479,2024-05-10,UPI
9259,964,375,1,502,502,2024-02-08,UPI
9260,1342,590,1,233,233,2024-09-21,COD
9261,1678,1909,3,122,366,2025-04-01,Card
9262,498,1499,1,498,498,2024-08-21,Card
9263,1759,369,1,296,296,2024-12-22,Card
9264,1105,754,1,221,221,2024-09-03,Card
9265,201,92,1,505,505,2025-02-02,Card
9266,1858,799,2,568,1136,2025-04-21,UPI
9267,629,1192,3,201,603,2024-05-12,Card
9268,1339,312,2,489,978,2024-09-25,UPI
9269,1486,881,3,124,372,2024-07-21,UPI
9270,808,1,2,261,522,2024-01-15,COD
9271,1730,1327,3,127,381,2025-01-01,UPI
9272,839,442,3,216,648,2024-02-21,COD
9273,1859,170,4,499,1996,2024-11-17,UPI
9274,1595,455,4,251,1004,2024-03-28,UPI
9275,703,214,2,484,968,2025-01-27,UPI
9276,1776,926,2,301,602,2024-01-03,Card
9277,1408,311,2,209,418,2024-02-19,COD
9278,1517,1849,1,598,598,2024-04-29,COD
9279,701,783,4,284,1136,2024-01-06,Card
9280,590,757,4,393,1572,2025-04-22,UPI
9281,1175,1583,1,358,358,2024-04-30,Card
9282,1186,142,4,493,1972,2024-12-21,UPI
9283,1660,604,3,367,1101,2024-02-26,Card
9284,983,762,2,108,216,2024-01-02,COD
9285,1746,1173,4,169,676,2024-03-02,UPI
9286,1837,1081,3,232,696,2025-04-11,COD
9287,609,919,1,505,505,2025-03-10,COD
9288,807,1853,4,165,660,2024-06-27,Card
9289,1618,1473,2,284,568,2024-10-16,Card
9290,820,402,4,501,2004,2024-11-16,Card
9291,1128,515,2,135,270,2025-03-09,Card
9292,1578,736,3,354,1062,2025-01-16,Card
9293,735,526,2,163,326,2024-01-14,Card
9294,1647,1985,3,452,1356,2024-07-07,Card
9295,1870,640,1,521,521,2024-09-28,COD
9296,765,1737,2,537,1074,2025-04-26,UPI
9297,88,966,1,297,297,2024-11-14,UPI
9298,1097,122,2,301,602,2024-07-01,Card
9299,1390,1203,2,137,274,2025-03-13,UPI
9300,224,982,2,458,916,2025-01-24,COD
9301,1503,1443,2,192,384,2025-01-31,UPI
9302,1883,1294,3,508,1524,2024-12-07,COD
9303,1370,1217,4,259,1036,2024-04-20,UPI
9304,705,517,3,244,732,2024-01-29,UPI
9305,38,1276,4,573,2292,2024-10-22,COD
9306,1929,1232,2,258,516,2024-04-10,Card
9307,1533,1486,1,291,291,2024-10-20,UPI
9308,1206,463,2,127,254,2024-10-17,Card
9309,171,437,3,313,939,2025-05-02,COD
9310,1417,1629,1,339,339,2024-06-13,UPI
9311,1279,1598,3,350,1050,2024-06-22,UPI
9312,206,766,1,251,251,2024-04-10,COD
9313,656,175,1,442,442,2024-02-29,COD
9314,329,1143,2,155,310,2024-12-04,UPI
9315,521,107,2,396,792,2025-01-05,UPI
9316,356,1253,3,333,999,2024-08-25,UPI
9317,751,327,2,424,848,2024-01-24,UPI
9318,1652,855,3,433,1299,2024-01-09,UPI
9319,519,783,1,284,284,2024-06-23,UPI
9320,1730,100,1,171,171,2025-05-01,Card
9321,119,1929,4,276,1104,2024-05-24,COD
9322,1621,1102,1,217,217,2024-08-05,Card
9323,1945,1422,4,285,1140,2025-04-26,COD
9324,188,1562,3,535,1605,2024-11-14,UPI
9325,1846,1503,2,406,812,2024-08-20,COD
9326,1372,905,3,466,1398,2025-02-09,Card
9327,1526,1486,1,291,291,2024-07-20,UPI
9328,349,179,2,420,840,2024-02-12,UPI
9329,1922,1673,4,215,860,2024-11-01,UPI
9330,376,851,2,598,1196,2024-11-04,UPI
9331,224,1471,1,430,430,2024-06-06,COD
9332,587,1910,2,543,1086,2024-07-14,UPI
9333,265,510,3,374,1122,2024-10-06,COD
9334,1765,197,4,555,2220,2025-05-05,COD
9335,1813,1650,4,382,1528,2025-03-21,COD
9336,1050,439,2,384,768,2024-01-07,Card
9337,1844,1696,1,444,444,2025-02-25,COD
9338,659,1030,4,346,1384,2025-01-02,UPI
9339,370,232,1,561,561,2024-03-15,Card
9340,1827,1469,3,481,1443,2024-07-09,COD
9341,1460,1637,1,428,428,2025-04-02,UPI
9342,1057,525,2,270,540,2025-03-10,Card
9343,1490,225,2,599,1198,2024-06-30,Card
9344,1454,1169,2,478,956,2024-08-07,Card
9345,409,1023,2,344,688,2024-11-26,UPI
9346,818,526,1,163,163,2024-08-26,COD
9347,352,1277,4,464,1856,2024-09-11,COD
9348,6,373,1,596,596,2024-08-13,COD
9349,549,1276,3,573,1719,2024-04-29,UPI
9350,29,1121,4,448,1792,2025-04-08,Card
9351,727,1399,1,541,541,2024-04-25,UPI
9352,1775,1858,2,587,1174,2024-12-19,COD
9353,1387,454,1,425,425,2024-05-23,COD
9354,1731,636,3,558,1674,2025-02-10,COD
9355,168,701,2,218,436,2024-08-17,COD
9356,1592,969,1,279,279,2024-08-25,UPI
9357,129,1519,4,198,792,2024-09-22,UPI
9358,1976,571,4,598,2392,2024-06-29,UPI
9359,191,1124,4,252,1008,2024-09-30,COD
9360,1844,341,1,517,517,2025-04-23,COD
9361,365,1565,2,191,382,2024-07-24,Card
9362,1622,1711,1,328,328,2024-08-14,Card
9363,699,1877,1,320,320,2024-06-28,UPI
9364,910,1684,1,336,336,2024-12-08,UPI
9365,868,1807,3,209,627,2024-01-13,COD
9366,1287,913,3,355,1065,2024-09-10,Card
9367,118,233,4,166,664,2024-01-25,Card
9368,939,287,1,119,119,2024-07-13,COD
9369,117,512,4,319,1276,2024-02-09,UPI
9370,1141,1004,1,244,244,2024-03-11,COD
9371,834,1433,1,562,562,2024-02-19,Card
9372,1985,1912,4,430,1720,2024-05-21,COD
9373,146,1611,2,246,492,2024-02-24,UPI
9374,1194,31,3,399,1197,2024-08-22,UPI
9375,265,675,3,140,420,2024-08-05,Card
9376,950,323,2,438,876,2025-05-03,UPI
9377,737,1701,1,526,526,2024-02-04,Card
9378,562,1710,3,360,1080,2024-12-09,Card
9379,1012,1999,1,221,221,2025-01-08,Card
9380,1862,1147,3,204,612,2024-01-01,UPI
9381,560,325,1,514,514,2024-08-23,UPI
9382,956,1039,3,216,648,2024-07-19,UPI
9383,1456,1161,2,431,862,2024-02-29,Card
9384,1751,1237,2,201,402,2025-04-05,UPI
9385,1882,727,2,357,714,2024-08-31,UPI
9386,1843,1822,3,263,789,2024-09-26,COD
9387,1746,1582,3,104,312,2025-03-09,COD
9388,1368,1773,3,202,606,2024-02-06,UPI
9389,1791,1218,2,440,880,2024-03-23,COD
9390,1151,1048,4,347,1388,2025-03-20,UPI
9391,144,1851,3,501,1503,2024-03-16,COD
9392,1994,1596,1,132,132,2024-02-21,UPI
9393,600,1539,1,435,435,2024-12-08,Card
9394,680,747,3,328,984,2025-03-03,Card
9395,101,1083,1,484,484,2025-03-15,Card
9396,1514,169,3,426,1278,2024-12-19,COD
9397,624,1645,1,571,571,2025-03-30,Card
9398,1773,321,4,317,1268,2025-04-24,Card
9399,1229,889,2,106,212,2024-01-20,COD
9400,620,1793,2,577,1154,2025-02-08,UPI
9401,1184,1841,3,196,588,2024-05-21,UPI
9402,233,710,1,167,167,2024-05-05,COD
9403,1652,1232,4,258,1032,2024-09-03,UPI
9404,1642,1814,4,515,2060,2024-07-14,Card
9405,229,768,3,597,1791,2024-05-31,COD
9406,976,936,3,369,1107,2024-04-16,UPI
9407,669,1437,3,138,414,2025-05-10,COD
9408,987,752,2,109,218,2024-07-27,Card
9409,742,1317,2,290,580,2024-05-20,UPI
9410,889,269,2,106,212,2024-09-30,COD
9411,334,696,3,244,732,2024-06-15,COD
9412,1561,1819,2,461,922,2024-03-29,COD
9413,915,411,2,427,854,2025-01-29,Card
9414,803,1066,2,310,620,2024-12-16,Card
9415,904,1799,4,575,2300,2024-09-08,Card
9416,1706,1193,4,331,1324,2024-06-25,Card
9417,873,171,4,372,1488,2025-01-05,Card
9418,452,402,2,501,1002,2025-04-05,UPI
9419,1200,1050,2,203,406,2024-02-17,UPI
9420,833,1994,2,302,604,2024-08-21,UPI
9421,1255,776,1,123,123,2025-03-31,COD
9422,1885,1914,3,104,312,2024-10-31,Card
9423,1536,815,2,230,460,2024-02-07,Card
9424,1954,562,1,188,188,2024-04-17,COD
9425,917,1164,3,101,303,2024-04-07,Card
9426,1802,1649,1,141,141,2025-01-11,Card
9427,1080,1886,3,189,567,2024-03-20,UPI
9428,196,955,4,214,856,2025-03-31,COD
9429,1586,1039,4,216,864,2024-11-27,COD
9430,1957,363,1,116,116,2024-05-14,COD
9431,770,1865,3,488,1464,2024-05-02,Card
9432,606,1532,3,528,1584,2025-04-28,Card
9433,1955,1620,1,239,239,2024-01-16,COD
9434,403,635,3,164,492,2025-03-03,COD
9435,1583,985,3,340,1020,2024-05-09,Card
9436,510,138,4,189,756,2024-06-02,UPI
9437,1301,699,1,114,114,2025-04-21,Card
9438,1391,612,1,184,184,2024-09-06,Card
9439,697,533,4,149,596,2024-02-29,COD
9440,402,403,4,468,1872,2024-01-28,UPI
9441,425,1865,2,488,976,2025-05-12,COD
9442,1375,381,2,582,1164,2024-05-28,COD
9443,1458,1038,2,367,734,2025-02-08,UPI
9444,1780,866,1,199,199,2024-03-26,UPI
9445,1790,1870,4,166,664,2024-01-20,Card
9446,143,742,3,413,1239,2024-10-09,UPI
9447,1948,1423,3,221,663,2024-07-27,UPI
9448,816,1533,2,150,300,2024-07-25,Card
9449,1619,1745,3,260,780,2024-10-28,COD
9450,1842,1984,1,193,193,2024-05-24,COD
9451,1006,772,4,543,2172,2024-05-15,UPI
9452,1705,1065,3,535,1605,2024-07-21,Card
9453,1132,1960,3,266,798,2024-01-14,Card
9454,617,1100,1,443,443,2024-07-15,UPI
9455,704,1168,3,449,1347,2025-02-25,UPI
9456,477,238,4,467,1868,2024-05-26,COD
9457,997,697,1,588,588,2024-06-14,COD
9458,1702,32,4,192,768,2024-10-25,Card
9459,569,127,3,258,774,2024-06-10,COD
9460,1802,219,2,338,676,2025-03-29,UPI
9461,1662,812,1,476,476,2025-01-23,UPI
9462,375,1036,4,497,1988,2025-01-14,COD
9463,1895,1041,2,366,732,2025-02-13,UPI
9464,296,140,4,278,1112,2025-01-06,COD
9465,144,742,3,413,1239,2024-01-03,UPI
9466,1791,605,4,275,1100,2024-08-14,UPI
9467,130,304,3,108,324,2024-12-16,Card
9468,443,888,1,116,116,2024-11-03,Card
9469,619,1846,1,508,508,2024-04-01,Card
9470,1048,590,2,233,466,2024-11-01,COD
9471,991,1479,4,208,832,2024-12-03,COD
9472,1465,1112,1,435,435,2025-05-14,UPI
9473,1267,1831,1,542,542,2024-09-30,Card
9474,1028,330,1,578,578,2024-01-22,UPI
9475,54,1407,2,434,868,2025-02-13,COD
9476,1632,1156,2,443,886,2024-03-10,UPI
9477,57,1363,3,326,978,2024-12-12,UPI
9478,772,1264,4,210,840,2024-03-20,Card
9479,1235,1307,4,163,652,2024-03-28,Card
9480,531,130,3,424,1272,2024-12-27,Card
9481,792,755,2,467,934,2024-10-02,UPI
9482,1067,1654,2,449,898,2024-10-17,COD
9483,672,1885,1,242,242,2024-08-16,UPI
9484,1152,1422,4,285,1140,2024-07-22,COD
9485,447,1506,4,148,592,2024-09-27,UPI
9486,569,586,2,198,396,2025-03-31,COD
9487,148,745,4,242,968,2025-02-04,UPI
9488,407,1619,2,514,1028,2025-05-12,COD
9489,1680,798,1,264,264,2024-07-20,UPI
9490,1929,1886,2,189,378,2025-01-28,COD
9491,1896,1118,3,369,1107,2024-11-02,COD
9492,159,67,4,252,1008,2024-08-22,COD
9493,1114,759,3,356,1068,2025-04-24,COD
9494,1450,1251,4,517,2068,2025-03-22,Card
9495,602,1433,3,562,1686,2024-04-28,Card
9496,205,430,1,497,497,2025-04-23,Card
9497,1479,26,3,238,714,2024-08-09,COD
9498,1417,1464,3,234,702,2024-02-15,Card
9499,1999,625,4,187,748,2025-01-23,Card
9500,1824,1146,1,168,168,2024-01-26,UPI
9501,569,905,2,466,932,2024-02-24,Card
9502,498,379,3,289,867,2025-02-10,UPI
9503,671,1324,3,539,1617,2024-03-16,COD
9504,355,1326,4,550,2200,2025-04-04,UPI
9505,1436,700,2,503,1006,2024-03-28,COD
9506,1392,606,1,241,241,2024-06-29,UPI
9507,1961,1657,3,195,585,2024-09-10,COD
9508,1960,1977,2,303,606,2024-03-04,Card
9509,659,872,3,572,1716,2024-01-01,UPI
9510,493,1251,4,517,2068,2024-05-23,UPI
9511,695,53,2,302,604,2024-06-06,UPI
9512,934,344,1,102,102,2024-02-08,COD
9513,1318,1609,3,472,1416,2024-05-19,Card
9514,484,268,1,207,207,2024-12-06,UPI
9515,813,507,3,529,1587,2024-05-17,Card
9516,1327,1112,4,435,1740,2025-02-21,Card
9517,709,276,4,431,1724,2024-09-08,COD
9518,252,691,3,171,513,2024-06-18,UPI
9519,939,1807,3,209,627,2024-03-19,UPI
9520,1461,413,4,294,1176,2024-09-09,Card
9521,88,1476,2,108,216,2024-03-12,UPI
9522,806,1922,4,586,2344,2025-02-18,COD
9523,115,1072,1,191,191,2024-02-12,Card
9524,145,104,3,499,1497,2024-09-04,Card
9525,328,1416,3,411,1233,2024-11-20,Card
9526,1773,1410,1,201,201,2025-02-18,Card
9527,1372,1727,4,498,1992,2024-07-05,Card
9528,1351,1924,2,179,358,2024-08-31,UPI
9529,528,1286,1,270,270,2024-01-24,Card
9530,49,1226,1,390,390,2024-05-04,COD
9531,1528,46,1,290,290,2024-09-29,UPI
9532,648,622,3,281,843,2024-04-05,COD
9533,813,78,1,486,486,2024-12-17,UPI
9534,847,1890,3,597,1791,2024-06-15,Card
9535,269,1240,1,333,333,2025-03-13,UPI
9536,941,1764,4,381,1524,2024-01-08,Card
9537,875,741,3,184,552,2024-09-17,COD
9538,991,61,1,480,480,2024-02-10,COD
9539,1475,218,3,126,378,2025-05-10,COD
9540,1717,1008,2,498,996,2025-02-12,Card
9541,1872,457,2,446,892,2024-10-27,UPI
9542,942,249,2,271,542,2024-01-28,Card
9543,770,1350,4,570,2280,2024-03-31,UPI
9544,1125,1056,2,548,1096,2024-01-05,Card
9545,654,1269,4,594,2376,2025-05-03,Card
9546,399,1712,3,588,1764,2024-05-19,COD
9547,1543,728,1,595,595,2025-05-15,UPI
9548,679,1400,4,543,2172,2025-02-08,UPI
9549,943,148,4,577,2308,2024-06-04,COD
9550,112,774,4,593,2372,2024-02-26,COD
9551,675,63,4,128,512,2025-02-04,Card
9552,569,1692,3,226,678,2024-11-17,COD
9553,666,1963,3,531,1593,2024-05-26,COD
9554,1090,803,3,116,348,2025-03-31,COD
9555,851,1724,4,391,1564,2025-01-02,Card
9556,1616,1160,1,381,381,2024-08-21,Card
9557,58,1771,4,466,1864,2024-11-30,COD
9558,1623,1303,2,561,1122,2024-04-18,COD
9559,1086,997,4,247,988,2024-10-05,Card
9560,162,1574,1,419,419,2024-10-29,UPI
9561,1800,1486,3,291,873,2024-11-27,Card
9562,1188,1593,1,403,403,2025-01-13,COD
9563,621,497,2,270,540,2024-09-18,UPI
9564,16,1041,2,366,732,2024-08-19,Card
9565,1285,484,3,436,1308,2024-09-06,COD
9566,1752,1585,1,194,194,2024-08-02,COD
9567,287,1035,4,496,1984,2024-06-05,Card
9568,1180,1662,3,560,1680,2024-11-29,Card
9569,929,1613,1,484,484,2025-03-23,COD
9570,1078,771,1,436,436,2024-12-21,UPI
9571,56,1225,3,305,915,2024-10-15,Card
9572,804,1342,3,436,1308,2025-02-27,UPI
9573,1759,126,1,450,450,2024-09-18,Card
9574,705,391,2,263,526,2024-12-22,UPI
9575,599,1991,2,136,272,2024-07-21,Card
9576,1318,570,2,392,784,2024-10-11,COD
9577,1715,811,2,273,546,2025-01-10,UPI
9578,35,1538,2,131,262,2024-09-27,COD
9579,25,846,2,596,1192,2024-03-04,Card
9580,799,1651,3,467,1401,2024-03-11,UPI
9581,750,1444,2,234,468,2024-04-28,COD
9582,900,1887,2,419,838,2024-03-23,COD
9583,1161,1129,2,579,1158,2024-12-13,UPI
9584,441,642,4,417,1668,2024-04-13,COD
9585,570,1868,1,511,511,2025-02-15,UPI
9586,847,1606,1,563,563,2024-02-21,UPI
9587,378,680,2,211,422,2024-01-05,Card
9588,1060,322,4,311,1244,2024-06-24,Card
9589,68,547,2,368,736,2024-07-07,COD
9590,1374,1959,4,545,2180,2024-08-28,Card
9591,1618,1886,3,189,567,2025-04-27,Card
9592,155,816,1,293,293,2024-11-28,COD
9593,289,1233,2,533,1066,2025-01-19,UPI
9594,841,605,3,275,825,2024-03-19,COD
9595,1275,1677,2,591,1182,2024-07-03,COD
9596,1465,826,1,321,321,2024-01-11,COD
9597,1651,1306,1,571,571,2025-05-15,UPI
9598,570,177,1,525,525,2025-02-17,UPI
9599,1112,898,1,505,505,2024-08-11,UPI
9600,809,63,4,128,512,2024-08-05,COD
9601,632,802,1,315,315,2024-11-06,COD
9602,483,1069,1,163,163,2024-10-04,COD
9603,1400,1926,3,392,1176,2025-01-09,UPI
9604,150,1339,3,410,1230,2024-11-19,Card
9605,781,1516,2,268,536,2024-08-23,UPI
9606,680,948,2,174,348,2024-12-31,COD
9607,1222,1984,2,193,386,2024-05-13,UPI
9608,1049,934,3,517,1551,2024-12-16,Card
9609,275,1077,3,325,975,2024-08-13,UPI
9610,472,1121,4,448,1792,2025-03-19,COD
9611,235,1035,3,496,1488,2024-04-12,Card
9612,1033,1613,2,484,968,2025-02-03,Card
9613,1921,799,2,568,1136,2024-06-27,Card
9614,1661,1042,4,520,2080,2024-02-24,Card
9615,1047,1641,4,274,1096,2024-04-28,UPI
9616,816,747,3,328,984,2024-08-28,COD
9617,278,51,3,226,678,2024-06-28,UPI
9618,1358,1334,4,594,2376,2024-12-31,Card
9619,1820,1046,2,172,344,2025-02-16,UPI
9620,160,495,2,572,1144,2025-01-06,UPI
9621,152,1137,1,344,344,2025-02-20,UPI
9622,1759,523,2,379,758,2024-06-28,COD
9623,7,439,1,384,384,2024-10-26,UPI
9624,145,898,3,505,1515,2024-01-10,UPI
9625,1906,1369,3,573,1719,2025-03-10,Card
9626,1069,709,2,102,204,2024-11-01,COD
9627,1709,1892,2,206,412,2024-07-11,Card
9628,1274,640,3,521,1563,2024-08-20,UPI
9629,1432,1967,1,164,164,2024-12-26,Card
9630,332,657,4,243,972,2024-05-12,UPI
9631,593,671,1,294,294,2024-05-11,COD
9632,350,1924,1,179,179,2024-07-31,Card
9633,1125,496,4,217,868,2024-09-21,COD
9634,1495,1221,1,385,385,2025-02-12,Card
9635,541,759,3,356,1068,2025-02-27,Card
9636,1044,564,2,124,248,2024-09-24,COD
9637,440,1491,2,438,876,2024-07-24,Card
9638,926,1587,3,250,750,2024-06-02,Card
9639,421,132,2,117,234,2024-12-04,UPI
9640,1413,1259,1,267,267,2025-01-06,Card
9641,905,1581,3,495,1485,2025-03-02,Card
9642,151,1215,2,345,690,2024-10-01,UPI
9643,222,1300,4,538,2152,2025-03-24,UPI
9644,423,1317,1,290,290,2025-05-02,Card
9645,257,650,4,502,2008,2025-03-27,COD
9646,720,989,2,496,992,2024-10-01,COD
9647,1335,932,1,476,476,2024-08-26,COD
9648,1734,1397,1,285,285,2025-02-08,COD
9649,170,50,2,344,688,2024-12-17,UPI
9650,1412,746,4,118,472,2024-05-09,UPI
9651,669,59,4,468,1872,2024-09-08,UPI
9652,1220,1945,2,417,834,2024-10-02,Card
9653,1588,1735,4,437,1748,2025-03-08,UPI
9654,1992,1496,2,171,342,2024-12-06,UPI
9655,1578,572,3,580,1740,2025-03-17,UPI
9656,881,1611,4,246,984,2024-06-10,COD
9657,643,891,4,120,480,2024-08-30,COD
9658,272,1068,2,441,882,2024-03-12,Card
9659,664,20,2,517,1034,2024-07-31,Card
9660,1369,1946,4,151,604,2024-01-27,COD
9661,1876,1343,4,118,472,2024-10-01,Card
9662,17,1886,3,189,567,2024-05-29,COD
9663,600,1014,4,282,1128,2025-03-06,Card
9664,1091,766,1,251,251,2025-02-19,COD
9665,966,1343,1,118,118,2024-08-14,Card
9666,1604,1483,1,219,219,2025-04-23,UPI
9667,78,1450,3,220,660,2024-08-07,COD
9668,1213,1800,3,188,564,2025-01-10,COD
9669,80,148,1,577,577,2024-01-07,UPI
9670,648,1389,2,339,678,2025-04-17,Card
9671,581,1767,2,252,504,2024-12-12,UPI
9672,1527,790,1,198,198,2024-05-27,COD
9673,1432,1219,3,391,1173,2025-01-24,UPI
9674,1531,1065,4,535,2140,2024-04-01,COD
9675,1360,1839,1,459,459,2024-08-19,COD
9676,1356,872,2,572,1144,2024-07-04,Card
9677,807,822,1,267,267,2024-03-22,COD
9678,1749,1574,4,419,1676,2024-03-14,Card
9679,437,535,4,294,1176,2025-04-20,COD
9680,372,518,4,556,2224,2024-06-30,UPI
9681,1839,1118,2,369,738,2025-02-09,COD
9682,654,1120,4,473,1892,2024-10-24,Card
9683,1377,861,4,390,1560,2025-05-04,Card
9684,1088,1981,3,148,444,2025-02-21,Card
9685,101,140,2,278,556,2024-11-09,COD
9686,313,1933,1,468,468,2024-12-21,COD
9687,41,188,3,389,1167,2025-01-29,Card
9688,1165,1473,2,284,568,2024-01-15,COD
9689,1481,1222,3,296,888,2025-04-09,Card
9690,1158,1974,2,498,996,2024-06-25,COD
9691,478,464,4,426,1704,2025-05-03,Card
9692,688,890,4,192,768,2024-03-07,Card
9693,1068,997,3,247,741,2025-01-14,COD
9694,1710,1879,3,374,1122,2024-05-06,UPI
9695,1170,1657,4,195,780,2025-01-06,COD
9696,163,281,2,508,1016,2024-06-16,Card
9697,463,1978,3,250,750,2024-04-13,COD
9698,562,1012,3,575,1725,2024-08-18,Card
9699,950,1348,3,419,1257,2024-06-22,Card
9700,1146,1165,2,162,324,2024-08-14,Card
9701,119,1866,2,298,596,2024-11-02,COD
9702,1437,504,3,355,1065,2025-02-25,UPI
9703,1689,1976,4,214,856,2024-09-11,COD
9704,1267,1518,2,272,544,2024-01-15,UPI
9705,71,1406,3,303,909,2024-12-01,UPI
9706,1836,1866,1,298,298,2024-05-03,COD
9707,1693,1910,3,543,1629,2024-03-18,UPI
9708,1784,535,1,294,294,2025-04-29,COD
9709,134,643,4,191,764,2024-07-17,Card
9710,123,1034,2,303,606,2024-01-05,UPI
9711,1477,1438,2,326,652,2024-02-14,Card
9712,1466,1790,2,156,312,2024-11-30,UPI
9713,1854,1949,4,181,724,2025-01-22,UPI
9714,1441,648,1,530,530,2024-12-01,COD
9715,1465,1586,3,363,1089,2024-09-12,UPI
9716,134,977,1,304,304,2024-07-09,Card
9717,1614,1534,4,530,2120,2024-10-25,COD
9718,1622,103,2,591,1182,2025-01-17,UPI
9719,1443,291,2,503,1006,2025-01-21,UPI
9720,944,482,1,287,287,2024-02-17,UPI
9721,757,1967,2,164,328,2025-01-09,UPI
9722,381,446,2,170,340,2024-07-13,COD
9723,843,1838,4,125,500,2024-09-11,COD
9724,1693,894,4,330,1320,2024-05-07,UPI
9725,1539,1569,1,156,156,2024-11-19,COD
9726,1725,1660,1,600,600,2024-11-19,COD
9727,464,1081,3,232,696,2024-10-13,UPI
9728,1295,674,3,452,1356,2025-03-15,UPI
9729,6,1076,1,147,147,2025-01-08,Card
9730,971,748,2,497,994,2025-03-19,Card
9731,148,143,1,356,356,2024-05-20,COD
9732,572,1161,4,431,1724,2024-01-18,UPI
9733,1098,1405,4,474,1896,2025-05-01,UPI
9734,957,126,3,450,1350,2025-02-05,UPI
9735,220,391,1,263,263,2024-11-16,Card
9736,1351,633,3,448,1344,2024-10-19,Card
9737,1457,1292,2,508,1016,2024-05-13,Card
9738,1399,1449,2,174,348,2024-03-13,COD
9739,953,1913,4,395,1580,2024-10-24,Card
9740,384,170,1,499,499,2025-04-25,Card
9741,1111,588,1,338,338,2025-02-06,COD
9742,995,1744,1,224,224,2024-10-19,Card
9743,1794,591,2,224,448,2024-02-22,COD
9744,1612,1765,2,148,296,2024-02-07,COD
9745,864,1966,1,512,512,2025-03-17,UPI
9746,685,1866,3,298,894,2024-02-03,Card
9747,942,646,2,308,616,2025-03-18,Card
9748,1430,1497,4,574,2296,2024-01-28,UPI
9749,930,1264,1,210,210,2025-02-11,COD
9750,1118,1957,1,216,216,2024-12-01,COD
9751,1769,1045,1,268,268,2024-03-11,Card
9752,693,1491,2,438,876,2024-04-04,Card
9753,865,1264,3,210,630,2024-03-10,UPI
9754,1913,717,4,373,1492,2024-04-04,COD
9755,92,1163,4,525,2100,2024-10-10,Card
9756,1295,844,1,368,368,2024-08-11,Card
9757,177,1499,2,498,996,2024-03-13,UPI
9758,326,677,4,281,1124,2024-01-08,Card
9759,562,1070,2,215,430,2024-04-25,COD
9760,1697,1827,1,396,396,2024-08-18,COD
9761,853,10,3,467,1401,2024-03-11,UPI
9762,7,702,1,386,386,2025-01-11,Card
9763,1323,1322,4,354,1416,2024-06-10,COD
9764,1592,394,1,479,479,2024-05-10,UPI
9765,1662,304,3,108,324,2024-12-17,UPI
9766,1058,730,3,165,495,2024-10-03,COD
9767,281,733,1,340,340,2024-03-26,COD
9768,444,306,2,579,1158,2024-11-23,Card
9769,1996,1169,2,478,956,2024-12-13,UPI
9770,1957,967,4,283,1132,2024-05-17,COD
9771,1235,1758,1,575,575,2024-03-18,Card
9772,345,316,1,132,132,2024-08-09,COD
9773,50,282,3,194,582,2024-05-19,Card
9774,1248,850,4,392,1568,2025-05-05,Card
9775,765,322,2,311,622,2024-07-03,UPI
9776,1911,152,1,355,355,2024-10-29,COD
9777,731,695,4,353,1412,2025-03-27,Card
9778,1636,124,3,150,450,2024-11-11,COD
9779,413,1966,2,512,1024,2024-03-22,UPI
9780,1107,778,2,563,1126,2025-01-16,UPI
9781,1255,1867,3,189,567,2024-06-27,Card
9782,10,1384,4,539,2156,2024-11-23,UPI
9783,404,1495,4,572,2288,2025-04-30,UPI
9784,240,273,4,554,2216,2024-08-27,UPI
9785,1370,325,1,514,514,2024-12-12,Card
9786,1944,1087,4,252,1008,2024-09-19,UPI
9787,510,1557,1,163,163,2025-04-28,Card
9788,635,85,4,573,2292,2025-01-13,UPI
9789,607,375,1,502,502,2024-04-18,COD
9790,1377,965,2,462,924,2024-04-07,Card
9791,470,1034,3,303,909,2024-10-28,UPI
9792,1139,1504,2,414,828,2025-03-09,UPI
9793,547,1718,4,594,2376,2024-11-25,Card
9794,1693,1675,2,545,1090,2025-02-02,UPI
9795,592,128,4,572,2288,2025-03-13,UPI
9796,730,1913,1,395,395,2024-01-04,UPI
9797,479,1067,2,235,470,2024-06-04,Card
9798,1458,1095,1,295,295,2024-02-23,COD
9799,1445,568,3,565,1695,2024-08-22,Card
9800,937,1417,1,116,116,2024-11-27,COD
9801,1021,1371,3,237,711,2025-03-29,COD
9802,1580,1749,4,100,400,2024-02-27,UPI
9803,954,125,2,186,372,2025-01-30,Card
9804,733,330,2,578,1156,2024-06-15,UPI
9805,1892,1254,1,202,202,2025-03-01,COD
9806,490,923,3,181,543,2025-02-12,UPI
9807,910,1488,4,341,1364,2025-05-10,UPI
9808,682,404,2,203,406,2024-01-13,COD
9809,484,665,1,306,306,2024-11-08,Card
9810,1802,1164,3,101,303,2025-05-12,Card
9811,1181,1744,1,224,224,2024-06-18,COD
9812,1322,994,3,263,789,2024-08-29,Card
9813,1472,129,2,495,990,2024-03-11,Card
9814,350,360,1,430,430,2024-03-29,COD
9815,409,904,4,497,1988,2024-09-18,COD
9816,1066,1834,3,277,831,2024-12-30,UPI
9817,1723,393,2,220,440,2024-12-17,COD
9818,445,1781,2,393,786,2024-02-13,Card
9819,437,529,2,359,718,2024-04-21,COD
9820,639,1412,2,325,650,2024-06-04,COD
9821,378,1721,1,580,580,2025-02-13,COD
9822,501,639,3,160,480,2025-03-07,COD
9823,447,463,3,127,381,2024-10-17,UPI
9824,703,1326,4,550,2200,2024-09-16,COD
9825,865,575,1,585,585,2024-01-06,UPI
9826,407,39,4,580,2320,2024-01-31,COD
9827,385,1652,3,482,1446,2024-02-17,UPI
9828,432,1025,1,302,302,2024-10-28,COD
9829,1527,1268,2,489,978,2024-02-29,UPI
9830,1922,1440,2,291,582,2024-01-03,COD
9831,1711,876,3,390,1170,2024-07-23,Card
9832,1812,1914,4,104,416,2024-03-16,UPI
9833,1759,1672,1,200,200,2024-11-11,UPI
9834,907,131,3,293,879,2024-11-12,Card
9835,946,1321,2,207,414,2024-06-21,Card
9836,673,173,3,222,666,2025-04-05,COD
9837,377,1639,1,354,354,2025-02-21,UPI
9838,1078,595,4,361,1444,2025-03-02,Card
9839,588,874,1,564,564,2024-01-14,COD
9840,1441,570,1,392,392,2025-03-12,UPI
9841,630,358,2,254,508,2024-05-16,COD
9842,1601,1808,1,149,149,2025-01-26,UPI
9843,1148,837,3,434,1302,2024-12-27,UPI
9844,220,1654,3,449,1347,2024-12-18,COD
9845,903,175,2,442,884,2025-04-18,COD
9846,1822,796,2,409,818,2024-08-24,UPI
9847,604,306,1,579,579,2025-02-03,UPI
9848,1435,482,2,287,574,2024-11-29,UPI
9849,1627,164,4,559,2236,2024-05-30,COD
9850,729,1764,4,381,1524,2024-08-27,COD
9851,887,722,4,176,704,2024-11-25,COD
9852,626,1833,4,484,1936,2025-01-17,UPI
9853,729,1027,3,595,1785,2024-09-30,Card
9854,1031,102,4,267,1068,2025-04-26,Card
9855,1335,235,2,104,208,2024-08-15,Card
9856,1141,609,1,224,224,2024-05-24,UPI
9857,1850,861,2,390,780,2025-04-04,UPI
9858,1882,795,2,321,642,2025-04-22,COD
9859,523,1631,3,322,966,2024-06-11,UPI
9860,1983,503,1,233,233,2024-03-12,Card
9861,445,1875,4,226,904,2024-04-26,Card
9862,1806,1992,4,570,2280,2025-04-08,COD
9863,305,253,1,159,159,2025-03-10,UPI
9864,1441,1717,3,440,1320,2025-02-28,Card
9865,1995,1218,4,440,1760,2024-09-19,COD
9866,15,1464,1,234,234,2024-01-28,UPI
9867,642,748,3,497,1491,2024-07-12,COD
9868,1415,1157,4,589,2356,2024-06-02,Card
9869,1506,610,2,414,828,2025-04-18,UPI
9870,1671,1138,2,437,874,2024-02-24,UPI
9871,1793,254,2,144,288,2024-04-01,UPI
9872,293,656,1,390,390,2024-05-02,UPI
9873,1874,905,2,466,932,2024-10-12,UPI
9874,48,460,2,581,1162,2025-02-10,Card
9875,1510,707,3,163,489,2024-06-09,UPI
9876,1703,1234,1,483,483,2025-01-28,UPI
9877,923,948,4,174,696,2024-09-22,COD
9878,1633,1001,3,340,1020,2024-09-09,COD
9879,1090,1198,4,453,1812,2024-11-03,COD
9880,476,923,3,181,543,2024-09-25,COD
9881,637,421,1,570,570,2024-07-05,COD
9882,874,964,2,485,970,2024-03-13,Card
9883,991,1292,4,508,2032,2024-03-03,Card
9884,1477,1337,1,328,328,2025-02-04,UPI
9885,1529,803,4,116,464,2025-04-01,COD
9886,711,774,4,593,2372,2024-02-13,COD
9887,1205,1682,3,141,423,2025-02-21,Card
9888,62,678,4,159,636,2025-01-31,Card
9889,1659,814,1,560,560,2024-08-27,COD
9890,1258,15,3,452,1356,2024-10-13,Card
9891,21,1352,3,456,1368,2024-08-19,Card
9892,1292,1383,3,437,1311,2024-11-22,Card
9893,1503,705,4,250,1000,2025-04-26,UPI
9894,326,1704,3,153,459,2025-03-01,Card
9895,1024,1998,4,482,1928,2024-06-22,UPI
9896,611,1383,3,437,1311,2024-09-20,UPI
9897,826,1897,4,355,1420,2024-12-07,UPI
9898,785,921,1,369,369,2025-03-05,UPI
9899,1803,708,4,554,2216,2024-01-16,COD
9900,1906,1239,1,594,594,2025-04-14,Card
9901,415,1527,4,369,1476,2024-11-17,COD
9902,1146,1866,4,298,1192,2025-03-02,UPI
9903,1391,884,1,124,124,2024-07-09,Card
9904,1866,1880,1,265,265,2024-06-10,UPI
9905,198,825,3,393,1179,2024-11-21,COD
9906,185,1940,2,262,524,2025-04-03,UPI
9907,1019,281,3,508,1524,2024-08-11,UPI
9908,315,128,1,572,572,2024-04-24,UPI
9909,129,769,2,342,684,2024-05-26,Card
9910,1763,841,4,317,1268,2024-09-23,UPI
9911,799,533,3,149,447,2024-06-10,Card
9912,1766,463,2,127,254,2024-12-08,COD
9913,469,802,1,315,315,2024-01-30,UPI
9914,824,1770,2,107,214,2024-01-22,UPI
9915,282,1377,4,557,2228,2024-08-18,COD
9916,806,409,4,338,1352,2024-09-20,Card
9917,740,1431,1,120,120,2024-11-12,COD
9918,656,935,1,582,582,2024-05-02,COD
9919,205,147,4,208,832,2025-04-27,Card
9920,480,71,3,186,558,2024-02-16,UPI
9921,436,1712,3,588,1764,2024-07-27,Card
9922,197,113,3,304,912,2024-03-30,UPI
9923,1717,1434,1,461,461,2024-01-30,UPI
9924,931,1024,4,448,1792,2025-04-24,UPI
9925,1581,494,3,146,438,2025-03-25,UPI
9926,1551,225,4,599,2396,2024-09-18,COD
9927,609,1341,4,105,420,2024-06-14,COD
9928,1771,421,4,570,2280,2024-01-30,COD
9929,1616,275,1,408,408,2025-04-13,Card
9930,1172,826,2,321,642,2024-12-27,UPI
9931,400,1866,4,298,1192,2024-03-29,Card
9932,994,425,1,159,159,2024-04-06,COD
9933,1047,957,2,212,424,2024-03-13,UPI
9934,1960,1363,1,326,326,2024-08-05,UPI
9935,863,500,3,225,675,2024-05-06,COD
9936,1922,816,3,293,879,2024-09-23,COD
9937,988,1943,4,206,824,2024-11-14,Card
9938,1302,1684,1,336,336,2024-11-21,COD
9939,690,836,1,125,125,2024-12-22,COD
9940,1169,926,4,301,1204,2025-01-08,UPI
9941,311,1630,1,519,519,2024-10-13,Card
9942,1501,603,4,588,2352,2024-05-29,UPI
9943,848,1818,2,583,1166,2024-05-02,UPI
9944,1342,1197,1,204,204,2024-12-21,COD
9945,6,634,1,261,261,2024-01-24,COD
9946,310,1910,3,543,1629,2024-07-16,COD
9947,1234,667,3,277,831,2024-09-22,COD
9948,1775,87,2,425,850,2024-06-15,Card
9949,1147,926,2,301,602,2025-03-10,Card
9950,541,1297,4,542,2168,2024-12-19,COD
9951,1239,1214,4,354,1416,2024-09-14,COD
9952,330,107,3,396,1188,2024-05-04,UPI
9953,735,388,2,264,528,2024-08-13,COD
9954,745,1371,2,237,474,2024-11-12,UPI
9955,363,1016,4,321,1284,2024-07-27,UPI
9956,85,708,4,554,2216,2025-05-07,COD
9957,1010,1751,2,476,952,2024-02-06,COD
9958,419,304,2,108,216,2025-03-23,COD
9959,1895,352,1,174,174,2024-09-06,COD
9960,1868,310,3,498,1494,2025-01-31,UPI
9961,585,578,3,498,1494,2025-01-18,Card
9962,1172,759,3,356,1068,2025-02-27,Card
9963,1591,1338,4,564,2256,2024-03-27,UPI
9964,1549,298,2,501,1002,2024-02-04,UPI
9965,1836,1322,2,354,708,2024-10-03,COD
9966,1434,1125,4,572,2288,2024-08-14,Card
9967,1656,964,4,485,1940,2024-04-03,UPI
9968,974,707,4,163,652,2024-06-21,Card
9969,1670,790,1,198,198,2024-11-17,COD
9970,1511,276,3,431,1293,2024-11-22,Card
9971,531,209,1,498,498,2024-07-08,UPI
9972,1512,1699,1,223,223,2024-09-29,UPI
9973,1303,1438,1,326,326,2024-03-19,COD
9974,1753,1726,2,338,676,2025-02-10,UPI
9975,563,1751,1,476,476,2024-03-13,UPI
9976,1215,1865,1,488,488,2024-12-25,Card
9977,1104,828,2,474,948,2024-07-08,Card
9978,1361,1589,2,100,200,2024-06-03,COD
9979,535,1483,1,219,219,2024-11-23,UPI
9980,1566,1565,1,191,191,2024-08-26,UPI
9981,1364,1419,2,409,818,2024-04-10,COD
9982,1785,273,3,554,1662,2024-07-08,UPI
9983,947,1568,4,376,1504,2025-01-13,COD
9984,667,1882,3,377,1131,2025-01-25,COD
9985,2000,1994,3,302,906,2024-09-21,Card
9986,1000,679,3,414,1242,2024-03-16,UPI
9987,1529,794,1,558,558,2024-11-14,Card
9988,1131,1072,2,191,382,2025-02-10,UPI
9989,1478,204,2,565,1130,2024-11-02,Card
9990,1557,636,4,558,2232,2024-02-01,COD
9991,1808,720,4,415,1660,2024-04-17,UPI
9992,1596,632,2,310,620,2024-12-30,UPI
9993,1241,1112,4,435,1740,2025-02-16,UPI
9994,896,1962,3,572,1716,2025-03-30,COD
9995,518,1400,2,543,1086,2024-05-03,UPI
9996,938,539,2,233,466,2024-06-10,UPI
9997,1500,939,4,205,820,2024-02-13,UPI
9998,76,1823,1,409,409,2024-06-19,Card
9999,1590,569,1,187,187,2024-12-05,UPI
10000,1268,263,2,242,484,2024-11-20,UPI
